pokemon_name,pokemon_url,generation,listing_name,listing_price,fmv,condition,seller,full_text
Bulbasaur,https://www.phygitals.com/pokemon/1,1,Value,$275,,,,Value$275
Bulbasaur,https://www.phygitals.com/pokemon/1,1,Market Price$63.20,$63.20,,,,Market Price$63.20
Bulbasaur,https://www.phygitals.com/pokemon/1,1,$63.20,$63.20,,,,$63.20
Bulbasaur,https://www.phygitals.com/pokemon/1,1,Market Price$44.19,$44.19,,,,Market Price$44.19
Bulbasaur,https://www.phygitals.com/pokemon/1,1,$44.19,$44.19,,,,$44.19
Bulbasaur,https://www.phygitals.com/pokemon/1,1,Market Price$36.67,$36.67,,,,Market Price$36.67
Bulbasaur,https://www.phygitals.com/pokemon/1,1,$36.67,$36.67,,,,$36.67
Bulbasaur,https://www.phygitals.com/pokemon/1,1,Market Price$27.96,$27.96,,,,Market Price$27.96
Bulbasaur,https://www.phygitals.com/pokemon/1,1,$27.96,$27.96,,,,$27.96
Bulbasaur,https://www.phygitals.com/pokemon/1,1,Market Price$22.37,$22.37,,,,Market Price$22.37
Bulbasaur,https://www.phygitals.com/pokemon/1,1,$22.37,$22.37,,,,$22.37
Bulbasaur,https://www.phygitals.com/pokemon/1,1,Market Price$18.35,$18.35,,,,Market Price$18.35
Bulbasaur,https://www.phygitals.com/pokemon/1,1,$18.35,$18.35,,,,$18.35
Bulbasaur,https://www.phygitals.com/pokemon/1,1,Market Price$12.70,$12.70,,,,Market Price$12.70
Bulbasaur,https://www.phygitals.com/pokemon/1,1,$12.70,$12.70,,,,$12.70
Bulbasaur,https://www.phygitals.com/pokemon/1,1,Market Price$11.63,$11.63,,,,Market Price$11.63
Bulbasaur,https://www.phygitals.com/pokemon/1,1,$11.63,$11.63,,,,$11.63
Bulbasaur,https://www.phygitals.com/pokemon/1,1,Market Price$6.38,$6.38,,,,Market Price$6.38
Bulbasaur,https://www.phygitals.com/pokemon/1,1,$6.38,$6.38,,,,$6.38
Bulbasaur,https://www.phygitals.com/pokemon/1,1,Market Price$5.35,$5.35,,,,Market Price$5.35
Bulbasaur,https://www.phygitals.com/pokemon/1,1,$5.35,$5.35,,,,$5.35
Bulbasaur,https://www.phygitals.com/pokemon/1,1,Market Price$4.30,$4.30,,,,Market Price$4.30
Bulbasaur,https://www.phygitals.com/pokemon/1,1,$4.30,$4.30,,,,$4.30
Bulbasaur,https://www.phygitals.com/pokemon/1,1,Market Price$3.82,$3.82,,,,Market Price$3.82
Bulbasaur,https://www.phygitals.com/pokemon/1,1,$3.82,$3.82,,,,$3.82
Bulbasaur,https://www.phygitals.com/pokemon/1,1,Market Price$2.91,$2.91,,,,Market Price$2.91
Bulbasaur,https://www.phygitals.com/pokemon/1,1,$2.91,$2.91,,,,$2.91
Bulbasaur,https://www.phygitals.com/pokemon/1,1,Market Price$2.43,$2.43,,,,Market Price$2.43
Bulbasaur,https://www.phygitals.com/pokemon/1,1,$2.43,$2.43,,,,$2.43
Bulbasaur,https://www.phygitals.com/pokemon/1,1,Market Price$2.24,$2.24,,,,Market Price$2.24
Bulbasaur,https://www.phygitals.com/pokemon/1,1,$2.24,$2.24,,,,$2.24
Bulbasaur,https://www.phygitals.com/pokemon/1,1,Market Price$1.78,$1.78,,,,Market Price$1.78
Bulbasaur,https://www.phygitals.com/pokemon/1,1,$1.78,$1.78,,,,$1.78
Bulbasaur,https://www.phygitals.com/pokemon/1,1,Market Price$1.68,$1.68,,,,Market Price$1.68
Bulbasaur,https://www.phygitals.com/pokemon/1,1,$1.68,$1.68,,,,$1.68
Bulbasaur,https://www.phygitals.com/pokemon/1,1,Market Price$1.56,$1.56,,,,Market Price$1.56
Bulbasaur,https://www.phygitals.com/pokemon/1,1,$1.56,$1.56,,,,$1.56
Bulbasaur,https://www.phygitals.com/pokemon/1,1,Market Price$1.52,$1.52,,,,Market Price$1.52
Bulbasaur,https://www.phygitals.com/pokemon/1,1,$1.52,$1.52,,,,$1.52
Bulbasaur,https://www.phygitals.com/pokemon/1,1,Market Price$1.36,$1.36,,,,Market Price$1.36
Bulbasaur,https://www.phygitals.com/pokemon/1,1,$1.36,$1.36,,,,$1.36
Bulbasaur,https://www.phygitals.com/pokemon/1,1,Market Price$0.75,$0.75,,,,Market Price$0.75
Bulbasaur,https://www.phygitals.com/pokemon/1,1,$0.75,$0.75,,,,$0.75
Bulbasaur,https://www.phygitals.com/pokemon/1,1,Market Price$0.73,$0.73,,,,Market Price$0.73
Bulbasaur,https://www.phygitals.com/pokemon/1,1,$0.73,$0.73,,,,$0.73
Bulbasaur,https://www.phygitals.com/pokemon/1,1,Market Price$0.60,$0.60,,,,Market Price$0.60
Bulbasaur,https://www.phygitals.com/pokemon/1,1,$0.60,$0.60,,,,$0.60
Bulbasaur,https://www.phygitals.com/pokemon/1,1,Market Price$0.42,$0.42,,,,Market Price$0.42
Bulbasaur,https://www.phygitals.com/pokemon/1,1,$0.42,$0.42,,,,$0.42
Bulbasaur,https://www.phygitals.com/pokemon/1,1,Market Price$0.16,$0.16,,,,Market Price$0.16
Bulbasaur,https://www.phygitals.com/pokemon/1,1,$0.16,$0.16,,,,$0.16
Bulbasaur,https://www.phygitals.com/pokemon/1,1,Market Price$0.13,$0.13,,,,Market Price$0.13
Bulbasaur,https://www.phygitals.com/pokemon/1,1,$0.13,$0.13,,,,$0.13
Bulbasaur,https://www.phygitals.com/pokemon/1,1,Market Price$0.11,$0.11,,,,Market Price$0.11
Bulbasaur,https://www.phygitals.com/pokemon/1,1,$0.11,$0.11,,,,$0.11
Ivysaur,https://www.phygitals.com/pokemon/2,1,Value,$177,,,,Value$177
Ivysaur,https://www.phygitals.com/pokemon/2,1,Market Price$30.88,$30.88,,,,Market Price$30.88
Ivysaur,https://www.phygitals.com/pokemon/2,1,$30.88,$30.88,,,,$30.88
Ivysaur,https://www.phygitals.com/pokemon/2,1,Market Price$30.09,$30.09,,,,Market Price$30.09
Ivysaur,https://www.phygitals.com/pokemon/2,1,$30.09,$30.09,,,,$30.09
Ivysaur,https://www.phygitals.com/pokemon/2,1,Market Price$26.62,$26.62,,,,Market Price$26.62
Ivysaur,https://www.phygitals.com/pokemon/2,1,$26.62,$26.62,,,,$26.62
Ivysaur,https://www.phygitals.com/pokemon/2,1,Market Price$24.02,$24.02,,,,Market Price$24.02
Ivysaur,https://www.phygitals.com/pokemon/2,1,$24.02,$24.02,,,,$24.02
Ivysaur,https://www.phygitals.com/pokemon/2,1,Market Price$14.85,$14.85,,,,Market Price$14.85
Ivysaur,https://www.phygitals.com/pokemon/2,1,$14.85,$14.85,,,,$14.85
Ivysaur,https://www.phygitals.com/pokemon/2,1,Market Price$11.83,$11.83,,,,Market Price$11.83
Ivysaur,https://www.phygitals.com/pokemon/2,1,$11.83,$11.83,,,,$11.83
Ivysaur,https://www.phygitals.com/pokemon/2,1,Market Price$9.28,$9.28,,,,Market Price$9.28
Ivysaur,https://www.phygitals.com/pokemon/2,1,$9.28,$9.28,,,,$9.28
Ivysaur,https://www.phygitals.com/pokemon/2,1,Market Price$6.07,$6.07,,,,Market Price$6.07
Ivysaur,https://www.phygitals.com/pokemon/2,1,$6.07,$6.07,,,,$6.07
Ivysaur,https://www.phygitals.com/pokemon/2,1,Market Price$4.87,$4.87,,,,Market Price$4.87
Ivysaur,https://www.phygitals.com/pokemon/2,1,$4.87,$4.87,,,,$4.87
Ivysaur,https://www.phygitals.com/pokemon/2,1,Market Price$4.49,$4.49,,,,Market Price$4.49
Ivysaur,https://www.phygitals.com/pokemon/2,1,$4.49,$4.49,,,,$4.49
Ivysaur,https://www.phygitals.com/pokemon/2,1,Market Price$3.60,$3.60,,,,Market Price$3.60
Ivysaur,https://www.phygitals.com/pokemon/2,1,$3.60,$3.60,,,,$3.60
Ivysaur,https://www.phygitals.com/pokemon/2,1,Market Price$2.60,$2.60,,,,Market Price$2.60
Ivysaur,https://www.phygitals.com/pokemon/2,1,$2.60,$2.60,,,,$2.60
Ivysaur,https://www.phygitals.com/pokemon/2,1,Market Price$2.33,$2.33,,,,Market Price$2.33
Ivysaur,https://www.phygitals.com/pokemon/2,1,$2.33,$2.33,,,,$2.33
Ivysaur,https://www.phygitals.com/pokemon/2,1,Market Price$2.19,$2.19,,,,Market Price$2.19
Ivysaur,https://www.phygitals.com/pokemon/2,1,$2.19,$2.19,,,,$2.19
Ivysaur,https://www.phygitals.com/pokemon/2,1,Market Price$1.67,$1.67,,,,Market Price$1.67
Ivysaur,https://www.phygitals.com/pokemon/2,1,$1.67,$1.67,,,,$1.67
Ivysaur,https://www.phygitals.com/pokemon/2,1,Market Price$1.15,$1.15,,,,Market Price$1.15
Ivysaur,https://www.phygitals.com/pokemon/2,1,$1.15,$1.15,,,,$1.15
Ivysaur,https://www.phygitals.com/pokemon/2,1,Market Price$0.29,$0.29,,,,Market Price$0.29
Ivysaur,https://www.phygitals.com/pokemon/2,1,$0.29,$0.29,,,,$0.29
Ivysaur,https://www.phygitals.com/pokemon/2,1,Market Price$0.24,$0.24,,,,Market Price$0.24
Ivysaur,https://www.phygitals.com/pokemon/2,1,$0.24,$0.24,,,,$0.24
Ivysaur,https://www.phygitals.com/pokemon/2,1,Market Price$0.21,$0.21,,,,Market Price$0.21
Ivysaur,https://www.phygitals.com/pokemon/2,1,$0.21,$0.21,,,,$0.21
Ivysaur,https://www.phygitals.com/pokemon/2,1,Market Price$0.15,$0.15,,,,Market Price$0.15
Ivysaur,https://www.phygitals.com/pokemon/2,1,$0.15,$0.15,,,,$0.15
Venusaur,https://www.phygitals.com/pokemon/3,1,Value,"$2,646",,,,"Value$2,646"
Venusaur,https://www.phygitals.com/pokemon/3,1,Market Price$283.50,$283.50,,,,Market Price$283.50
Venusaur,https://www.phygitals.com/pokemon/3,1,$283.50,$283.50,,,,$283.50
Venusaur,https://www.phygitals.com/pokemon/3,1,Market Price$250.00,$250.00,,,,Market Price$250.00
Venusaur,https://www.phygitals.com/pokemon/3,1,$250.00,$250.00,,,,$250.00
Venusaur,https://www.phygitals.com/pokemon/3,1,Market Price$202.13,$202.13,,,,Market Price$202.13
Venusaur,https://www.phygitals.com/pokemon/3,1,$202.13,$202.13,,,,$202.13
Venusaur,https://www.phygitals.com/pokemon/3,1,Market Price$189.72,$189.72,,,,Market Price$189.72
Venusaur,https://www.phygitals.com/pokemon/3,1,$189.72,$189.72,,,,$189.72
Venusaur,https://www.phygitals.com/pokemon/3,1,Market Price$138.19,$138.19,,,,Market Price$138.19
Venusaur,https://www.phygitals.com/pokemon/3,1,$138.19,$138.19,,,,$138.19
Venusaur,https://www.phygitals.com/pokemon/3,1,Market Price$128.97,$128.97,,,,Market Price$128.97
Venusaur,https://www.phygitals.com/pokemon/3,1,$128.97,$128.97,,,,$128.97
Venusaur,https://www.phygitals.com/pokemon/3,1,Market Price$118.77,$118.77,,,,Market Price$118.77
Venusaur,https://www.phygitals.com/pokemon/3,1,$118.77,$118.77,,,,$118.77
Venusaur,https://www.phygitals.com/pokemon/3,1,Market Price$117.13,$117.13,,,,Market Price$117.13
Venusaur,https://www.phygitals.com/pokemon/3,1,$117.13,$117.13,,,,$117.13
Venusaur,https://www.phygitals.com/pokemon/3,1,Market Price$113.01,$113.01,,,,Market Price$113.01
Venusaur,https://www.phygitals.com/pokemon/3,1,$113.01,$113.01,,,,$113.01
Venusaur,https://www.phygitals.com/pokemon/3,1,Market Price$95.49,$95.49,,,,Market Price$95.49
Venusaur,https://www.phygitals.com/pokemon/3,1,$95.49,$95.49,,,,$95.49
Venusaur,https://www.phygitals.com/pokemon/3,1,Market Price$89.99,$89.99,,,,Market Price$89.99
Venusaur,https://www.phygitals.com/pokemon/3,1,$89.99,$89.99,,,,$89.99
Venusaur,https://www.phygitals.com/pokemon/3,1,Market Price$89.06,$89.06,,,,Market Price$89.06
Venusaur,https://www.phygitals.com/pokemon/3,1,$89.06,$89.06,,,,$89.06
Venusaur,https://www.phygitals.com/pokemon/3,1,Market Price$73.90,$73.90,,,,Market Price$73.90
Venusaur,https://www.phygitals.com/pokemon/3,1,$73.90,$73.90,,,,$73.90
Venusaur,https://www.phygitals.com/pokemon/3,1,Market Price$73.77,$73.77,,,,Market Price$73.77
Venusaur,https://www.phygitals.com/pokemon/3,1,$73.77,$73.77,,,,$73.77
Venusaur,https://www.phygitals.com/pokemon/3,1,Market Price$71.57,$71.57,,,,Market Price$71.57
Venusaur,https://www.phygitals.com/pokemon/3,1,$71.57,$71.57,,,,$71.57
Venusaur,https://www.phygitals.com/pokemon/3,1,Market Price$56.46,$56.46,,,,Market Price$56.46
Venusaur,https://www.phygitals.com/pokemon/3,1,$56.46,$56.46,,,,$56.46
Venusaur,https://www.phygitals.com/pokemon/3,1,Market Price$53.71,$53.71,,,,Market Price$53.71
Venusaur,https://www.phygitals.com/pokemon/3,1,$53.71,$53.71,,,,$53.71
Venusaur,https://www.phygitals.com/pokemon/3,1,Market Price$47.14,$47.14,,,,Market Price$47.14
Venusaur,https://www.phygitals.com/pokemon/3,1,$47.14,$47.14,,,,$47.14
Venusaur,https://www.phygitals.com/pokemon/3,1,Market Price$46.46,$46.46,,,,Market Price$46.46
Venusaur,https://www.phygitals.com/pokemon/3,1,$46.46,$46.46,,,,$46.46
Venusaur,https://www.phygitals.com/pokemon/3,1,Market Price$38.25,$38.25,,,,Market Price$38.25
Venusaur,https://www.phygitals.com/pokemon/3,1,$38.25,$38.25,,,,$38.25
Venusaur,https://www.phygitals.com/pokemon/3,1,Market Price$28.29,$28.29,,,,Market Price$28.29
Venusaur,https://www.phygitals.com/pokemon/3,1,$28.29,$28.29,,,,$28.29
Venusaur,https://www.phygitals.com/pokemon/3,1,Market Price$26.47,$26.47,,,,Market Price$26.47
Venusaur,https://www.phygitals.com/pokemon/3,1,$26.47,$26.47,,,,$26.47
Venusaur,https://www.phygitals.com/pokemon/3,1,Market Price$24.36,$24.36,,,,Market Price$24.36
Venusaur,https://www.phygitals.com/pokemon/3,1,$24.36,$24.36,,,,$24.36
Venusaur,https://www.phygitals.com/pokemon/3,1,Market Price$22.08,$22.08,,,,Market Price$22.08
Venusaur,https://www.phygitals.com/pokemon/3,1,$22.08,$22.08,,,,$22.08
Venusaur,https://www.phygitals.com/pokemon/3,1,Market Price$20.89,$20.89,,,,Market Price$20.89
Venusaur,https://www.phygitals.com/pokemon/3,1,$20.89,$20.89,,,,$20.89
Venusaur,https://www.phygitals.com/pokemon/3,1,Market Price$19.68,$19.68,,,,Market Price$19.68
Venusaur,https://www.phygitals.com/pokemon/3,1,$19.68,$19.68,,,,$19.68
Venusaur,https://www.phygitals.com/pokemon/3,1,Market Price$18.89,$18.89,,,,Market Price$18.89
Venusaur,https://www.phygitals.com/pokemon/3,1,$18.89,$18.89,,,,$18.89
Venusaur,https://www.phygitals.com/pokemon/3,1,Market Price$18.86,$18.86,,,,Market Price$18.86
Venusaur,https://www.phygitals.com/pokemon/3,1,$18.86,$18.86,,,,$18.86
Venusaur,https://www.phygitals.com/pokemon/3,1,Market Price$17.38,$17.38,,,,Market Price$17.38
Venusaur,https://www.phygitals.com/pokemon/3,1,$17.38,$17.38,,,,$17.38
Venusaur,https://www.phygitals.com/pokemon/3,1,Market Price$15.47,$15.47,,,,Market Price$15.47
Venusaur,https://www.phygitals.com/pokemon/3,1,$15.47,$15.47,,,,$15.47
Venusaur,https://www.phygitals.com/pokemon/3,1,Market Price$15.15,$15.15,,,,Market Price$15.15
Venusaur,https://www.phygitals.com/pokemon/3,1,$15.15,$15.15,,,,$15.15
Venusaur,https://www.phygitals.com/pokemon/3,1,Market Price$10.63,$10.63,,,,Market Price$10.63
Venusaur,https://www.phygitals.com/pokemon/3,1,$10.63,$10.63,,,,$10.63
Venusaur,https://www.phygitals.com/pokemon/3,1,Market Price$9.44,$9.44,,,,Market Price$9.44
Venusaur,https://www.phygitals.com/pokemon/3,1,$9.44,$9.44,,,,$9.44
Venusaur,https://www.phygitals.com/pokemon/3,1,Market Price$6.90,$6.90,,,,Market Price$6.90
Venusaur,https://www.phygitals.com/pokemon/3,1,$6.90,$6.90,,,,$6.90
Venusaur,https://www.phygitals.com/pokemon/3,1,Market Price$5.98,$5.98,,,,Market Price$5.98
Venusaur,https://www.phygitals.com/pokemon/3,1,$5.98,$5.98,,,,$5.98
Venusaur,https://www.phygitals.com/pokemon/3,1,Market Price$5.63,$5.63,,,,Market Price$5.63
Venusaur,https://www.phygitals.com/pokemon/3,1,$5.63,$5.63,,,,$5.63
Venusaur,https://www.phygitals.com/pokemon/3,1,Market Price$5.25,$5.25,,,,Market Price$5.25
Venusaur,https://www.phygitals.com/pokemon/3,1,$5.25,$5.25,,,,$5.25
Venusaur,https://www.phygitals.com/pokemon/3,1,Market Price$5.16,$5.16,,,,Market Price$5.16
Venusaur,https://www.phygitals.com/pokemon/3,1,$5.16,$5.16,,,,$5.16
Venusaur,https://www.phygitals.com/pokemon/3,1,Market Price$4.51,$4.51,,,,Market Price$4.51
Venusaur,https://www.phygitals.com/pokemon/3,1,$4.51,$4.51,,,,$4.51
Venusaur,https://www.phygitals.com/pokemon/3,1,Market Price$4.04,$4.04,,,,Market Price$4.04
Venusaur,https://www.phygitals.com/pokemon/3,1,$4.04,$4.04,,,,$4.04
Venusaur,https://www.phygitals.com/pokemon/3,1,Market Price$3.68,$3.68,,,,Market Price$3.68
Venusaur,https://www.phygitals.com/pokemon/3,1,$3.68,$3.68,,,,$3.68
Venusaur,https://www.phygitals.com/pokemon/3,1,Market Price$2.08,$2.08,,,,Market Price$2.08
Venusaur,https://www.phygitals.com/pokemon/3,1,$2.08,$2.08,,,,$2.08
Venusaur,https://www.phygitals.com/pokemon/3,1,Market Price$1.03,$1.03,,,,Market Price$1.03
Venusaur,https://www.phygitals.com/pokemon/3,1,$1.03,$1.03,,,,$1.03
Venusaur,https://www.phygitals.com/pokemon/3,1,Market Price$1.02,$1.02,,,,Market Price$1.02
Venusaur,https://www.phygitals.com/pokemon/3,1,$1.02,$1.02,,,,$1.02
Venusaur,https://www.phygitals.com/pokemon/3,1,Market Price$0.86,$0.86,,,,Market Price$0.86
Venusaur,https://www.phygitals.com/pokemon/3,1,$0.86,$0.86,,,,$0.86
Venusaur,https://www.phygitals.com/pokemon/3,1,Market Price$0.79,$0.79,,,,Market Price$0.79
Venusaur,https://www.phygitals.com/pokemon/3,1,$0.79,$0.79,,,,$0.79
Venusaur,https://www.phygitals.com/pokemon/3,1,Market Price$0.72,$0.72,,,,Market Price$0.72
Venusaur,https://www.phygitals.com/pokemon/3,1,$0.72,$0.72,,,,$0.72
Charmander,https://www.phygitals.com/pokemon/4,1,Value,$529,,,,Value$529
Charmander,https://www.phygitals.com/pokemon/4,1,Market Price$165.00,$165.00,,,,Market Price$165.00
Charmander,https://www.phygitals.com/pokemon/4,1,$165.00,$165.00,,,,$165.00
Charmander,https://www.phygitals.com/pokemon/4,1,Market Price$101.41,$101.41,,,,Market Price$101.41
Charmander,https://www.phygitals.com/pokemon/4,1,$101.41,$101.41,,,,$101.41
Charmander,https://www.phygitals.com/pokemon/4,1,Market Price$53.30,$53.30,,,,Market Price$53.30
Charmander,https://www.phygitals.com/pokemon/4,1,$53.30,$53.30,,,,$53.30
Charmander,https://www.phygitals.com/pokemon/4,1,Market Price$47.26,$47.26,,,,Market Price$47.26
Charmander,https://www.phygitals.com/pokemon/4,1,$47.26,$47.26,,,,$47.26
Charmander,https://www.phygitals.com/pokemon/4,1,Market Price$31.56,$31.56,,,,Market Price$31.56
Charmander,https://www.phygitals.com/pokemon/4,1,$31.56,$31.56,,,,$31.56
Charmander,https://www.phygitals.com/pokemon/4,1,Market Price$23.82,$23.82,,,,Market Price$23.82
Charmander,https://www.phygitals.com/pokemon/4,1,$23.82,$23.82,,,,$23.82
Charmander,https://www.phygitals.com/pokemon/4,1,Market Price$22.38,$22.38,,,,Market Price$22.38
Charmander,https://www.phygitals.com/pokemon/4,1,$22.38,$22.38,,,,$22.38
Charmander,https://www.phygitals.com/pokemon/4,1,Market Price$15.46,$15.46,,,,Market Price$15.46
Charmander,https://www.phygitals.com/pokemon/4,1,$15.46,$15.46,,,,$15.46
Charmander,https://www.phygitals.com/pokemon/4,1,Market Price$13.70,$13.70,,,,Market Price$13.70
Charmander,https://www.phygitals.com/pokemon/4,1,$13.70,$13.70,,,,$13.70
Charmander,https://www.phygitals.com/pokemon/4,1,Market Price$13.00,$13.00,,,,Market Price$13.00
Charmander,https://www.phygitals.com/pokemon/4,1,$13.00,$13.00,,,,$13.00
Charmander,https://www.phygitals.com/pokemon/4,1,Market Price$9.13,$9.13,,,,Market Price$9.13
Charmander,https://www.phygitals.com/pokemon/4,1,$9.13,$9.13,,,,$9.13
Charmander,https://www.phygitals.com/pokemon/4,1,Market Price$7.27,$7.27,,,,Market Price$7.27
Charmander,https://www.phygitals.com/pokemon/4,1,$7.27,$7.27,,,,$7.27
Charmander,https://www.phygitals.com/pokemon/4,1,Market Price$2.92,$2.92,,,,Market Price$2.92
Charmander,https://www.phygitals.com/pokemon/4,1,$2.92,$2.92,,,,$2.92
Charmander,https://www.phygitals.com/pokemon/4,1,Market Price$2.27,$2.27,,,,Market Price$2.27
Charmander,https://www.phygitals.com/pokemon/4,1,$2.27,$2.27,,,,$2.27
Charmander,https://www.phygitals.com/pokemon/4,1,Market Price$2.06,$2.06,,,,Market Price$2.06
Charmander,https://www.phygitals.com/pokemon/4,1,$2.06,$2.06,,,,$2.06
Charmander,https://www.phygitals.com/pokemon/4,1,Market Price$1.84,$1.84,,,,Market Price$1.84
Charmander,https://www.phygitals.com/pokemon/4,1,$1.84,$1.84,,,,$1.84
Charmander,https://www.phygitals.com/pokemon/4,1,Market Price$1.72,$1.72,,,,Market Price$1.72
Charmander,https://www.phygitals.com/pokemon/4,1,$1.72,$1.72,,,,$1.72
Charmander,https://www.phygitals.com/pokemon/4,1,Market Price$1.45,$1.45,,,,Market Price$1.45
Charmander,https://www.phygitals.com/pokemon/4,1,$1.45,$1.45,,,,$1.45
Charmander,https://www.phygitals.com/pokemon/4,1,Market Price$1.31,$1.31,,,,Market Price$1.31
Charmander,https://www.phygitals.com/pokemon/4,1,$1.31,$1.31,,,,$1.31
Charmander,https://www.phygitals.com/pokemon/4,1,Market Price$1.22,$1.22,,,,Market Price$1.22
Charmander,https://www.phygitals.com/pokemon/4,1,$1.22,$1.22,,,,$1.22
Charmander,https://www.phygitals.com/pokemon/4,1,Market Price$1.15,$1.15,,,,Market Price$1.15
Charmander,https://www.phygitals.com/pokemon/4,1,$1.15,$1.15,,,,$1.15
Charmander,https://www.phygitals.com/pokemon/4,1,Market Price$1.12,$1.12,,,,Market Price$1.12
Charmander,https://www.phygitals.com/pokemon/4,1,$1.12,$1.12,,,,$1.12
Charmander,https://www.phygitals.com/pokemon/4,1,Market Price$1.05,$1.05,,,,Market Price$1.05
Charmander,https://www.phygitals.com/pokemon/4,1,$1.05,$1.05,,,,$1.05
Charmander,https://www.phygitals.com/pokemon/4,1,Market Price$0.94,$0.94,,,,Market Price$0.94
Charmander,https://www.phygitals.com/pokemon/4,1,$0.94,$0.94,,,,$0.94
Charmander,https://www.phygitals.com/pokemon/4,1,Market Price$0.78,$0.78,,,,Market Price$0.78
Charmander,https://www.phygitals.com/pokemon/4,1,$0.78,$0.78,,,,$0.78
Charmander,https://www.phygitals.com/pokemon/4,1,Market Price$0.67,$0.67,,,,Market Price$0.67
Charmander,https://www.phygitals.com/pokemon/4,1,$0.67,$0.67,,,,$0.67
Charmander,https://www.phygitals.com/pokemon/4,1,Market Price$0.46,$0.46,,,,Market Price$0.46
Charmander,https://www.phygitals.com/pokemon/4,1,$0.46,$0.46,,,,$0.46
Charmander,https://www.phygitals.com/pokemon/4,1,Market Price$0.36,$0.36,,,,Market Price$0.36
Charmander,https://www.phygitals.com/pokemon/4,1,$0.36,$0.36,,,,$0.36
Charmander,https://www.phygitals.com/pokemon/4,1,Market Price$0.35,$0.35,,,,Market Price$0.35
Charmander,https://www.phygitals.com/pokemon/4,1,$0.35,$0.35,,,,$0.35
Charmander,https://www.phygitals.com/pokemon/4,1,Market Price$0.23,$0.23,,,,Market Price$0.23
Charmander,https://www.phygitals.com/pokemon/4,1,$0.23,$0.23,,,,$0.23
Charmander,https://www.phygitals.com/pokemon/4,1,Market Price$0.17,$0.17,,,,Market Price$0.17
Charmander,https://www.phygitals.com/pokemon/4,1,$0.17,$0.17,,,,$0.17
Charmander,https://www.phygitals.com/pokemon/4,1,Market Price$0.16,$0.16,,,,Market Price$0.16
Charmander,https://www.phygitals.com/pokemon/4,1,$0.16,$0.16,,,,$0.16
Charmander,https://www.phygitals.com/pokemon/4,1,Market Price$0.15,$0.15,,,,Market Price$0.15
Charmander,https://www.phygitals.com/pokemon/4,1,$0.15,$0.15,,,,$0.15
Charmander,https://www.phygitals.com/pokemon/4,1,Market Price$0.14,$0.14,,,,Market Price$0.14
Charmander,https://www.phygitals.com/pokemon/4,1,$0.14,$0.14,,,,$0.14
Charmander,https://www.phygitals.com/pokemon/4,1,Market Price$0.11,$0.11,,,,Market Price$0.11
Charmander,https://www.phygitals.com/pokemon/4,1,$0.11,$0.11,,,,$0.11
Charmander,https://www.phygitals.com/pokemon/4,1,Market Price$0.10,$0.10,,,,Market Price$0.10
Charmander,https://www.phygitals.com/pokemon/4,1,$0.10,$0.10,,,,$0.10
Charmeleon,https://www.phygitals.com/pokemon/5,1,Value,$371,,,,Value$371
Charmeleon,https://www.phygitals.com/pokemon/5,1,Market Price$86.28,$86.28,,,,Market Price$86.28
Charmeleon,https://www.phygitals.com/pokemon/5,1,$86.28,$86.28,,,,$86.28
Charmeleon,https://www.phygitals.com/pokemon/5,1,Market Price$64.99,$64.99,,,,Market Price$64.99
Charmeleon,https://www.phygitals.com/pokemon/5,1,$64.99,$64.99,,,,$64.99
Charmeleon,https://www.phygitals.com/pokemon/5,1,Market Price$59.99,$59.99,,,,Market Price$59.99
Charmeleon,https://www.phygitals.com/pokemon/5,1,$59.99,$59.99,,,,$59.99
Charmeleon,https://www.phygitals.com/pokemon/5,1,Market Price$50.00,$50.00,,,,Market Price$50.00
Charmeleon,https://www.phygitals.com/pokemon/5,1,$50.00,$50.00,,,,$50.00
Charmeleon,https://www.phygitals.com/pokemon/5,1,Market Price$37.21,$37.21,,,,Market Price$37.21
Charmeleon,https://www.phygitals.com/pokemon/5,1,$37.21,$37.21,,,,$37.21
Charmeleon,https://www.phygitals.com/pokemon/5,1,Market Price$16.40,$16.40,,,,Market Price$16.40
Charmeleon,https://www.phygitals.com/pokemon/5,1,$16.40,$16.40,,,,$16.40
Charmeleon,https://www.phygitals.com/pokemon/5,1,Market Price$12.88,$12.88,,,,Market Price$12.88
Charmeleon,https://www.phygitals.com/pokemon/5,1,$12.88,$12.88,,,,$12.88
Charmeleon,https://www.phygitals.com/pokemon/5,1,Market Price$11.13,$11.13,,,,Market Price$11.13
Charmeleon,https://www.phygitals.com/pokemon/5,1,$11.13,$11.13,,,,$11.13
Charmeleon,https://www.phygitals.com/pokemon/5,1,Market Price$9.99,$9.99,,,,Market Price$9.99
Charmeleon,https://www.phygitals.com/pokemon/5,1,$9.99,$9.99,,,,$9.99
Charmeleon,https://www.phygitals.com/pokemon/5,1,Market Price$4.03,$4.03,,,,Market Price$4.03
Charmeleon,https://www.phygitals.com/pokemon/5,1,$4.03,$4.03,,,,$4.03
Charmeleon,https://www.phygitals.com/pokemon/5,1,Market Price$2.81,$2.81,,,,Market Price$2.81
Charmeleon,https://www.phygitals.com/pokemon/5,1,$2.81,$2.81,,,,$2.81
Charmeleon,https://www.phygitals.com/pokemon/5,1,Market Price$1.77,$1.77,,,,Market Price$1.77
Charmeleon,https://www.phygitals.com/pokemon/5,1,$1.77,$1.77,,,,$1.77
Charmeleon,https://www.phygitals.com/pokemon/5,1,Market Price$1.74,$1.74,,,,Market Price$1.74
Charmeleon,https://www.phygitals.com/pokemon/5,1,$1.74,$1.74,,,,$1.74
Charmeleon,https://www.phygitals.com/pokemon/5,1,Market Price$1.73,$1.73,,,,Market Price$1.73
Charmeleon,https://www.phygitals.com/pokemon/5,1,$1.73,$1.73,,,,$1.73
Charmeleon,https://www.phygitals.com/pokemon/5,1,Market Price$1.39,$1.39,,,,Market Price$1.39
Charmeleon,https://www.phygitals.com/pokemon/5,1,$1.39,$1.39,,,,$1.39
Charmeleon,https://www.phygitals.com/pokemon/5,1,Market Price$1.28,$1.28,,,,Market Price$1.28
Charmeleon,https://www.phygitals.com/pokemon/5,1,$1.28,$1.28,,,,$1.28
Charmeleon,https://www.phygitals.com/pokemon/5,1,Market Price$1.12,$1.12,,,,Market Price$1.12
Charmeleon,https://www.phygitals.com/pokemon/5,1,$1.12,$1.12,,,,$1.12
Charmeleon,https://www.phygitals.com/pokemon/5,1,Market Price$1.04,$1.04,,,,Market Price$1.04
Charmeleon,https://www.phygitals.com/pokemon/5,1,$1.04,$1.04,,,,$1.04
Charmeleon,https://www.phygitals.com/pokemon/5,1,Market Price$0.96,$0.96,,,,Market Price$0.96
Charmeleon,https://www.phygitals.com/pokemon/5,1,$0.96,$0.96,,,,$0.96
Charmeleon,https://www.phygitals.com/pokemon/5,1,Market Price$0.80,$0.80,,,,Market Price$0.80
Charmeleon,https://www.phygitals.com/pokemon/5,1,$0.80,$0.80,,,,$0.80
Charmeleon,https://www.phygitals.com/pokemon/5,1,Market Price$0.28,$0.28,,,,Market Price$0.28
Charmeleon,https://www.phygitals.com/pokemon/5,1,$0.28,$0.28,,,,$0.28
Charmeleon,https://www.phygitals.com/pokemon/5,1,Market Price$0.22,$0.22,,,,Market Price$0.22
Charmeleon,https://www.phygitals.com/pokemon/5,1,$0.22,$0.22,,,,$0.22
Charmeleon,https://www.phygitals.com/pokemon/5,1,Market Price$0.17,$0.17,,,,Market Price$0.17
Charmeleon,https://www.phygitals.com/pokemon/5,1,$0.17,$0.17,,,,$0.17
Charmeleon,https://www.phygitals.com/pokemon/5,1,Market Price$0.14,$0.14,,,,Market Price$0.14
Charmeleon,https://www.phygitals.com/pokemon/5,1,$0.14,$0.14,,,,$0.14
Charmeleon,https://www.phygitals.com/pokemon/5,1,Market Price$0.13,$0.13,,,,Market Price$0.13
Charmeleon,https://www.phygitals.com/pokemon/5,1,$0.13,$0.13,,,,$0.13
Charmeleon,https://www.phygitals.com/pokemon/5,1,Market Price$0.12,$0.12,,,,Market Price$0.12
Charmeleon,https://www.phygitals.com/pokemon/5,1,$0.12,$0.12,,,,$0.12
Charmeleon,https://www.phygitals.com/pokemon/5,1,Market Price$0.10,$0.10,,,,Market Price$0.10
Charmeleon,https://www.phygitals.com/pokemon/5,1,$0.10,$0.10,,,,$0.10
Charmeleon,https://www.phygitals.com/pokemon/5,1,Market Price$0.09,$0.09,,,,Market Price$0.09
Charmeleon,https://www.phygitals.com/pokemon/5,1,$0.09,$0.09,,,,$0.09
Charizard,https://www.phygitals.com/pokemon/6,1,Value,"$14,589",,,,"Value$14,589"
Charizard,https://www.phygitals.com/pokemon/6,1,Market Price$999.00,$999.00,,,,Market Price$999.00
Charizard,https://www.phygitals.com/pokemon/6,1,$999.00,$999.00,,,,$999.00
Charizard,https://www.phygitals.com/pokemon/6,1,Market Price$831.25,$831.25,,,,Market Price$831.25
Charizard,https://www.phygitals.com/pokemon/6,1,$831.25,$831.25,,,,$831.25
Charizard,https://www.phygitals.com/pokemon/6,1,Market Price$739.97,$739.97,,,,Market Price$739.97
Charizard,https://www.phygitals.com/pokemon/6,1,$739.97,$739.97,,,,$739.97
Charizard,https://www.phygitals.com/pokemon/6,1,Market Price$699.98,$699.98,,,,Market Price$699.98
Charizard,https://www.phygitals.com/pokemon/6,1,$699.98,$699.98,,,,$699.98
Charizard,https://www.phygitals.com/pokemon/6,1,Market Price$653.33,$653.33,,,,Market Price$653.33
Charizard,https://www.phygitals.com/pokemon/6,1,$653.33,$653.33,,,,$653.33
Charizard,https://www.phygitals.com/pokemon/6,1,Market Price$650.00,$650.00,,,,Market Price$650.00
Charizard,https://www.phygitals.com/pokemon/6,1,$650.00,$650.00,,,,$650.00
Charizard,https://www.phygitals.com/pokemon/6,1,Market Price$593.99,$593.99,,,,Market Price$593.99
Charizard,https://www.phygitals.com/pokemon/6,1,$593.99,$593.99,,,,$593.99
Charizard,https://www.phygitals.com/pokemon/6,1,Market Price$550.00,$550.00,,,,Market Price$550.00
Charizard,https://www.phygitals.com/pokemon/6,1,$550.00,$550.00,,,,$550.00
Charizard,https://www.phygitals.com/pokemon/6,1,Market Price$537.16,$537.16,,,,Market Price$537.16
Charizard,https://www.phygitals.com/pokemon/6,1,$537.16,$537.16,,,,$537.16
Charizard,https://www.phygitals.com/pokemon/6,1,Market Price$509.21,$509.21,,,,Market Price$509.21
Charizard,https://www.phygitals.com/pokemon/6,1,$509.21,$509.21,,,,$509.21
Charizard,https://www.phygitals.com/pokemon/6,1,Market Price$459.20,$459.20,,,,Market Price$459.20
Charizard,https://www.phygitals.com/pokemon/6,1,$459.20,$459.20,,,,$459.20
Charizard,https://www.phygitals.com/pokemon/6,1,Market Price$389.99,$389.99,,,,Market Price$389.99
Charizard,https://www.phygitals.com/pokemon/6,1,$389.99,$389.99,,,,$389.99
Charizard,https://www.phygitals.com/pokemon/6,1,Market Price$374.65,$374.65,,,,Market Price$374.65
Charizard,https://www.phygitals.com/pokemon/6,1,$374.65,$374.65,,,,$374.65
Charizard,https://www.phygitals.com/pokemon/6,1,Market Price$347.30,$347.30,,,,Market Price$347.30
Charizard,https://www.phygitals.com/pokemon/6,1,$347.30,$347.30,,,,$347.30
Charizard,https://www.phygitals.com/pokemon/6,1,Market Price$308.27,$308.27,,,,Market Price$308.27
Charizard,https://www.phygitals.com/pokemon/6,1,$308.27,$308.27,,,,$308.27
Charizard,https://www.phygitals.com/pokemon/6,1,Market Price$304.88,$304.88,,,,Market Price$304.88
Charizard,https://www.phygitals.com/pokemon/6,1,$304.88,$304.88,,,,$304.88
Charizard,https://www.phygitals.com/pokemon/6,1,Market Price$303.67,$303.67,,,,Market Price$303.67
Charizard,https://www.phygitals.com/pokemon/6,1,$303.67,$303.67,,,,$303.67
Charizard,https://www.phygitals.com/pokemon/6,1,Market Price$287.79,$287.79,,,,Market Price$287.79
Charizard,https://www.phygitals.com/pokemon/6,1,$287.79,$287.79,,,,$287.79
Charizard,https://www.phygitals.com/pokemon/6,1,Market Price$266.58,$266.58,,,,Market Price$266.58
Charizard,https://www.phygitals.com/pokemon/6,1,$266.58,$266.58,,,,$266.58
Charizard,https://www.phygitals.com/pokemon/6,1,Market Price$240.00,$240.00,,,,Market Price$240.00
Charizard,https://www.phygitals.com/pokemon/6,1,$240.00,$240.00,,,,$240.00
Charizard,https://www.phygitals.com/pokemon/6,1,Market Price$224.48,$224.48,,,,Market Price$224.48
Charizard,https://www.phygitals.com/pokemon/6,1,$224.48,$224.48,,,,$224.48
Charizard,https://www.phygitals.com/pokemon/6,1,Market Price$214.25,$214.25,,,,Market Price$214.25
Charizard,https://www.phygitals.com/pokemon/6,1,$214.25,$214.25,,,,$214.25
Charizard,https://www.phygitals.com/pokemon/6,1,Market Price$211.72,$211.72,,,,Market Price$211.72
Charizard,https://www.phygitals.com/pokemon/6,1,$211.72,$211.72,,,,$211.72
Charizard,https://www.phygitals.com/pokemon/6,1,Market Price$200.74,$200.74,,,,Market Price$200.74
Charizard,https://www.phygitals.com/pokemon/6,1,$200.74,$200.74,,,,$200.74
Charizard,https://www.phygitals.com/pokemon/6,1,Market Price$175.30,$175.30,,,,Market Price$175.30
Charizard,https://www.phygitals.com/pokemon/6,1,$175.30,$175.30,,,,$175.30
Charizard,https://www.phygitals.com/pokemon/6,1,Market Price$171.05,$171.05,,,,Market Price$171.05
Charizard,https://www.phygitals.com/pokemon/6,1,$171.05,$171.05,,,,$171.05
Charizard,https://www.phygitals.com/pokemon/6,1,Market Price$166.62,$166.62,,,,Market Price$166.62
Charizard,https://www.phygitals.com/pokemon/6,1,$166.62,$166.62,,,,$166.62
Charizard,https://www.phygitals.com/pokemon/6,1,Market Price$162.36,$162.36,,,,Market Price$162.36
Charizard,https://www.phygitals.com/pokemon/6,1,$162.36,$162.36,,,,$162.36
Charizard,https://www.phygitals.com/pokemon/6,1,Market Price$154.89,$154.89,,,,Market Price$154.89
Charizard,https://www.phygitals.com/pokemon/6,1,$154.89,$154.89,,,,$154.89
Charizard,https://www.phygitals.com/pokemon/6,1,Market Price$146.11,$146.11,,,,Market Price$146.11
Charizard,https://www.phygitals.com/pokemon/6,1,$146.11,$146.11,,,,$146.11
Charizard,https://www.phygitals.com/pokemon/6,1,Market Price$143.55,$143.55,,,,Market Price$143.55
Charizard,https://www.phygitals.com/pokemon/6,1,$143.55,$143.55,,,,$143.55
Charizard,https://www.phygitals.com/pokemon/6,1,Market Price$142.39,$142.39,,,,Market Price$142.39
Charizard,https://www.phygitals.com/pokemon/6,1,$142.39,$142.39,,,,$142.39
Charizard,https://www.phygitals.com/pokemon/6,1,Market Price$137.52,$137.52,,,,Market Price$137.52
Charizard,https://www.phygitals.com/pokemon/6,1,$137.52,$137.52,,,,$137.52
Charizard,https://www.phygitals.com/pokemon/6,1,Market Price$129.80,$129.80,,,,Market Price$129.80
Charizard,https://www.phygitals.com/pokemon/6,1,$129.80,$129.80,,,,$129.80
Charizard,https://www.phygitals.com/pokemon/6,1,Market Price$126.80,$126.80,,,,Market Price$126.80
Charizard,https://www.phygitals.com/pokemon/6,1,$126.80,$126.80,,,,$126.80
Charizard,https://www.phygitals.com/pokemon/6,1,Market Price$111.26,$111.26,,,,Market Price$111.26
Charizard,https://www.phygitals.com/pokemon/6,1,$111.26,$111.26,,,,$111.26
Charizard,https://www.phygitals.com/pokemon/6,1,Market Price$98.20,$98.20,,,,Market Price$98.20
Charizard,https://www.phygitals.com/pokemon/6,1,$98.20,$98.20,,,,$98.20
Charizard,https://www.phygitals.com/pokemon/6,1,Market Price$97.99,$97.99,,,,Market Price$97.99
Charizard,https://www.phygitals.com/pokemon/6,1,$97.99,$97.99,,,,$97.99
Charizard,https://www.phygitals.com/pokemon/6,1,Market Price$95.78,$95.78,,,,Market Price$95.78
Charizard,https://www.phygitals.com/pokemon/6,1,$95.78,$95.78,,,,$95.78
Charizard,https://www.phygitals.com/pokemon/6,1,Market Price$89.70,$89.70,,,,Market Price$89.70
Charizard,https://www.phygitals.com/pokemon/6,1,$89.70,$89.70,,,,$89.70
Charizard,https://www.phygitals.com/pokemon/6,1,Market Price$89.50,$89.50,,,,Market Price$89.50
Charizard,https://www.phygitals.com/pokemon/6,1,$89.50,$89.50,,,,$89.50
Charizard,https://www.phygitals.com/pokemon/6,1,Market Price$88.87,$88.87,,,,Market Price$88.87
Charizard,https://www.phygitals.com/pokemon/6,1,$88.87,$88.87,,,,$88.87
Charizard,https://www.phygitals.com/pokemon/6,1,Market Price$81.09,$81.09,,,,Market Price$81.09
Charizard,https://www.phygitals.com/pokemon/6,1,$81.09,$81.09,,,,$81.09
Charizard,https://www.phygitals.com/pokemon/6,1,Market Price$70.78,$70.78,,,,Market Price$70.78
Charizard,https://www.phygitals.com/pokemon/6,1,$70.78,$70.78,,,,$70.78
Charizard,https://www.phygitals.com/pokemon/6,1,Market Price$66.63,$66.63,,,,Market Price$66.63
Charizard,https://www.phygitals.com/pokemon/6,1,$66.63,$66.63,,,,$66.63
Charizard,https://www.phygitals.com/pokemon/6,1,Market Price$65.51,$65.51,,,,Market Price$65.51
Charizard,https://www.phygitals.com/pokemon/6,1,$65.51,$65.51,,,,$65.51
Charizard,https://www.phygitals.com/pokemon/6,1,Market Price$61.56,$61.56,,,,Market Price$61.56
Charizard,https://www.phygitals.com/pokemon/6,1,$61.56,$61.56,,,,$61.56
Charizard,https://www.phygitals.com/pokemon/6,1,Market Price$61.33,$61.33,,,,Market Price$61.33
Charizard,https://www.phygitals.com/pokemon/6,1,$61.33,$61.33,,,,$61.33
Charizard,https://www.phygitals.com/pokemon/6,1,Market Price$57.44,$57.44,,,,Market Price$57.44
Charizard,https://www.phygitals.com/pokemon/6,1,$57.44,$57.44,,,,$57.44
Charizard,https://www.phygitals.com/pokemon/6,1,Market Price$48.95,$48.95,,,,Market Price$48.95
Charizard,https://www.phygitals.com/pokemon/6,1,$48.95,$48.95,,,,$48.95
Charizard,https://www.phygitals.com/pokemon/6,1,Market Price$48.22,$48.22,,,,Market Price$48.22
Charizard,https://www.phygitals.com/pokemon/6,1,$48.22,$48.22,,,,$48.22
Charizard,https://www.phygitals.com/pokemon/6,1,Market Price$42.34,$42.34,,,,Market Price$42.34
Charizard,https://www.phygitals.com/pokemon/6,1,$42.34,$42.34,,,,$42.34
Charizard,https://www.phygitals.com/pokemon/6,1,Market Price$41.58,$41.58,,,,Market Price$41.58
Charizard,https://www.phygitals.com/pokemon/6,1,$41.58,$41.58,,,,$41.58
Charizard,https://www.phygitals.com/pokemon/6,1,Market Price$40.81,$40.81,,,,Market Price$40.81
Charizard,https://www.phygitals.com/pokemon/6,1,$40.81,$40.81,,,,$40.81
Charizard,https://www.phygitals.com/pokemon/6,1,Market Price$39.71,$39.71,,,,Market Price$39.71
Charizard,https://www.phygitals.com/pokemon/6,1,$39.71,$39.71,,,,$39.71
Charizard,https://www.phygitals.com/pokemon/6,1,Market Price$37.06,$37.06,,,,Market Price$37.06
Charizard,https://www.phygitals.com/pokemon/6,1,$37.06,$37.06,,,,$37.06
Charizard,https://www.phygitals.com/pokemon/6,1,Market Price$36.21,$36.21,,,,Market Price$36.21
Charizard,https://www.phygitals.com/pokemon/6,1,$36.21,$36.21,,,,$36.21
Charizard,https://www.phygitals.com/pokemon/6,1,Market Price$35.61,$35.61,,,,Market Price$35.61
Charizard,https://www.phygitals.com/pokemon/6,1,$35.61,$35.61,,,,$35.61
Charizard,https://www.phygitals.com/pokemon/6,1,Market Price$34.78,$34.78,,,,Market Price$34.78
Charizard,https://www.phygitals.com/pokemon/6,1,$34.78,$34.78,,,,$34.78
Charizard,https://www.phygitals.com/pokemon/6,1,Market Price$34.11,$34.11,,,,Market Price$34.11
Charizard,https://www.phygitals.com/pokemon/6,1,$34.11,$34.11,,,,$34.11
Charizard,https://www.phygitals.com/pokemon/6,1,Market Price$32.45,$32.45,,,,Market Price$32.45
Charizard,https://www.phygitals.com/pokemon/6,1,$32.45,$32.45,,,,$32.45
Charizard,https://www.phygitals.com/pokemon/6,1,Market Price$32.13,$32.13,,,,Market Price$32.13
Charizard,https://www.phygitals.com/pokemon/6,1,$32.13,$32.13,,,,$32.13
Charizard,https://www.phygitals.com/pokemon/6,1,Market Price$32.05,$32.05,,,,Market Price$32.05
Charizard,https://www.phygitals.com/pokemon/6,1,$32.05,$32.05,,,,$32.05
Charizard,https://www.phygitals.com/pokemon/6,1,Market Price$30.57,$30.57,,,,Market Price$30.57
Charizard,https://www.phygitals.com/pokemon/6,1,$30.57,$30.57,,,,$30.57
Charizard,https://www.phygitals.com/pokemon/6,1,Market Price$28.21,$28.21,,,,Market Price$28.21
Charizard,https://www.phygitals.com/pokemon/6,1,$28.21,$28.21,,,,$28.21
Charizard,https://www.phygitals.com/pokemon/6,1,Market Price$22.51,$22.51,,,,Market Price$22.51
Charizard,https://www.phygitals.com/pokemon/6,1,$22.51,$22.51,,,,$22.51
Charizard,https://www.phygitals.com/pokemon/6,1,Market Price$21.95,$21.95,,,,Market Price$21.95
Charizard,https://www.phygitals.com/pokemon/6,1,$21.95,$21.95,,,,$21.95
Charizard,https://www.phygitals.com/pokemon/6,1,Market Price$20.96,$20.96,,,,Market Price$20.96
Charizard,https://www.phygitals.com/pokemon/6,1,$20.96,$20.96,,,,$20.96
Charizard,https://www.phygitals.com/pokemon/6,1,Market Price$18.68,$18.68,,,,Market Price$18.68
Charizard,https://www.phygitals.com/pokemon/6,1,$18.68,$18.68,,,,$18.68
Charizard,https://www.phygitals.com/pokemon/6,1,Market Price$18.03,$18.03,,,,Market Price$18.03
Charizard,https://www.phygitals.com/pokemon/6,1,$18.03,$18.03,,,,$18.03
Charizard,https://www.phygitals.com/pokemon/6,1,Market Price$17.13,$17.13,,,,Market Price$17.13
Charizard,https://www.phygitals.com/pokemon/6,1,$17.13,$17.13,,,,$17.13
Charizard,https://www.phygitals.com/pokemon/6,1,Market Price$13.84,$13.84,,,,Market Price$13.84
Charizard,https://www.phygitals.com/pokemon/6,1,$13.84,$13.84,,,,$13.84
Charizard,https://www.phygitals.com/pokemon/6,1,Market Price$12.88,$12.88,,,,Market Price$12.88
Charizard,https://www.phygitals.com/pokemon/6,1,$12.88,$12.88,,,,$12.88
Charizard,https://www.phygitals.com/pokemon/6,1,Market Price$12.86,$12.86,,,,Market Price$12.86
Charizard,https://www.phygitals.com/pokemon/6,1,$12.86,$12.86,,,,$12.86
Charizard,https://www.phygitals.com/pokemon/6,1,Market Price$12.12,$12.12,,,,Market Price$12.12
Charizard,https://www.phygitals.com/pokemon/6,1,$12.12,$12.12,,,,$12.12
Charizard,https://www.phygitals.com/pokemon/6,1,Market Price$10.16,$10.16,,,,Market Price$10.16
Charizard,https://www.phygitals.com/pokemon/6,1,$10.16,$10.16,,,,$10.16
Charizard,https://www.phygitals.com/pokemon/6,1,Market Price$9.90,$9.90,,,,Market Price$9.90
Charizard,https://www.phygitals.com/pokemon/6,1,$9.90,$9.90,,,,$9.90
Charizard,https://www.phygitals.com/pokemon/6,1,Market Price$9.62,$9.62,,,,Market Price$9.62
Charizard,https://www.phygitals.com/pokemon/6,1,$9.62,$9.62,,,,$9.62
Charizard,https://www.phygitals.com/pokemon/6,1,Market Price$9.56,$9.56,,,,Market Price$9.56
Charizard,https://www.phygitals.com/pokemon/6,1,$9.56,$9.56,,,,$9.56
Charizard,https://www.phygitals.com/pokemon/6,1,Market Price$9.50,$9.50,,,,Market Price$9.50
Charizard,https://www.phygitals.com/pokemon/6,1,$9.50,$9.50,,,,$9.50
Charizard,https://www.phygitals.com/pokemon/6,1,Market Price$9.49,$9.49,,,,Market Price$9.49
Charizard,https://www.phygitals.com/pokemon/6,1,$9.49,$9.49,,,,$9.49
Charizard,https://www.phygitals.com/pokemon/6,1,Market Price$8.70,$8.70,,,,Market Price$8.70
Charizard,https://www.phygitals.com/pokemon/6,1,$8.70,$8.70,,,,$8.70
Charizard,https://www.phygitals.com/pokemon/6,1,Market Price$8.67,$8.67,,,,Market Price$8.67
Charizard,https://www.phygitals.com/pokemon/6,1,$8.67,$8.67,,,,$8.67
Charizard,https://www.phygitals.com/pokemon/6,1,Market Price$6.86,$6.86,,,,Market Price$6.86
Charizard,https://www.phygitals.com/pokemon/6,1,$6.86,$6.86,,,,$6.86
Charizard,https://www.phygitals.com/pokemon/6,1,Market Price$6.83,$6.83,,,,Market Price$6.83
Charizard,https://www.phygitals.com/pokemon/6,1,$6.83,$6.83,,,,$6.83
Charizard,https://www.phygitals.com/pokemon/6,1,Market Price$6.67,$6.67,,,,Market Price$6.67
Charizard,https://www.phygitals.com/pokemon/6,1,$6.67,$6.67,,,,$6.67
Charizard,https://www.phygitals.com/pokemon/6,1,Market Price$5.87,$5.87,,,,Market Price$5.87
Charizard,https://www.phygitals.com/pokemon/6,1,$5.87,$5.87,,,,$5.87
Charizard,https://www.phygitals.com/pokemon/6,1,Market Price$5.23,$5.23,,,,Market Price$5.23
Charizard,https://www.phygitals.com/pokemon/6,1,$5.23,$5.23,,,,$5.23
Charizard,https://www.phygitals.com/pokemon/6,1,Market Price$4.57,$4.57,,,,Market Price$4.57
Charizard,https://www.phygitals.com/pokemon/6,1,$4.57,$4.57,,,,$4.57
Charizard,https://www.phygitals.com/pokemon/6,1,Market Price$4.14,$4.14,,,,Market Price$4.14
Charizard,https://www.phygitals.com/pokemon/6,1,$4.14,$4.14,,,,$4.14
Charizard,https://www.phygitals.com/pokemon/6,1,Market Price$4.10,$4.10,,,,Market Price$4.10
Charizard,https://www.phygitals.com/pokemon/6,1,$4.10,$4.10,,,,$4.10
Charizard,https://www.phygitals.com/pokemon/6,1,Market Price$3.68,$3.68,,,,Market Price$3.68
Charizard,https://www.phygitals.com/pokemon/6,1,$3.68,$3.68,,,,$3.68
Charizard,https://www.phygitals.com/pokemon/6,1,Market Price$3.30,$3.30,,,,Market Price$3.30
Charizard,https://www.phygitals.com/pokemon/6,1,$3.30,$3.30,,,,$3.30
Charizard,https://www.phygitals.com/pokemon/6,1,Market Price$3.04,$3.04,,,,Market Price$3.04
Charizard,https://www.phygitals.com/pokemon/6,1,$3.04,$3.04,,,,$3.04
Charizard,https://www.phygitals.com/pokemon/6,1,Market Price$1.78,$1.78,,,,Market Price$1.78
Charizard,https://www.phygitals.com/pokemon/6,1,$1.78,$1.78,,,,$1.78
Charizard,https://www.phygitals.com/pokemon/6,1,Market Price$1.77,$1.77,,,,Market Price$1.77
Charizard,https://www.phygitals.com/pokemon/6,1,$1.77,$1.77,,,,$1.77
Squirtle,https://www.phygitals.com/pokemon/7,1,Value,$277,,,,Value$277
Squirtle,https://www.phygitals.com/pokemon/7,1,Market Price$83.27,$83.27,,,,Market Price$83.27
Squirtle,https://www.phygitals.com/pokemon/7,1,$83.27,$83.27,,,,$83.27
Squirtle,https://www.phygitals.com/pokemon/7,1,Market Price$50.69,$50.69,,,,Market Price$50.69
Squirtle,https://www.phygitals.com/pokemon/7,1,$50.69,$50.69,,,,$50.69
Squirtle,https://www.phygitals.com/pokemon/7,1,Market Price$25.63,$25.63,,,,Market Price$25.63
Squirtle,https://www.phygitals.com/pokemon/7,1,$25.63,$25.63,,,,$25.63
Squirtle,https://www.phygitals.com/pokemon/7,1,Market Price$23.78,$23.78,,,,Market Price$23.78
Squirtle,https://www.phygitals.com/pokemon/7,1,$23.78,$23.78,,,,$23.78
Squirtle,https://www.phygitals.com/pokemon/7,1,Market Price$21.43,$21.43,,,,Market Price$21.43
Squirtle,https://www.phygitals.com/pokemon/7,1,$21.43,$21.43,,,,$21.43
Squirtle,https://www.phygitals.com/pokemon/7,1,Market Price$20.82,$20.82,,,,Market Price$20.82
Squirtle,https://www.phygitals.com/pokemon/7,1,$20.82,$20.82,,,,$20.82
Squirtle,https://www.phygitals.com/pokemon/7,1,Market Price$12.23,$12.23,,,,Market Price$12.23
Squirtle,https://www.phygitals.com/pokemon/7,1,$12.23,$12.23,,,,$12.23
Squirtle,https://www.phygitals.com/pokemon/7,1,Market Price$9.63,$9.63,,,,Market Price$9.63
Squirtle,https://www.phygitals.com/pokemon/7,1,$9.63,$9.63,,,,$9.63
Squirtle,https://www.phygitals.com/pokemon/7,1,Market Price$3.81,$3.81,,,,Market Price$3.81
Squirtle,https://www.phygitals.com/pokemon/7,1,$3.81,$3.81,,,,$3.81
Squirtle,https://www.phygitals.com/pokemon/7,1,Market Price$3.48,$3.48,,,,Market Price$3.48
Squirtle,https://www.phygitals.com/pokemon/7,1,$3.48,$3.48,,,,$3.48
Squirtle,https://www.phygitals.com/pokemon/7,1,Market Price$2.84,$2.84,,,,Market Price$2.84
Squirtle,https://www.phygitals.com/pokemon/7,1,$2.84,$2.84,,,,$2.84
Squirtle,https://www.phygitals.com/pokemon/7,1,Market Price$2.41,$2.41,,,,Market Price$2.41
Squirtle,https://www.phygitals.com/pokemon/7,1,$2.41,$2.41,,,,$2.41
Squirtle,https://www.phygitals.com/pokemon/7,1,Market Price$2.10,$2.10,,,,Market Price$2.10
Squirtle,https://www.phygitals.com/pokemon/7,1,$2.10,$2.10,,,,$2.10
Squirtle,https://www.phygitals.com/pokemon/7,1,Market Price$1.78,$1.78,,,,Market Price$1.78
Squirtle,https://www.phygitals.com/pokemon/7,1,$1.78,$1.78,,,,$1.78
Squirtle,https://www.phygitals.com/pokemon/7,1,Market Price$1.65,$1.65,,,,Market Price$1.65
Squirtle,https://www.phygitals.com/pokemon/7,1,$1.65,$1.65,,,,$1.65
Squirtle,https://www.phygitals.com/pokemon/7,1,Market Price$1.64,$1.64,,,,Market Price$1.64
Squirtle,https://www.phygitals.com/pokemon/7,1,$1.64,$1.64,,,,$1.64
Squirtle,https://www.phygitals.com/pokemon/7,1,Market Price$1.63,$1.63,,,,Market Price$1.63
Squirtle,https://www.phygitals.com/pokemon/7,1,$1.63,$1.63,,,,$1.63
Squirtle,https://www.phygitals.com/pokemon/7,1,Market Price$1.62,$1.62,,,,Market Price$1.62
Squirtle,https://www.phygitals.com/pokemon/7,1,$1.62,$1.62,,,,$1.62
Squirtle,https://www.phygitals.com/pokemon/7,1,Market Price$1.24,$1.24,,,,Market Price$1.24
Squirtle,https://www.phygitals.com/pokemon/7,1,$1.24,$1.24,,,,$1.24
Squirtle,https://www.phygitals.com/pokemon/7,1,Market Price$1.13,$1.13,,,,Market Price$1.13
Squirtle,https://www.phygitals.com/pokemon/7,1,$1.13,$1.13,,,,$1.13
Squirtle,https://www.phygitals.com/pokemon/7,1,Market Price$1.09,$1.09,,,,Market Price$1.09
Squirtle,https://www.phygitals.com/pokemon/7,1,$1.09,$1.09,,,,$1.09
Squirtle,https://www.phygitals.com/pokemon/7,1,Market Price$0.86,$0.86,,,,Market Price$0.86
Squirtle,https://www.phygitals.com/pokemon/7,1,$0.86,$0.86,,,,$0.86
Squirtle,https://www.phygitals.com/pokemon/7,1,Market Price$0.84,$0.84,,,,Market Price$0.84
Squirtle,https://www.phygitals.com/pokemon/7,1,$0.84,$0.84,,,,$0.84
Squirtle,https://www.phygitals.com/pokemon/7,1,Market Price$0.62,$0.62,,,,Market Price$0.62
Squirtle,https://www.phygitals.com/pokemon/7,1,$0.62,$0.62,,,,$0.62
Squirtle,https://www.phygitals.com/pokemon/7,1,Market Price$0.49,$0.49,,,,Market Price$0.49
Squirtle,https://www.phygitals.com/pokemon/7,1,$0.49,$0.49,,,,$0.49
Squirtle,https://www.phygitals.com/pokemon/7,1,Market Price$0.18,$0.18,,,,Market Price$0.18
Squirtle,https://www.phygitals.com/pokemon/7,1,$0.18,$0.18,,,,$0.18
Squirtle,https://www.phygitals.com/pokemon/7,1,Market Price$0.13,$0.13,,,,Market Price$0.13
Squirtle,https://www.phygitals.com/pokemon/7,1,$0.13,$0.13,,,,$0.13
Wartortle,https://www.phygitals.com/pokemon/8,1,Value,$100,,,,Value$100
Wartortle,https://www.phygitals.com/pokemon/8,1,Market Price$36.24,$36.24,,,,Market Price$36.24
Wartortle,https://www.phygitals.com/pokemon/8,1,$36.24,$36.24,,,,$36.24
Wartortle,https://www.phygitals.com/pokemon/8,1,Market Price$31.41,$31.41,,,,Market Price$31.41
Wartortle,https://www.phygitals.com/pokemon/8,1,$31.41,$31.41,,,,$31.41
Wartortle,https://www.phygitals.com/pokemon/8,1,Market Price$11.37,$11.37,,,,Market Price$11.37
Wartortle,https://www.phygitals.com/pokemon/8,1,$11.37,$11.37,,,,$11.37
Wartortle,https://www.phygitals.com/pokemon/8,1,Market Price$3.46,$3.46,,,,Market Price$3.46
Wartortle,https://www.phygitals.com/pokemon/8,1,$3.46,$3.46,,,,$3.46
Wartortle,https://www.phygitals.com/pokemon/8,1,Market Price$2.47,$2.47,,,,Market Price$2.47
Wartortle,https://www.phygitals.com/pokemon/8,1,$2.47,$2.47,,,,$2.47
Wartortle,https://www.phygitals.com/pokemon/8,1,Market Price$2.34,$2.34,,,,Market Price$2.34
Wartortle,https://www.phygitals.com/pokemon/8,1,$2.34,$2.34,,,,$2.34
Wartortle,https://www.phygitals.com/pokemon/8,1,Market Price$2.10,$2.10,,,,Market Price$2.10
Wartortle,https://www.phygitals.com/pokemon/8,1,$2.10,$2.10,,,,$2.10
Wartortle,https://www.phygitals.com/pokemon/8,1,Market Price$1.77,$1.77,,,,Market Price$1.77
Wartortle,https://www.phygitals.com/pokemon/8,1,$1.77,$1.77,,,,$1.77
Wartortle,https://www.phygitals.com/pokemon/8,1,Market Price$1.74,$1.74,,,,Market Price$1.74
Wartortle,https://www.phygitals.com/pokemon/8,1,$1.74,$1.74,,,,$1.74
Wartortle,https://www.phygitals.com/pokemon/8,1,Market Price$1.73,$1.73,,,,Market Price$1.73
Wartortle,https://www.phygitals.com/pokemon/8,1,$1.73,$1.73,,,,$1.73
Wartortle,https://www.phygitals.com/pokemon/8,1,Market Price$1.54,$1.54,,,,Market Price$1.54
Wartortle,https://www.phygitals.com/pokemon/8,1,$1.54,$1.54,,,,$1.54
Wartortle,https://www.phygitals.com/pokemon/8,1,Market Price$1.26,$1.26,,,,Market Price$1.26
Wartortle,https://www.phygitals.com/pokemon/8,1,$1.26,$1.26,,,,$1.26
Wartortle,https://www.phygitals.com/pokemon/8,1,Market Price$1.08,$1.08,,,,Market Price$1.08
Wartortle,https://www.phygitals.com/pokemon/8,1,$1.08,$1.08,,,,$1.08
Wartortle,https://www.phygitals.com/pokemon/8,1,Market Price$0.54,$0.54,,,,Market Price$0.54
Wartortle,https://www.phygitals.com/pokemon/8,1,$0.54,$0.54,,,,$0.54
Wartortle,https://www.phygitals.com/pokemon/8,1,Market Price$0.51,$0.51,,,,Market Price$0.51
Wartortle,https://www.phygitals.com/pokemon/8,1,$0.51,$0.51,,,,$0.51
Wartortle,https://www.phygitals.com/pokemon/8,1,Market Price$0.47,$0.47,,,,Market Price$0.47
Wartortle,https://www.phygitals.com/pokemon/8,1,$0.47,$0.47,,,,$0.47
Wartortle,https://www.phygitals.com/pokemon/8,1,Market Price$0.18,$0.18,,,,Market Price$0.18
Wartortle,https://www.phygitals.com/pokemon/8,1,$0.18,$0.18,,,,$0.18
Wartortle,https://www.phygitals.com/pokemon/8,1,Market Price$0.16,$0.16,,,,Market Price$0.16
Wartortle,https://www.phygitals.com/pokemon/8,1,$0.16,$0.16,,,,$0.16
Blastoise,https://www.phygitals.com/pokemon/9,1,Value,"$3,341",,,,"Value$3,341"
Blastoise,https://www.phygitals.com/pokemon/9,1,Market Price$410.00,$410.00,,,,Market Price$410.00
Blastoise,https://www.phygitals.com/pokemon/9,1,$410.00,$410.00,,,,$410.00
Blastoise,https://www.phygitals.com/pokemon/9,1,Market Price$357.13,$357.13,,,,Market Price$357.13
Blastoise,https://www.phygitals.com/pokemon/9,1,$357.13,$357.13,,,,$357.13
Blastoise,https://www.phygitals.com/pokemon/9,1,Market Price$355.09,$355.09,,,,Market Price$355.09
Blastoise,https://www.phygitals.com/pokemon/9,1,$355.09,$355.09,,,,$355.09
Blastoise,https://www.phygitals.com/pokemon/9,1,Market Price$300.78,$300.78,,,,Market Price$300.78
Blastoise,https://www.phygitals.com/pokemon/9,1,$300.78,$300.78,,,,$300.78
Blastoise,https://www.phygitals.com/pokemon/9,1,Market Price$199.65,$199.65,,,,Market Price$199.65
Blastoise,https://www.phygitals.com/pokemon/9,1,$199.65,$199.65,,,,$199.65
Blastoise,https://www.phygitals.com/pokemon/9,1,Market Price$181.03,$181.03,,,,Market Price$181.03
Blastoise,https://www.phygitals.com/pokemon/9,1,$181.03,$181.03,,,,$181.03
Blastoise,https://www.phygitals.com/pokemon/9,1,Market Price$160.38,$160.38,,,,Market Price$160.38
Blastoise,https://www.phygitals.com/pokemon/9,1,$160.38,$160.38,,,,$160.38
Blastoise,https://www.phygitals.com/pokemon/9,1,Market Price$129.67,$129.67,,,,Market Price$129.67
Blastoise,https://www.phygitals.com/pokemon/9,1,$129.67,$129.67,,,,$129.67
Blastoise,https://www.phygitals.com/pokemon/9,1,Market Price$107.85,$107.85,,,,Market Price$107.85
Blastoise,https://www.phygitals.com/pokemon/9,1,$107.85,$107.85,,,,$107.85
Blastoise,https://www.phygitals.com/pokemon/9,1,Market Price$98.99,$98.99,,,,Market Price$98.99
Blastoise,https://www.phygitals.com/pokemon/9,1,$98.99,$98.99,,,,$98.99
Blastoise,https://www.phygitals.com/pokemon/9,1,Market Price$97.85,$97.85,,,,Market Price$97.85
Blastoise,https://www.phygitals.com/pokemon/9,1,$97.85,$97.85,,,,$97.85
Blastoise,https://www.phygitals.com/pokemon/9,1,Market Price$95.77,$95.77,,,,Market Price$95.77
Blastoise,https://www.phygitals.com/pokemon/9,1,$95.77,$95.77,,,,$95.77
Blastoise,https://www.phygitals.com/pokemon/9,1,Market Price$84.51,$84.51,,,,Market Price$84.51
Blastoise,https://www.phygitals.com/pokemon/9,1,$84.51,$84.51,,,,$84.51
Blastoise,https://www.phygitals.com/pokemon/9,1,Market Price$80.40,$80.40,,,,Market Price$80.40
Blastoise,https://www.phygitals.com/pokemon/9,1,$80.40,$80.40,,,,$80.40
Blastoise,https://www.phygitals.com/pokemon/9,1,Market Price$79.05,$79.05,,,,Market Price$79.05
Blastoise,https://www.phygitals.com/pokemon/9,1,$79.05,$79.05,,,,$79.05
Blastoise,https://www.phygitals.com/pokemon/9,1,Market Price$76.37,$76.37,,,,Market Price$76.37
Blastoise,https://www.phygitals.com/pokemon/9,1,$76.37,$76.37,,,,$76.37
Blastoise,https://www.phygitals.com/pokemon/9,1,Market Price$72.55,$72.55,,,,Market Price$72.55
Blastoise,https://www.phygitals.com/pokemon/9,1,$72.55,$72.55,,,,$72.55
Blastoise,https://www.phygitals.com/pokemon/9,1,Market Price$65.14,$65.14,,,,Market Price$65.14
Blastoise,https://www.phygitals.com/pokemon/9,1,$65.14,$65.14,,,,$65.14
Blastoise,https://www.phygitals.com/pokemon/9,1,Market Price$50.50,$50.50,,,,Market Price$50.50
Blastoise,https://www.phygitals.com/pokemon/9,1,$50.50,$50.50,,,,$50.50
Blastoise,https://www.phygitals.com/pokemon/9,1,Market Price$37.73,$37.73,,,,Market Price$37.73
Blastoise,https://www.phygitals.com/pokemon/9,1,$37.73,$37.73,,,,$37.73
Blastoise,https://www.phygitals.com/pokemon/9,1,Market Price$34.64,$34.64,,,,Market Price$34.64
Blastoise,https://www.phygitals.com/pokemon/9,1,$34.64,$34.64,,,,$34.64
Blastoise,https://www.phygitals.com/pokemon/9,1,Market Price$33.76,$33.76,,,,Market Price$33.76
Blastoise,https://www.phygitals.com/pokemon/9,1,$33.76,$33.76,,,,$33.76
Blastoise,https://www.phygitals.com/pokemon/9,1,Market Price$29.68,$29.68,,,,Market Price$29.68
Blastoise,https://www.phygitals.com/pokemon/9,1,$29.68,$29.68,,,,$29.68
Blastoise,https://www.phygitals.com/pokemon/9,1,Market Price$28.68,$28.68,,,,Market Price$28.68
Blastoise,https://www.phygitals.com/pokemon/9,1,$28.68,$28.68,,,,$28.68
Blastoise,https://www.phygitals.com/pokemon/9,1,Market Price$26.07,$26.07,,,,Market Price$26.07
Blastoise,https://www.phygitals.com/pokemon/9,1,$26.07,$26.07,,,,$26.07
Blastoise,https://www.phygitals.com/pokemon/9,1,Market Price$21.51,$21.51,,,,Market Price$21.51
Blastoise,https://www.phygitals.com/pokemon/9,1,$21.51,$21.51,,,,$21.51
Blastoise,https://www.phygitals.com/pokemon/9,1,Market Price$15.31,$15.31,,,,Market Price$15.31
Blastoise,https://www.phygitals.com/pokemon/9,1,$15.31,$15.31,,,,$15.31
Blastoise,https://www.phygitals.com/pokemon/9,1,Market Price$15.29,$15.29,,,,Market Price$15.29
Blastoise,https://www.phygitals.com/pokemon/9,1,$15.29,$15.29,,,,$15.29
Blastoise,https://www.phygitals.com/pokemon/9,1,Market Price$11.49,$11.49,,,,Market Price$11.49
Blastoise,https://www.phygitals.com/pokemon/9,1,$11.49,$11.49,,,,$11.49
Blastoise,https://www.phygitals.com/pokemon/9,1,Market Price$9.10,$9.10,,,,Market Price$9.10
Blastoise,https://www.phygitals.com/pokemon/9,1,$9.10,$9.10,,,,$9.10
Blastoise,https://www.phygitals.com/pokemon/9,1,Market Price$8.62,$8.62,,,,Market Price$8.62
Blastoise,https://www.phygitals.com/pokemon/9,1,$8.62,$8.62,,,,$8.62
Blastoise,https://www.phygitals.com/pokemon/9,1,Market Price$8.33,$8.33,,,,Market Price$8.33
Blastoise,https://www.phygitals.com/pokemon/9,1,$8.33,$8.33,,,,$8.33
Blastoise,https://www.phygitals.com/pokemon/9,1,Market Price$7.88,$7.88,,,,Market Price$7.88
Blastoise,https://www.phygitals.com/pokemon/9,1,$7.88,$7.88,,,,$7.88
Blastoise,https://www.phygitals.com/pokemon/9,1,Market Price$7.14,$7.14,,,,Market Price$7.14
Blastoise,https://www.phygitals.com/pokemon/9,1,$7.14,$7.14,,,,$7.14
Blastoise,https://www.phygitals.com/pokemon/9,1,Market Price$6.95,$6.95,,,,Market Price$6.95
Blastoise,https://www.phygitals.com/pokemon/9,1,$6.95,$6.95,,,,$6.95
Blastoise,https://www.phygitals.com/pokemon/9,1,Market Price$6.30,$6.30,,,,Market Price$6.30
Blastoise,https://www.phygitals.com/pokemon/9,1,$6.30,$6.30,,,,$6.30
Blastoise,https://www.phygitals.com/pokemon/9,1,Market Price$5.59,$5.59,,,,Market Price$5.59
Blastoise,https://www.phygitals.com/pokemon/9,1,$5.59,$5.59,,,,$5.59
Blastoise,https://www.phygitals.com/pokemon/9,1,Market Price$5.44,$5.44,,,,Market Price$5.44
Blastoise,https://www.phygitals.com/pokemon/9,1,$5.44,$5.44,,,,$5.44
Blastoise,https://www.phygitals.com/pokemon/9,1,Market Price$5.29,$5.29,,,,Market Price$5.29
Blastoise,https://www.phygitals.com/pokemon/9,1,$5.29,$5.29,,,,$5.29
Blastoise,https://www.phygitals.com/pokemon/9,1,Market Price$5.05,$5.05,,,,Market Price$5.05
Blastoise,https://www.phygitals.com/pokemon/9,1,$5.05,$5.05,,,,$5.05
Blastoise,https://www.phygitals.com/pokemon/9,1,Market Price$5.02,$5.02,,,,Market Price$5.02
Blastoise,https://www.phygitals.com/pokemon/9,1,$5.02,$5.02,,,,$5.02
Blastoise,https://www.phygitals.com/pokemon/9,1,Market Price$1.72,$1.72,,,,Market Price$1.72
Blastoise,https://www.phygitals.com/pokemon/9,1,$1.72,$1.72,,,,$1.72
Blastoise,https://www.phygitals.com/pokemon/9,1,Market Price$1.13,$1.13,,,,Market Price$1.13
Blastoise,https://www.phygitals.com/pokemon/9,1,$1.13,$1.13,,,,$1.13
Blastoise,https://www.phygitals.com/pokemon/9,1,Market Price$1.05,$1.05,,,,Market Price$1.05
Blastoise,https://www.phygitals.com/pokemon/9,1,$1.05,$1.05,,,,$1.05
Caterpie,https://www.phygitals.com/pokemon/10,1,Value,$27,,,,Value$27
Caterpie,https://www.phygitals.com/pokemon/10,1,Market Price$10.79,$10.79,,,,Market Price$10.79
Caterpie,https://www.phygitals.com/pokemon/10,1,$10.79,$10.79,,,,$10.79
Caterpie,https://www.phygitals.com/pokemon/10,1,Market Price$7.57,$7.57,,,,Market Price$7.57
Caterpie,https://www.phygitals.com/pokemon/10,1,$7.57,$7.57,,,,$7.57
Caterpie,https://www.phygitals.com/pokemon/10,1,Market Price$2.82,$2.82,,,,Market Price$2.82
Caterpie,https://www.phygitals.com/pokemon/10,1,$2.82,$2.82,,,,$2.82
Caterpie,https://www.phygitals.com/pokemon/10,1,Market Price$0.88,$0.88,,,,Market Price$0.88
Caterpie,https://www.phygitals.com/pokemon/10,1,$0.88,$0.88,,,,$0.88
Caterpie,https://www.phygitals.com/pokemon/10,1,Market Price$0.83,$0.83,,,,Market Price$0.83
Caterpie,https://www.phygitals.com/pokemon/10,1,$0.83,$0.83,,,,$0.83
Caterpie,https://www.phygitals.com/pokemon/10,1,Market Price$0.79,$0.79,,,,Market Price$0.79
Caterpie,https://www.phygitals.com/pokemon/10,1,$0.79,$0.79,,,,$0.79
Caterpie,https://www.phygitals.com/pokemon/10,1,Market Price$0.77,$0.77,,,,Market Price$0.77
Caterpie,https://www.phygitals.com/pokemon/10,1,$0.77,$0.77,,,,$0.77
Caterpie,https://www.phygitals.com/pokemon/10,1,Market Price$0.43,$0.43,,,,Market Price$0.43
Caterpie,https://www.phygitals.com/pokemon/10,1,$0.43,$0.43,,,,$0.43
Caterpie,https://www.phygitals.com/pokemon/10,1,Market Price$0.39,$0.39,,,,Market Price$0.39
Caterpie,https://www.phygitals.com/pokemon/10,1,$0.39,$0.39,,,,$0.39
Caterpie,https://www.phygitals.com/pokemon/10,1,Market Price$0.22,$0.22,,,,Market Price$0.22
Caterpie,https://www.phygitals.com/pokemon/10,1,$0.22,$0.22,,,,$0.22
Caterpie,https://www.phygitals.com/pokemon/10,1,Market Price$0.20,$0.20,,,,Market Price$0.20
Caterpie,https://www.phygitals.com/pokemon/10,1,$0.20,$0.20,,,,$0.20
Caterpie,https://www.phygitals.com/pokemon/10,1,Market Price$0.16,$0.16,,,,Market Price$0.16
Caterpie,https://www.phygitals.com/pokemon/10,1,$0.16,$0.16,,,,$0.16
Caterpie,https://www.phygitals.com/pokemon/10,1,Market Price$0.13,$0.13,,,,Market Price$0.13
Caterpie,https://www.phygitals.com/pokemon/10,1,$0.13,$0.13,,,,$0.13
Caterpie,https://www.phygitals.com/pokemon/10,1,Market Price$0.12,$0.12,,,,Market Price$0.12
Caterpie,https://www.phygitals.com/pokemon/10,1,$0.12,$0.12,,,,$0.12
Caterpie,https://www.phygitals.com/pokemon/10,1,Market Price$0.11,$0.11,,,,Market Price$0.11
Caterpie,https://www.phygitals.com/pokemon/10,1,$0.11,$0.11,,,,$0.11
Caterpie,https://www.phygitals.com/pokemon/10,1,Market Price$0.08,$0.08,,,,Market Price$0.08
Caterpie,https://www.phygitals.com/pokemon/10,1,$0.08,$0.08,,,,$0.08
Caterpie,https://www.phygitals.com/pokemon/10,1,Market Price$0.06,$0.06,,,,Market Price$0.06
Caterpie,https://www.phygitals.com/pokemon/10,1,$0.06,$0.06,,,,$0.06
Caterpie,https://www.phygitals.com/pokemon/10,1,Market Price$0.05,$0.05,,,,Market Price$0.05
Caterpie,https://www.phygitals.com/pokemon/10,1,$0.05,$0.05,,,,$0.05
Caterpie,https://www.phygitals.com/pokemon/10,1,Market Price$0.04,$0.04,,,,Market Price$0.04
Caterpie,https://www.phygitals.com/pokemon/10,1,$0.04,$0.04,,,,$0.04
Metapod,https://www.phygitals.com/pokemon/11,1,Value,$12,,,,Value$12
Metapod,https://www.phygitals.com/pokemon/11,1,Market Price$4.14,$4.14,,,,Market Price$4.14
Metapod,https://www.phygitals.com/pokemon/11,1,$4.14,$4.14,,,,$4.14
Metapod,https://www.phygitals.com/pokemon/11,1,Market Price$1.94,$1.94,,,,Market Price$1.94
Metapod,https://www.phygitals.com/pokemon/11,1,$1.94,$1.94,,,,$1.94
Metapod,https://www.phygitals.com/pokemon/11,1,Market Price$1.55,$1.55,,,,Market Price$1.55
Metapod,https://www.phygitals.com/pokemon/11,1,$1.55,$1.55,,,,$1.55
Metapod,https://www.phygitals.com/pokemon/11,1,Market Price$1.18,$1.18,,,,Market Price$1.18
Metapod,https://www.phygitals.com/pokemon/11,1,$1.18,$1.18,,,,$1.18
Metapod,https://www.phygitals.com/pokemon/11,1,Market Price$0.78,$0.78,,,,Market Price$0.78
Metapod,https://www.phygitals.com/pokemon/11,1,$0.78,$0.78,,,,$0.78
Metapod,https://www.phygitals.com/pokemon/11,1,Market Price$0.54,$0.54,,,,Market Price$0.54
Metapod,https://www.phygitals.com/pokemon/11,1,$0.54,$0.54,,,,$0.54
Metapod,https://www.phygitals.com/pokemon/11,1,Market Price$0.43,$0.43,,,,Market Price$0.43
Metapod,https://www.phygitals.com/pokemon/11,1,$0.43,$0.43,,,,$0.43
Metapod,https://www.phygitals.com/pokemon/11,1,Market Price$0.28,$0.28,,,,Market Price$0.28
Metapod,https://www.phygitals.com/pokemon/11,1,$0.28,$0.28,,,,$0.28
Metapod,https://www.phygitals.com/pokemon/11,1,Market Price$0.25,$0.25,,,,Market Price$0.25
Metapod,https://www.phygitals.com/pokemon/11,1,$0.25,$0.25,,,,$0.25
Metapod,https://www.phygitals.com/pokemon/11,1,Market Price$0.22,$0.22,,,,Market Price$0.22
Metapod,https://www.phygitals.com/pokemon/11,1,$0.22,$0.22,,,,$0.22
Metapod,https://www.phygitals.com/pokemon/11,1,Market Price$0.18,$0.18,,,,Market Price$0.18
Metapod,https://www.phygitals.com/pokemon/11,1,$0.18,$0.18,,,,$0.18
Metapod,https://www.phygitals.com/pokemon/11,1,Market Price$0.15,$0.15,,,,Market Price$0.15
Metapod,https://www.phygitals.com/pokemon/11,1,$0.15,$0.15,,,,$0.15
Metapod,https://www.phygitals.com/pokemon/11,1,Market Price$0.13,$0.13,,,,Market Price$0.13
Metapod,https://www.phygitals.com/pokemon/11,1,$0.13,$0.13,,,,$0.13
Metapod,https://www.phygitals.com/pokemon/11,1,Market Price$0.12,$0.12,,,,Market Price$0.12
Metapod,https://www.phygitals.com/pokemon/11,1,$0.12,$0.12,,,,$0.12
Metapod,https://www.phygitals.com/pokemon/11,1,Market Price$0.10,$0.10,,,,Market Price$0.10
Metapod,https://www.phygitals.com/pokemon/11,1,$0.10,$0.10,,,,$0.10
Metapod,https://www.phygitals.com/pokemon/11,1,Market Price$0.06,$0.06,,,,Market Price$0.06
Metapod,https://www.phygitals.com/pokemon/11,1,$0.06,$0.06,,,,$0.06
Butterfree,https://www.phygitals.com/pokemon/12,1,Value,$248,,,,Value$248
Butterfree,https://www.phygitals.com/pokemon/12,1,Market Price$150.00,$150.00,,,,Market Price$150.00
Butterfree,https://www.phygitals.com/pokemon/12,1,$150.00,$150.00,,,,$150.00
Butterfree,https://www.phygitals.com/pokemon/12,1,Market Price$23.53,$23.53,,,,Market Price$23.53
Butterfree,https://www.phygitals.com/pokemon/12,1,$23.53,$23.53,,,,$23.53
Butterfree,https://www.phygitals.com/pokemon/12,1,Market Price$21.61,$21.61,,,,Market Price$21.61
Butterfree,https://www.phygitals.com/pokemon/12,1,$21.61,$21.61,,,,$21.61
Butterfree,https://www.phygitals.com/pokemon/12,1,Market Price$11.77,$11.77,,,,Market Price$11.77
Butterfree,https://www.phygitals.com/pokemon/12,1,$11.77,$11.77,,,,$11.77
Butterfree,https://www.phygitals.com/pokemon/12,1,Market Price$7.74,$7.74,,,,Market Price$7.74
Butterfree,https://www.phygitals.com/pokemon/12,1,$7.74,$7.74,,,,$7.74
Butterfree,https://www.phygitals.com/pokemon/12,1,Market Price$6.58,$6.58,,,,Market Price$6.58
Butterfree,https://www.phygitals.com/pokemon/12,1,$6.58,$6.58,,,,$6.58
Butterfree,https://www.phygitals.com/pokemon/12,1,Market Price$5.48,$5.48,,,,Market Price$5.48
Butterfree,https://www.phygitals.com/pokemon/12,1,$5.48,$5.48,,,,$5.48
Butterfree,https://www.phygitals.com/pokemon/12,1,Market Price$4.73,$4.73,,,,Market Price$4.73
Butterfree,https://www.phygitals.com/pokemon/12,1,$4.73,$4.73,,,,$4.73
Butterfree,https://www.phygitals.com/pokemon/12,1,Market Price$3.45,$3.45,,,,Market Price$3.45
Butterfree,https://www.phygitals.com/pokemon/12,1,$3.45,$3.45,,,,$3.45
Butterfree,https://www.phygitals.com/pokemon/12,1,Market Price$3.40,$3.40,,,,Market Price$3.40
Butterfree,https://www.phygitals.com/pokemon/12,1,$3.40,$3.40,,,,$3.40
Butterfree,https://www.phygitals.com/pokemon/12,1,Market Price$2.92,$2.92,,,,Market Price$2.92
Butterfree,https://www.phygitals.com/pokemon/12,1,$2.92,$2.92,,,,$2.92
Butterfree,https://www.phygitals.com/pokemon/12,1,Market Price$2.12,$2.12,,,,Market Price$2.12
Butterfree,https://www.phygitals.com/pokemon/12,1,$2.12,$2.12,,,,$2.12
Butterfree,https://www.phygitals.com/pokemon/12,1,Market Price$1.58,$1.58,,,,Market Price$1.58
Butterfree,https://www.phygitals.com/pokemon/12,1,$1.58,$1.58,,,,$1.58
Butterfree,https://www.phygitals.com/pokemon/12,1,Market Price$1.06,$1.06,,,,Market Price$1.06
Butterfree,https://www.phygitals.com/pokemon/12,1,$1.06,$1.06,,,,$1.06
Butterfree,https://www.phygitals.com/pokemon/12,1,Market Price$0.52,$0.52,,,,Market Price$0.52
Butterfree,https://www.phygitals.com/pokemon/12,1,$0.52,$0.52,,,,$0.52
Butterfree,https://www.phygitals.com/pokemon/12,1,Market Price$0.35,$0.35,,,,Market Price$0.35
Butterfree,https://www.phygitals.com/pokemon/12,1,$0.35,$0.35,,,,$0.35
Butterfree,https://www.phygitals.com/pokemon/12,1,Market Price$0.30,$0.30,,,,Market Price$0.30
Butterfree,https://www.phygitals.com/pokemon/12,1,$0.30,$0.30,,,,$0.30
Butterfree,https://www.phygitals.com/pokemon/12,1,Market Price$0.25,$0.25,,,,Market Price$0.25
Butterfree,https://www.phygitals.com/pokemon/12,1,$0.25,$0.25,,,,$0.25
Butterfree,https://www.phygitals.com/pokemon/12,1,Market Price$0.22,$0.22,,,,Market Price$0.22
Butterfree,https://www.phygitals.com/pokemon/12,1,$0.22,$0.22,,,,$0.22
Butterfree,https://www.phygitals.com/pokemon/12,1,Market Price$0.19,$0.19,,,,Market Price$0.19
Butterfree,https://www.phygitals.com/pokemon/12,1,$0.19,$0.19,,,,$0.19
Butterfree,https://www.phygitals.com/pokemon/12,1,Market Price$0.11,$0.11,,,,Market Price$0.11
Butterfree,https://www.phygitals.com/pokemon/12,1,$0.11,$0.11,,,,$0.11
Butterfree,https://www.phygitals.com/pokemon/12,1,Market Price$0.06,$0.06,,,,Market Price$0.06
Butterfree,https://www.phygitals.com/pokemon/12,1,$0.06,$0.06,,,,$0.06
Weedle,https://www.phygitals.com/pokemon/13,1,Value,$47,,,,Value$47
Weedle,https://www.phygitals.com/pokemon/13,1,Market Price$20.87,$20.87,,,,Market Price$20.87
Weedle,https://www.phygitals.com/pokemon/13,1,$20.87,$20.87,,,,$20.87
Weedle,https://www.phygitals.com/pokemon/13,1,Market Price$20.60,$20.60,,,,Market Price$20.60
Weedle,https://www.phygitals.com/pokemon/13,1,$20.60,$20.60,,,,$20.60
Weedle,https://www.phygitals.com/pokemon/13,1,Market Price$1.27,$1.27,,,,Market Price$1.27
Weedle,https://www.phygitals.com/pokemon/13,1,$1.27,$1.27,,,,$1.27
Weedle,https://www.phygitals.com/pokemon/13,1,Market Price$0.59,$0.59,,,,Market Price$0.59
Weedle,https://www.phygitals.com/pokemon/13,1,$0.59,$0.59,,,,$0.59
Weedle,https://www.phygitals.com/pokemon/13,1,Market Price$0.46,$0.46,,,,Market Price$0.46
Weedle,https://www.phygitals.com/pokemon/13,1,$0.46,$0.46,,,,$0.46
Weedle,https://www.phygitals.com/pokemon/13,1,Market Price$0.45,$0.45,,,,Market Price$0.45
Weedle,https://www.phygitals.com/pokemon/13,1,$0.45,$0.45,,,,$0.45
Weedle,https://www.phygitals.com/pokemon/13,1,Market Price$0.43,$0.43,,,,Market Price$0.43
Weedle,https://www.phygitals.com/pokemon/13,1,$0.43,$0.43,,,,$0.43
Weedle,https://www.phygitals.com/pokemon/13,1,Market Price$0.32,$0.32,,,,Market Price$0.32
Weedle,https://www.phygitals.com/pokemon/13,1,$0.32,$0.32,,,,$0.32
Weedle,https://www.phygitals.com/pokemon/13,1,Market Price$0.28,$0.28,,,,Market Price$0.28
Weedle,https://www.phygitals.com/pokemon/13,1,$0.28,$0.28,,,,$0.28
Weedle,https://www.phygitals.com/pokemon/13,1,Market Price$0.26,$0.26,,,,Market Price$0.26
Weedle,https://www.phygitals.com/pokemon/13,1,$0.26,$0.26,,,,$0.26
Weedle,https://www.phygitals.com/pokemon/13,1,Market Price$0.25,$0.25,,,,Market Price$0.25
Weedle,https://www.phygitals.com/pokemon/13,1,$0.25,$0.25,,,,$0.25
Weedle,https://www.phygitals.com/pokemon/13,1,Market Price$0.23,$0.23,,,,Market Price$0.23
Weedle,https://www.phygitals.com/pokemon/13,1,$0.23,$0.23,,,,$0.23
Weedle,https://www.phygitals.com/pokemon/13,1,Market Price$0.22,$0.22,,,,Market Price$0.22
Weedle,https://www.phygitals.com/pokemon/13,1,$0.22,$0.22,,,,$0.22
Weedle,https://www.phygitals.com/pokemon/13,1,Market Price$0.21,$0.21,,,,Market Price$0.21
Weedle,https://www.phygitals.com/pokemon/13,1,$0.21,$0.21,,,,$0.21
Weedle,https://www.phygitals.com/pokemon/13,1,Market Price$0.16,$0.16,,,,Market Price$0.16
Weedle,https://www.phygitals.com/pokemon/13,1,$0.16,$0.16,,,,$0.16
Weedle,https://www.phygitals.com/pokemon/13,1,Market Price$0.13,$0.13,,,,Market Price$0.13
Weedle,https://www.phygitals.com/pokemon/13,1,$0.13,$0.13,,,,$0.13
Weedle,https://www.phygitals.com/pokemon/13,1,Market Price$0.12,$0.12,,,,Market Price$0.12
Weedle,https://www.phygitals.com/pokemon/13,1,$0.12,$0.12,,,,$0.12
Weedle,https://www.phygitals.com/pokemon/13,1,Market Price$0.07,$0.07,,,,Market Price$0.07
Weedle,https://www.phygitals.com/pokemon/13,1,$0.07,$0.07,,,,$0.07
Weedle,https://www.phygitals.com/pokemon/13,1,Market Price$0.06,$0.06,,,,Market Price$0.06
Weedle,https://www.phygitals.com/pokemon/13,1,$0.06,$0.06,,,,$0.06
Weedle,https://www.phygitals.com/pokemon/13,1,Market Price$0.05,$0.05,,,,Market Price$0.05
Weedle,https://www.phygitals.com/pokemon/13,1,$0.05,$0.05,,,,$0.05
Kakuna,https://www.phygitals.com/pokemon/14,1,Value,$14,,,,Value$14
Kakuna,https://www.phygitals.com/pokemon/14,1,Market Price$6.44,$6.44,,,,Market Price$6.44
Kakuna,https://www.phygitals.com/pokemon/14,1,$6.44,$6.44,,,,$6.44
Kakuna,https://www.phygitals.com/pokemon/14,1,Market Price$1.88,$1.88,,,,Market Price$1.88
Kakuna,https://www.phygitals.com/pokemon/14,1,$1.88,$1.88,,,,$1.88
Kakuna,https://www.phygitals.com/pokemon/14,1,Market Price$1.37,$1.37,,,,Market Price$1.37
Kakuna,https://www.phygitals.com/pokemon/14,1,$1.37,$1.37,,,,$1.37
Kakuna,https://www.phygitals.com/pokemon/14,1,Market Price$1.06,$1.06,,,,Market Price$1.06
Kakuna,https://www.phygitals.com/pokemon/14,1,$1.06,$1.06,,,,$1.06
Kakuna,https://www.phygitals.com/pokemon/14,1,Market Price$0.71,$0.71,,,,Market Price$0.71
Kakuna,https://www.phygitals.com/pokemon/14,1,$0.71,$0.71,,,,$0.71
Kakuna,https://www.phygitals.com/pokemon/14,1,Market Price$0.51,$0.51,,,,Market Price$0.51
Kakuna,https://www.phygitals.com/pokemon/14,1,$0.51,$0.51,,,,$0.51
Kakuna,https://www.phygitals.com/pokemon/14,1,Market Price$0.39,$0.39,,,,Market Price$0.39
Kakuna,https://www.phygitals.com/pokemon/14,1,$0.39,$0.39,,,,$0.39
Kakuna,https://www.phygitals.com/pokemon/14,1,Market Price$0.31,$0.31,,,,Market Price$0.31
Kakuna,https://www.phygitals.com/pokemon/14,1,$0.31,$0.31,,,,$0.31
Kakuna,https://www.phygitals.com/pokemon/14,1,Market Price$0.27,$0.27,,,,Market Price$0.27
Kakuna,https://www.phygitals.com/pokemon/14,1,$0.27,$0.27,,,,$0.27
Kakuna,https://www.phygitals.com/pokemon/14,1,Market Price$0.26,$0.26,,,,Market Price$0.26
Kakuna,https://www.phygitals.com/pokemon/14,1,$0.26,$0.26,,,,$0.26
Kakuna,https://www.phygitals.com/pokemon/14,1,Market Price$0.25,$0.25,,,,Market Price$0.25
Kakuna,https://www.phygitals.com/pokemon/14,1,$0.25,$0.25,,,,$0.25
Kakuna,https://www.phygitals.com/pokemon/14,1,Market Price$0.13,$0.13,,,,Market Price$0.13
Kakuna,https://www.phygitals.com/pokemon/14,1,$0.13,$0.13,,,,$0.13
Kakuna,https://www.phygitals.com/pokemon/14,1,Market Price$0.11,$0.11,,,,Market Price$0.11
Kakuna,https://www.phygitals.com/pokemon/14,1,$0.11,$0.11,,,,$0.11
Kakuna,https://www.phygitals.com/pokemon/14,1,Market Price$0.09,$0.09,,,,Market Price$0.09
Kakuna,https://www.phygitals.com/pokemon/14,1,$0.09,$0.09,,,,$0.09
Kakuna,https://www.phygitals.com/pokemon/14,1,Market Price$0.07,$0.07,,,,Market Price$0.07
Kakuna,https://www.phygitals.com/pokemon/14,1,$0.07,$0.07,,,,$0.07
Kakuna,https://www.phygitals.com/pokemon/14,1,Market Price$0.06,$0.06,,,,Market Price$0.06
Kakuna,https://www.phygitals.com/pokemon/14,1,$0.06,$0.06,,,,$0.06
Beedrill,https://www.phygitals.com/pokemon/15,1,Value,$239,,,,Value$239
Beedrill,https://www.phygitals.com/pokemon/15,1,Market Price$86.67,$86.67,,,,Market Price$86.67
Beedrill,https://www.phygitals.com/pokemon/15,1,$86.67,$86.67,,,,$86.67
Beedrill,https://www.phygitals.com/pokemon/15,1,Market Price$45.21,$45.21,,,,Market Price$45.21
Beedrill,https://www.phygitals.com/pokemon/15,1,$45.21,$45.21,,,,$45.21
Beedrill,https://www.phygitals.com/pokemon/15,1,Market Price$25.54,$25.54,,,,Market Price$25.54
Beedrill,https://www.phygitals.com/pokemon/15,1,$25.54,$25.54,,,,$25.54
Beedrill,https://www.phygitals.com/pokemon/15,1,Market Price$24.63,$24.63,,,,Market Price$24.63
Beedrill,https://www.phygitals.com/pokemon/15,1,$24.63,$24.63,,,,$24.63
Beedrill,https://www.phygitals.com/pokemon/15,1,Market Price$23.48,$23.48,,,,Market Price$23.48
Beedrill,https://www.phygitals.com/pokemon/15,1,$23.48,$23.48,,,,$23.48
Beedrill,https://www.phygitals.com/pokemon/15,1,Market Price$7.97,$7.97,,,,Market Price$7.97
Beedrill,https://www.phygitals.com/pokemon/15,1,$7.97,$7.97,,,,$7.97
Beedrill,https://www.phygitals.com/pokemon/15,1,Market Price$4.59,$4.59,,,,Market Price$4.59
Beedrill,https://www.phygitals.com/pokemon/15,1,$4.59,$4.59,,,,$4.59
Beedrill,https://www.phygitals.com/pokemon/15,1,Market Price$3.93,$3.93,,,,Market Price$3.93
Beedrill,https://www.phygitals.com/pokemon/15,1,$3.93,$3.93,,,,$3.93
Beedrill,https://www.phygitals.com/pokemon/15,1,Market Price$3.68,$3.68,,,,Market Price$3.68
Beedrill,https://www.phygitals.com/pokemon/15,1,$3.68,$3.68,,,,$3.68
Beedrill,https://www.phygitals.com/pokemon/15,1,Market Price$3.23,$3.23,,,,Market Price$3.23
Beedrill,https://www.phygitals.com/pokemon/15,1,$3.23,$3.23,,,,$3.23
Beedrill,https://www.phygitals.com/pokemon/15,1,Market Price$1.95,$1.95,,,,Market Price$1.95
Beedrill,https://www.phygitals.com/pokemon/15,1,$1.95,$1.95,,,,$1.95
Beedrill,https://www.phygitals.com/pokemon/15,1,Market Price$1.24,$1.24,,,,Market Price$1.24
Beedrill,https://www.phygitals.com/pokemon/15,1,$1.24,$1.24,,,,$1.24
Beedrill,https://www.phygitals.com/pokemon/15,1,Market Price$1.09,$1.09,,,,Market Price$1.09
Beedrill,https://www.phygitals.com/pokemon/15,1,$1.09,$1.09,,,,$1.09
Beedrill,https://www.phygitals.com/pokemon/15,1,Market Price$0.97,$0.97,,,,Market Price$0.97
Beedrill,https://www.phygitals.com/pokemon/15,1,$0.97,$0.97,,,,$0.97
Beedrill,https://www.phygitals.com/pokemon/15,1,Market Price$0.91,$0.91,,,,Market Price$0.91
Beedrill,https://www.phygitals.com/pokemon/15,1,$0.91,$0.91,,,,$0.91
Beedrill,https://www.phygitals.com/pokemon/15,1,Market Price$0.90,$0.90,,,,Market Price$0.90
Beedrill,https://www.phygitals.com/pokemon/15,1,$0.90,$0.90,,,,$0.90
Beedrill,https://www.phygitals.com/pokemon/15,1,Market Price$0.63,$0.63,,,,Market Price$0.63
Beedrill,https://www.phygitals.com/pokemon/15,1,$0.63,$0.63,,,,$0.63
Beedrill,https://www.phygitals.com/pokemon/15,1,Market Price$0.43,$0.43,,,,Market Price$0.43
Beedrill,https://www.phygitals.com/pokemon/15,1,$0.43,$0.43,,,,$0.43
Beedrill,https://www.phygitals.com/pokemon/15,1,Market Price$0.42,$0.42,,,,Market Price$0.42
Beedrill,https://www.phygitals.com/pokemon/15,1,$0.42,$0.42,,,,$0.42
Beedrill,https://www.phygitals.com/pokemon/15,1,Market Price$0.28,$0.28,,,,Market Price$0.28
Beedrill,https://www.phygitals.com/pokemon/15,1,$0.28,$0.28,,,,$0.28
Beedrill,https://www.phygitals.com/pokemon/15,1,Market Price$0.24,$0.24,,,,Market Price$0.24
Beedrill,https://www.phygitals.com/pokemon/15,1,$0.24,$0.24,,,,$0.24
Beedrill,https://www.phygitals.com/pokemon/15,1,Market Price$0.23,$0.23,,,,Market Price$0.23
Beedrill,https://www.phygitals.com/pokemon/15,1,$0.23,$0.23,,,,$0.23
Beedrill,https://www.phygitals.com/pokemon/15,1,Market Price$0.20,$0.20,,,,Market Price$0.20
Beedrill,https://www.phygitals.com/pokemon/15,1,$0.20,$0.20,,,,$0.20
Beedrill,https://www.phygitals.com/pokemon/15,1,Market Price$0.16,$0.16,,,,Market Price$0.16
Beedrill,https://www.phygitals.com/pokemon/15,1,$0.16,$0.16,,,,$0.16
Beedrill,https://www.phygitals.com/pokemon/15,1,Market Price$0.12,$0.12,,,,Market Price$0.12
Beedrill,https://www.phygitals.com/pokemon/15,1,$0.12,$0.12,,,,$0.12
Pidgey,https://www.phygitals.com/pokemon/16,1,Value,$28,,,,Value$28
Pidgey,https://www.phygitals.com/pokemon/16,1,Market Price$8.54,$8.54,,,,Market Price$8.54
Pidgey,https://www.phygitals.com/pokemon/16,1,$8.54,$8.54,,,,$8.54
Pidgey,https://www.phygitals.com/pokemon/16,1,Market Price$6.76,$6.76,,,,Market Price$6.76
Pidgey,https://www.phygitals.com/pokemon/16,1,$6.76,$6.76,,,,$6.76
Pidgey,https://www.phygitals.com/pokemon/16,1,Market Price$4.12,$4.12,,,,Market Price$4.12
Pidgey,https://www.phygitals.com/pokemon/16,1,$4.12,$4.12,,,,$4.12
Pidgey,https://www.phygitals.com/pokemon/16,1,Market Price$3.11,$3.11,,,,Market Price$3.11
Pidgey,https://www.phygitals.com/pokemon/16,1,$3.11,$3.11,,,,$3.11
Pidgey,https://www.phygitals.com/pokemon/16,1,Market Price$1.11,$1.11,,,,Market Price$1.11
Pidgey,https://www.phygitals.com/pokemon/16,1,$1.11,$1.11,,,,$1.11
Pidgey,https://www.phygitals.com/pokemon/16,1,Market Price$0.85,$0.85,,,,Market Price$0.85
Pidgey,https://www.phygitals.com/pokemon/16,1,$0.85,$0.85,,,,$0.85
Pidgey,https://www.phygitals.com/pokemon/16,1,Market Price$0.67,$0.67,,,,Market Price$0.67
Pidgey,https://www.phygitals.com/pokemon/16,1,$0.67,$0.67,,,,$0.67
Pidgey,https://www.phygitals.com/pokemon/16,1,Market Price$0.56,$0.56,,,,Market Price$0.56
Pidgey,https://www.phygitals.com/pokemon/16,1,$0.56,$0.56,,,,$0.56
Pidgey,https://www.phygitals.com/pokemon/16,1,Market Price$0.46,$0.46,,,,Market Price$0.46
Pidgey,https://www.phygitals.com/pokemon/16,1,$0.46,$0.46,,,,$0.46
Pidgey,https://www.phygitals.com/pokemon/16,1,Market Price$0.45,$0.45,,,,Market Price$0.45
Pidgey,https://www.phygitals.com/pokemon/16,1,$0.45,$0.45,,,,$0.45
Pidgey,https://www.phygitals.com/pokemon/16,1,Market Price$0.40,$0.40,,,,Market Price$0.40
Pidgey,https://www.phygitals.com/pokemon/16,1,$0.40,$0.40,,,,$0.40
Pidgey,https://www.phygitals.com/pokemon/16,1,Market Price$0.33,$0.33,,,,Market Price$0.33
Pidgey,https://www.phygitals.com/pokemon/16,1,$0.33,$0.33,,,,$0.33
Pidgey,https://www.phygitals.com/pokemon/16,1,Market Price$0.21,$0.21,,,,Market Price$0.21
Pidgey,https://www.phygitals.com/pokemon/16,1,$0.21,$0.21,,,,$0.21
Pidgey,https://www.phygitals.com/pokemon/16,1,Market Price$0.20,$0.20,,,,Market Price$0.20
Pidgey,https://www.phygitals.com/pokemon/16,1,$0.20,$0.20,,,,$0.20
Pidgey,https://www.phygitals.com/pokemon/16,1,Market Price$0.18,$0.18,,,,Market Price$0.18
Pidgey,https://www.phygitals.com/pokemon/16,1,$0.18,$0.18,,,,$0.18
Pidgey,https://www.phygitals.com/pokemon/16,1,Market Price$0.12,$0.12,,,,Market Price$0.12
Pidgey,https://www.phygitals.com/pokemon/16,1,$0.12,$0.12,,,,$0.12
Pidgey,https://www.phygitals.com/pokemon/16,1,Market Price$0.11,$0.11,,,,Market Price$0.11
Pidgey,https://www.phygitals.com/pokemon/16,1,$0.11,$0.11,,,,$0.11
Pidgeotto,https://www.phygitals.com/pokemon/17,1,Value,$46,,,,Value$46
Pidgeotto,https://www.phygitals.com/pokemon/17,1,Market Price$9.46,$9.46,,,,Market Price$9.46
Pidgeotto,https://www.phygitals.com/pokemon/17,1,$9.46,$9.46,,,,$9.46
Pidgeotto,https://www.phygitals.com/pokemon/17,1,Market Price$6.88,$6.88,,,,Market Price$6.88
Pidgeotto,https://www.phygitals.com/pokemon/17,1,$6.88,$6.88,,,,$6.88
Pidgeotto,https://www.phygitals.com/pokemon/17,1,Market Price$6.38,$6.38,,,,Market Price$6.38
Pidgeotto,https://www.phygitals.com/pokemon/17,1,$6.38,$6.38,,,,$6.38
Pidgeotto,https://www.phygitals.com/pokemon/17,1,Market Price$5.83,$5.83,,,,Market Price$5.83
Pidgeotto,https://www.phygitals.com/pokemon/17,1,$5.83,$5.83,,,,$5.83
Pidgeotto,https://www.phygitals.com/pokemon/17,1,Market Price$3.72,$3.72,,,,Market Price$3.72
Pidgeotto,https://www.phygitals.com/pokemon/17,1,$3.72,$3.72,,,,$3.72
Pidgeotto,https://www.phygitals.com/pokemon/17,1,Market Price$2.47,$2.47,,,,Market Price$2.47
Pidgeotto,https://www.phygitals.com/pokemon/17,1,$2.47,$2.47,,,,$2.47
Pidgeotto,https://www.phygitals.com/pokemon/17,1,Market Price$1.07,$1.07,,,,Market Price$1.07
Pidgeotto,https://www.phygitals.com/pokemon/17,1,$1.07,$1.07,,,,$1.07
Pidgeotto,https://www.phygitals.com/pokemon/17,1,Market Price$0.82,$0.82,,,,Market Price$0.82
Pidgeotto,https://www.phygitals.com/pokemon/17,1,$0.82,$0.82,,,,$0.82
Pidgeotto,https://www.phygitals.com/pokemon/17,1,Market Price$0.81,$0.81,,,,Market Price$0.81
Pidgeotto,https://www.phygitals.com/pokemon/17,1,$0.81,$0.81,,,,$0.81
Pidgeotto,https://www.phygitals.com/pokemon/17,1,Market Price$0.79,$0.79,,,,Market Price$0.79
Pidgeotto,https://www.phygitals.com/pokemon/17,1,$0.79,$0.79,,,,$0.79
Pidgeotto,https://www.phygitals.com/pokemon/17,1,Market Price$0.44,$0.44,,,,Market Price$0.44
Pidgeotto,https://www.phygitals.com/pokemon/17,1,$0.44,$0.44,,,,$0.44
Pidgeotto,https://www.phygitals.com/pokemon/17,1,Market Price$0.37,$0.37,,,,Market Price$0.37
Pidgeotto,https://www.phygitals.com/pokemon/17,1,$0.37,$0.37,,,,$0.37
Pidgeotto,https://www.phygitals.com/pokemon/17,1,Market Price$0.13,$0.13,,,,Market Price$0.13
Pidgeotto,https://www.phygitals.com/pokemon/17,1,$0.13,$0.13,,,,$0.13
Pidgeot,https://www.phygitals.com/pokemon/18,1,Value,$375,,,,Value$375
Pidgeot,https://www.phygitals.com/pokemon/18,1,Market Price$126.14,$126.14,,,,Market Price$126.14
Pidgeot,https://www.phygitals.com/pokemon/18,1,$126.14,$126.14,,,,$126.14
Pidgeot,https://www.phygitals.com/pokemon/18,1,Market Price$69.67,$69.67,,,,Market Price$69.67
Pidgeot,https://www.phygitals.com/pokemon/18,1,$69.67,$69.67,,,,$69.67
Pidgeot,https://www.phygitals.com/pokemon/18,1,Market Price$27.41,$27.41,,,,Market Price$27.41
Pidgeot,https://www.phygitals.com/pokemon/18,1,$27.41,$27.41,,,,$27.41
Pidgeot,https://www.phygitals.com/pokemon/18,1,Market Price$26.18,$26.18,,,,Market Price$26.18
Pidgeot,https://www.phygitals.com/pokemon/18,1,$26.18,$26.18,,,,$26.18
Pidgeot,https://www.phygitals.com/pokemon/18,1,Market Price$18.92,$18.92,,,,Market Price$18.92
Pidgeot,https://www.phygitals.com/pokemon/18,1,$18.92,$18.92,,,,$18.92
Pidgeot,https://www.phygitals.com/pokemon/18,1,Market Price$17.02,$17.02,,,,Market Price$17.02
Pidgeot,https://www.phygitals.com/pokemon/18,1,$17.02,$17.02,,,,$17.02
Pidgeot,https://www.phygitals.com/pokemon/18,1,Market Price$14.22,$14.22,,,,Market Price$14.22
Pidgeot,https://www.phygitals.com/pokemon/18,1,$14.22,$14.22,,,,$14.22
Pidgeot,https://www.phygitals.com/pokemon/18,1,Market Price$13.94,$13.94,,,,Market Price$13.94
Pidgeot,https://www.phygitals.com/pokemon/18,1,$13.94,$13.94,,,,$13.94
Pidgeot,https://www.phygitals.com/pokemon/18,1,Market Price$12.40,$12.40,,,,Market Price$12.40
Pidgeot,https://www.phygitals.com/pokemon/18,1,$12.40,$12.40,,,,$12.40
Pidgeot,https://www.phygitals.com/pokemon/18,1,Market Price$7.89,$7.89,,,,Market Price$7.89
Pidgeot,https://www.phygitals.com/pokemon/18,1,$7.89,$7.89,,,,$7.89
Pidgeot,https://www.phygitals.com/pokemon/18,1,Market Price$6.36,$6.36,,,,Market Price$6.36
Pidgeot,https://www.phygitals.com/pokemon/18,1,$6.36,$6.36,,,,$6.36
Pidgeot,https://www.phygitals.com/pokemon/18,1,Market Price$5.74,$5.74,,,,Market Price$5.74
Pidgeot,https://www.phygitals.com/pokemon/18,1,$5.74,$5.74,,,,$5.74
Pidgeot,https://www.phygitals.com/pokemon/18,1,Market Price$5.16,$5.16,,,,Market Price$5.16
Pidgeot,https://www.phygitals.com/pokemon/18,1,$5.16,$5.16,,,,$5.16
Pidgeot,https://www.phygitals.com/pokemon/18,1,Market Price$3.80,$3.80,,,,Market Price$3.80
Pidgeot,https://www.phygitals.com/pokemon/18,1,$3.80,$3.80,,,,$3.80
Pidgeot,https://www.phygitals.com/pokemon/18,1,Market Price$3.70,$3.70,,,,Market Price$3.70
Pidgeot,https://www.phygitals.com/pokemon/18,1,$3.70,$3.70,,,,$3.70
Pidgeot,https://www.phygitals.com/pokemon/18,1,Market Price$3.32,$3.32,,,,Market Price$3.32
Pidgeot,https://www.phygitals.com/pokemon/18,1,$3.32,$3.32,,,,$3.32
Pidgeot,https://www.phygitals.com/pokemon/18,1,Market Price$2.85,$2.85,,,,Market Price$2.85
Pidgeot,https://www.phygitals.com/pokemon/18,1,$2.85,$2.85,,,,$2.85
Pidgeot,https://www.phygitals.com/pokemon/18,1,Market Price$2.41,$2.41,,,,Market Price$2.41
Pidgeot,https://www.phygitals.com/pokemon/18,1,$2.41,$2.41,,,,$2.41
Pidgeot,https://www.phygitals.com/pokemon/18,1,Market Price$1.93,$1.93,,,,Market Price$1.93
Pidgeot,https://www.phygitals.com/pokemon/18,1,$1.93,$1.93,,,,$1.93
Pidgeot,https://www.phygitals.com/pokemon/18,1,Market Price$1.86,$1.86,,,,Market Price$1.86
Pidgeot,https://www.phygitals.com/pokemon/18,1,$1.86,$1.86,,,,$1.86
Pidgeot,https://www.phygitals.com/pokemon/18,1,Market Price$1.18,$1.18,,,,Market Price$1.18
Pidgeot,https://www.phygitals.com/pokemon/18,1,$1.18,$1.18,,,,$1.18
Pidgeot,https://www.phygitals.com/pokemon/18,1,Market Price$0.96,$0.96,,,,Market Price$0.96
Pidgeot,https://www.phygitals.com/pokemon/18,1,$0.96,$0.96,,,,$0.96
Pidgeot,https://www.phygitals.com/pokemon/18,1,Market Price$0.79,$0.79,,,,Market Price$0.79
Pidgeot,https://www.phygitals.com/pokemon/18,1,$0.79,$0.79,,,,$0.79
Pidgeot,https://www.phygitals.com/pokemon/18,1,Market Price$0.61,$0.61,,,,Market Price$0.61
Pidgeot,https://www.phygitals.com/pokemon/18,1,$0.61,$0.61,,,,$0.61
Pidgeot,https://www.phygitals.com/pokemon/18,1,Market Price$0.10,$0.10,,,,Market Price$0.10
Pidgeot,https://www.phygitals.com/pokemon/18,1,$0.10,$0.10,,,,$0.10
Rattata,https://www.phygitals.com/pokemon/19,1,Value,$53,,,,Value$53
Rattata,https://www.phygitals.com/pokemon/19,1,Market Price$40.32,$40.32,,,,Market Price$40.32
Rattata,https://www.phygitals.com/pokemon/19,1,$40.32,$40.32,,,,$40.32
Rattata,https://www.phygitals.com/pokemon/19,1,Market Price$3.82,$3.82,,,,Market Price$3.82
Rattata,https://www.phygitals.com/pokemon/19,1,$3.82,$3.82,,,,$3.82
Rattata,https://www.phygitals.com/pokemon/19,1,Market Price$3.42,$3.42,,,,Market Price$3.42
Rattata,https://www.phygitals.com/pokemon/19,1,$3.42,$3.42,,,,$3.42
Rattata,https://www.phygitals.com/pokemon/19,1,Market Price$0.62,$0.62,,,,Market Price$0.62
Rattata,https://www.phygitals.com/pokemon/19,1,$0.62,$0.62,,,,$0.62
Rattata,https://www.phygitals.com/pokemon/19,1,Market Price$0.49,$0.49,,,,Market Price$0.49
Rattata,https://www.phygitals.com/pokemon/19,1,$0.49,$0.49,,,,$0.49
Rattata,https://www.phygitals.com/pokemon/19,1,Market Price$0.46,$0.46,,,,Market Price$0.46
Rattata,https://www.phygitals.com/pokemon/19,1,$0.46,$0.46,,,,$0.46
Rattata,https://www.phygitals.com/pokemon/19,1,Market Price$0.44,$0.44,,,,Market Price$0.44
Rattata,https://www.phygitals.com/pokemon/19,1,$0.44,$0.44,,,,$0.44
Rattata,https://www.phygitals.com/pokemon/19,1,Market Price$0.43,$0.43,,,,Market Price$0.43
Rattata,https://www.phygitals.com/pokemon/19,1,$0.43,$0.43,,,,$0.43
Rattata,https://www.phygitals.com/pokemon/19,1,Market Price$0.36,$0.36,,,,Market Price$0.36
Rattata,https://www.phygitals.com/pokemon/19,1,$0.36,$0.36,,,,$0.36
Rattata,https://www.phygitals.com/pokemon/19,1,Market Price$0.29,$0.29,,,,Market Price$0.29
Rattata,https://www.phygitals.com/pokemon/19,1,$0.29,$0.29,,,,$0.29
Rattata,https://www.phygitals.com/pokemon/19,1,Market Price$0.27,$0.27,,,,Market Price$0.27
Rattata,https://www.phygitals.com/pokemon/19,1,$0.27,$0.27,,,,$0.27
Rattata,https://www.phygitals.com/pokemon/19,1,Market Price$0.24,$0.24,,,,Market Price$0.24
Rattata,https://www.phygitals.com/pokemon/19,1,$0.24,$0.24,,,,$0.24
Rattata,https://www.phygitals.com/pokemon/19,1,Market Price$0.16,$0.16,,,,Market Price$0.16
Rattata,https://www.phygitals.com/pokemon/19,1,$0.16,$0.16,,,,$0.16
Rattata,https://www.phygitals.com/pokemon/19,1,Market Price$0.13,$0.13,,,,Market Price$0.13
Rattata,https://www.phygitals.com/pokemon/19,1,$0.13,$0.13,,,,$0.13
Rattata,https://www.phygitals.com/pokemon/19,1,Market Price$0.12,$0.12,,,,Market Price$0.12
Rattata,https://www.phygitals.com/pokemon/19,1,$0.12,$0.12,,,,$0.12
Rattata,https://www.phygitals.com/pokemon/19,1,Market Price$0.10,$0.10,,,,Market Price$0.10
Rattata,https://www.phygitals.com/pokemon/19,1,$0.10,$0.10,,,,$0.10
Rattata,https://www.phygitals.com/pokemon/19,1,Market Price$0.09,$0.09,,,,Market Price$0.09
Rattata,https://www.phygitals.com/pokemon/19,1,$0.09,$0.09,,,,$0.09
Rattata,https://www.phygitals.com/pokemon/19,1,Market Price$0.08,$0.08,,,,Market Price$0.08
Rattata,https://www.phygitals.com/pokemon/19,1,$0.08,$0.08,,,,$0.08
Rattata,https://www.phygitals.com/pokemon/19,1,Market Price$0.07,$0.07,,,,Market Price$0.07
Rattata,https://www.phygitals.com/pokemon/19,1,$0.07,$0.07,,,,$0.07
Rattata,https://www.phygitals.com/pokemon/19,1,Market Price$0.03,$0.03,,,,Market Price$0.03
Rattata,https://www.phygitals.com/pokemon/19,1,$0.03,$0.03,,,,$0.03
Raticate,https://www.phygitals.com/pokemon/20,1,Value,$51,,,,Value$51
Raticate,https://www.phygitals.com/pokemon/20,1,Market Price$15.34,$15.34,,,,Market Price$15.34
Raticate,https://www.phygitals.com/pokemon/20,1,$15.34,$15.34,,,,$15.34
Raticate,https://www.phygitals.com/pokemon/20,1,Market Price$8.54,$8.54,,,,Market Price$8.54
Raticate,https://www.phygitals.com/pokemon/20,1,$8.54,$8.54,,,,$8.54
Raticate,https://www.phygitals.com/pokemon/20,1,Market Price$4.58,$4.58,,,,Market Price$4.58
Raticate,https://www.phygitals.com/pokemon/20,1,$4.58,$4.58,,,,$4.58
Raticate,https://www.phygitals.com/pokemon/20,1,Market Price$3.59,$3.59,,,,Market Price$3.59
Raticate,https://www.phygitals.com/pokemon/20,1,$3.59,$3.59,,,,$3.59
Raticate,https://www.phygitals.com/pokemon/20,1,Market Price$3.01,$3.01,,,,Market Price$3.01
Raticate,https://www.phygitals.com/pokemon/20,1,$3.01,$3.01,,,,$3.01
Raticate,https://www.phygitals.com/pokemon/20,1,Market Price$2.81,$2.81,,,,Market Price$2.81
Raticate,https://www.phygitals.com/pokemon/20,1,$2.81,$2.81,,,,$2.81
Raticate,https://www.phygitals.com/pokemon/20,1,Market Price$2.57,$2.57,,,,Market Price$2.57
Raticate,https://www.phygitals.com/pokemon/20,1,$2.57,$2.57,,,,$2.57
Raticate,https://www.phygitals.com/pokemon/20,1,Market Price$2.51,$2.51,,,,Market Price$2.51
Raticate,https://www.phygitals.com/pokemon/20,1,$2.51,$2.51,,,,$2.51
Raticate,https://www.phygitals.com/pokemon/20,1,Market Price$2.05,$2.05,,,,Market Price$2.05
Raticate,https://www.phygitals.com/pokemon/20,1,$2.05,$2.05,,,,$2.05
Raticate,https://www.phygitals.com/pokemon/20,1,Market Price$1.13,$1.13,,,,Market Price$1.13
Raticate,https://www.phygitals.com/pokemon/20,1,$1.13,$1.13,,,,$1.13
Raticate,https://www.phygitals.com/pokemon/20,1,Market Price$0.92,$0.92,,,,Market Price$0.92
Raticate,https://www.phygitals.com/pokemon/20,1,$0.92,$0.92,,,,$0.92
Raticate,https://www.phygitals.com/pokemon/20,1,Market Price$0.87,$0.87,,,,Market Price$0.87
Raticate,https://www.phygitals.com/pokemon/20,1,$0.87,$0.87,,,,$0.87
Raticate,https://www.phygitals.com/pokemon/20,1,Market Price$0.62,$0.62,,,,Market Price$0.62
Raticate,https://www.phygitals.com/pokemon/20,1,$0.62,$0.62,,,,$0.62
Raticate,https://www.phygitals.com/pokemon/20,1,Market Price$0.52,$0.52,,,,Market Price$0.52
Raticate,https://www.phygitals.com/pokemon/20,1,$0.52,$0.52,,,,$0.52
Raticate,https://www.phygitals.com/pokemon/20,1,Market Price$0.40,$0.40,,,,Market Price$0.40
Raticate,https://www.phygitals.com/pokemon/20,1,$0.40,$0.40,,,,$0.40
Raticate,https://www.phygitals.com/pokemon/20,1,Market Price$0.37,$0.37,,,,Market Price$0.37
Raticate,https://www.phygitals.com/pokemon/20,1,$0.37,$0.37,,,,$0.37
Raticate,https://www.phygitals.com/pokemon/20,1,Market Price$0.19,$0.19,,,,Market Price$0.19
Raticate,https://www.phygitals.com/pokemon/20,1,$0.19,$0.19,,,,$0.19
Raticate,https://www.phygitals.com/pokemon/20,1,Market Price$0.18,$0.18,,,,Market Price$0.18
Raticate,https://www.phygitals.com/pokemon/20,1,$0.18,$0.18,,,,$0.18
Raticate,https://www.phygitals.com/pokemon/20,1,Market Price$0.16,$0.16,,,,Market Price$0.16
Raticate,https://www.phygitals.com/pokemon/20,1,$0.16,$0.16,,,,$0.16
Raticate,https://www.phygitals.com/pokemon/20,1,Market Price$0.14,$0.14,,,,Market Price$0.14
Raticate,https://www.phygitals.com/pokemon/20,1,$0.14,$0.14,,,,$0.14
Raticate,https://www.phygitals.com/pokemon/20,1,Market Price$0.13,$0.13,,,,Market Price$0.13
Raticate,https://www.phygitals.com/pokemon/20,1,$0.13,$0.13,,,,$0.13
Raticate,https://www.phygitals.com/pokemon/20,1,Market Price$0.10,$0.10,,,,Market Price$0.10
Raticate,https://www.phygitals.com/pokemon/20,1,$0.10,$0.10,,,,$0.10
Raticate,https://www.phygitals.com/pokemon/20,1,Market Price$0.08,$0.08,,,,Market Price$0.08
Raticate,https://www.phygitals.com/pokemon/20,1,$0.08,$0.08,,,,$0.08
Raticate,https://www.phygitals.com/pokemon/20,1,Market Price$0.07,$0.07,,,,Market Price$0.07
Raticate,https://www.phygitals.com/pokemon/20,1,$0.07,$0.07,,,,$0.07
Spearow,https://www.phygitals.com/pokemon/21,1,Value,$9,,,,Value$9
Spearow,https://www.phygitals.com/pokemon/21,1,Market Price$4.41,$4.41,,,,Market Price$4.41
Spearow,https://www.phygitals.com/pokemon/21,1,$4.41,$4.41,,,,$4.41
Spearow,https://www.phygitals.com/pokemon/21,1,Market Price$1.74,$1.74,,,,Market Price$1.74
Spearow,https://www.phygitals.com/pokemon/21,1,$1.74,$1.74,,,,$1.74
Spearow,https://www.phygitals.com/pokemon/21,1,Market Price$0.54,$0.54,,,,Market Price$0.54
Spearow,https://www.phygitals.com/pokemon/21,1,$0.54,$0.54,,,,$0.54
Spearow,https://www.phygitals.com/pokemon/21,1,Market Price$0.51,$0.51,,,,Market Price$0.51
Spearow,https://www.phygitals.com/pokemon/21,1,$0.51,$0.51,,,,$0.51
Spearow,https://www.phygitals.com/pokemon/21,1,Market Price$0.50,$0.50,,,,Market Price$0.50
Spearow,https://www.phygitals.com/pokemon/21,1,$0.50,$0.50,,,,$0.50
Spearow,https://www.phygitals.com/pokemon/21,1,Market Price$0.37,$0.37,,,,Market Price$0.37
Spearow,https://www.phygitals.com/pokemon/21,1,$0.37,$0.37,,,,$0.37
Spearow,https://www.phygitals.com/pokemon/21,1,Market Price$0.27,$0.27,,,,Market Price$0.27
Spearow,https://www.phygitals.com/pokemon/21,1,$0.27,$0.27,,,,$0.27
Spearow,https://www.phygitals.com/pokemon/21,1,Market Price$0.25,$0.25,,,,Market Price$0.25
Spearow,https://www.phygitals.com/pokemon/21,1,$0.25,$0.25,,,,$0.25
Spearow,https://www.phygitals.com/pokemon/21,1,Market Price$0.24,$0.24,,,,Market Price$0.24
Spearow,https://www.phygitals.com/pokemon/21,1,$0.24,$0.24,,,,$0.24
Spearow,https://www.phygitals.com/pokemon/21,1,Market Price$0.12,$0.12,,,,Market Price$0.12
Spearow,https://www.phygitals.com/pokemon/21,1,$0.12,$0.12,,,,$0.12
Spearow,https://www.phygitals.com/pokemon/21,1,Market Price$0.10,$0.10,,,,Market Price$0.10
Spearow,https://www.phygitals.com/pokemon/21,1,$0.10,$0.10,,,,$0.10
Spearow,https://www.phygitals.com/pokemon/21,1,Market Price$0.08,$0.08,,,,Market Price$0.08
Spearow,https://www.phygitals.com/pokemon/21,1,$0.08,$0.08,,,,$0.08
Spearow,https://www.phygitals.com/pokemon/21,1,Market Price$0.04,$0.04,,,,Market Price$0.04
Spearow,https://www.phygitals.com/pokemon/21,1,$0.04,$0.04,,,,$0.04
Spearow,https://www.phygitals.com/pokemon/21,1,Market Price$0.03,$0.03,,,,Market Price$0.03
Spearow,https://www.phygitals.com/pokemon/21,1,$0.03,$0.03,,,,$0.03
Fearow,https://www.phygitals.com/pokemon/22,1,Value,$193,,,,Value$193
Fearow,https://www.phygitals.com/pokemon/22,1,Market Price$79.00,$79.00,,,,Market Price$79.00
Fearow,https://www.phygitals.com/pokemon/22,1,$79.00,$79.00,,,,$79.00
Fearow,https://www.phygitals.com/pokemon/22,1,Market Price$77.78,$77.78,,,,Market Price$77.78
Fearow,https://www.phygitals.com/pokemon/22,1,$77.78,$77.78,,,,$77.78
Fearow,https://www.phygitals.com/pokemon/22,1,Market Price$21.56,$21.56,,,,Market Price$21.56
Fearow,https://www.phygitals.com/pokemon/22,1,$21.56,$21.56,,,,$21.56
Fearow,https://www.phygitals.com/pokemon/22,1,Market Price$4.69,$4.69,,,,Market Price$4.69
Fearow,https://www.phygitals.com/pokemon/22,1,$4.69,$4.69,,,,$4.69
Fearow,https://www.phygitals.com/pokemon/22,1,Market Price$2.09,$2.09,,,,Market Price$2.09
Fearow,https://www.phygitals.com/pokemon/22,1,$2.09,$2.09,,,,$2.09
Fearow,https://www.phygitals.com/pokemon/22,1,Market Price$1.93,$1.93,,,,Market Price$1.93
Fearow,https://www.phygitals.com/pokemon/22,1,$1.93,$1.93,,,,$1.93
Fearow,https://www.phygitals.com/pokemon/22,1,Market Price$1.58,$1.58,,,,Market Price$1.58
Fearow,https://www.phygitals.com/pokemon/22,1,$1.58,$1.58,,,,$1.58
Fearow,https://www.phygitals.com/pokemon/22,1,Market Price$1.32,$1.32,,,,Market Price$1.32
Fearow,https://www.phygitals.com/pokemon/22,1,$1.32,$1.32,,,,$1.32
Fearow,https://www.phygitals.com/pokemon/22,1,Market Price$0.95,$0.95,,,,Market Price$0.95
Fearow,https://www.phygitals.com/pokemon/22,1,$0.95,$0.95,,,,$0.95
Fearow,https://www.phygitals.com/pokemon/22,1,Market Price$0.49,$0.49,,,,Market Price$0.49
Fearow,https://www.phygitals.com/pokemon/22,1,$0.49,$0.49,,,,$0.49
Fearow,https://www.phygitals.com/pokemon/22,1,Market Price$0.39,$0.39,,,,Market Price$0.39
Fearow,https://www.phygitals.com/pokemon/22,1,$0.39,$0.39,,,,$0.39
Fearow,https://www.phygitals.com/pokemon/22,1,Market Price$0.22,$0.22,,,,Market Price$0.22
Fearow,https://www.phygitals.com/pokemon/22,1,$0.22,$0.22,,,,$0.22
Fearow,https://www.phygitals.com/pokemon/22,1,Market Price$0.17,$0.17,,,,Market Price$0.17
Fearow,https://www.phygitals.com/pokemon/22,1,$0.17,$0.17,,,,$0.17
Fearow,https://www.phygitals.com/pokemon/22,1,Market Price$0.12,$0.12,,,,Market Price$0.12
Fearow,https://www.phygitals.com/pokemon/22,1,$0.12,$0.12,,,,$0.12
Fearow,https://www.phygitals.com/pokemon/22,1,Market Price$0.11,$0.11,,,,Market Price$0.11
Fearow,https://www.phygitals.com/pokemon/22,1,$0.11,$0.11,,,,$0.11
Fearow,https://www.phygitals.com/pokemon/22,1,Market Price$0.09,$0.09,,,,Market Price$0.09
Fearow,https://www.phygitals.com/pokemon/22,1,$0.09,$0.09,,,,$0.09
Fearow,https://www.phygitals.com/pokemon/22,1,Market Price$0.06,$0.06,,,,Market Price$0.06
Fearow,https://www.phygitals.com/pokemon/22,1,$0.06,$0.06,,,,$0.06
Fearow,https://www.phygitals.com/pokemon/22,1,Market Price$0.04,$0.04,,,,Market Price$0.04
Fearow,https://www.phygitals.com/pokemon/22,1,$0.04,$0.04,,,,$0.04
Ekans,https://www.phygitals.com/pokemon/23,1,Value,$5,,,,Value$5
Ekans,https://www.phygitals.com/pokemon/23,1,Market Price$2.00,$2.00,,,,Market Price$2.00
Ekans,https://www.phygitals.com/pokemon/23,1,$2.00,$2.00,,,,$2.00
Ekans,https://www.phygitals.com/pokemon/23,1,Market Price$0.69,$0.69,,,,Market Price$0.69
Ekans,https://www.phygitals.com/pokemon/23,1,$0.69,$0.69,,,,$0.69
Ekans,https://www.phygitals.com/pokemon/23,1,Market Price$0.49,$0.49,,,,Market Price$0.49
Ekans,https://www.phygitals.com/pokemon/23,1,$0.49,$0.49,,,,$0.49
Ekans,https://www.phygitals.com/pokemon/23,1,Market Price$0.44,$0.44,,,,Market Price$0.44
Ekans,https://www.phygitals.com/pokemon/23,1,$0.44,$0.44,,,,$0.44
Ekans,https://www.phygitals.com/pokemon/23,1,Market Price$0.28,$0.28,,,,Market Price$0.28
Ekans,https://www.phygitals.com/pokemon/23,1,$0.28,$0.28,,,,$0.28
Ekans,https://www.phygitals.com/pokemon/23,1,Market Price$0.18,$0.18,,,,Market Price$0.18
Ekans,https://www.phygitals.com/pokemon/23,1,$0.18,$0.18,,,,$0.18
Ekans,https://www.phygitals.com/pokemon/23,1,Market Price$0.15,$0.15,,,,Market Price$0.15
Ekans,https://www.phygitals.com/pokemon/23,1,$0.15,$0.15,,,,$0.15
Ekans,https://www.phygitals.com/pokemon/23,1,Market Price$0.13,$0.13,,,,Market Price$0.13
Ekans,https://www.phygitals.com/pokemon/23,1,$0.13,$0.13,,,,$0.13
Ekans,https://www.phygitals.com/pokemon/23,1,Market Price$0.11,$0.11,,,,Market Price$0.11
Ekans,https://www.phygitals.com/pokemon/23,1,$0.11,$0.11,,,,$0.11
Ekans,https://www.phygitals.com/pokemon/23,1,Market Price$0.09,$0.09,,,,Market Price$0.09
Ekans,https://www.phygitals.com/pokemon/23,1,$0.09,$0.09,,,,$0.09
Ekans,https://www.phygitals.com/pokemon/23,1,Market Price$0.08,$0.08,,,,Market Price$0.08
Ekans,https://www.phygitals.com/pokemon/23,1,$0.08,$0.08,,,,$0.08
Ekans,https://www.phygitals.com/pokemon/23,1,Market Price$0.05,$0.05,,,,Market Price$0.05
Ekans,https://www.phygitals.com/pokemon/23,1,$0.05,$0.05,,,,$0.05
Ekans,https://www.phygitals.com/pokemon/23,1,Market Price$0.04,$0.04,,,,Market Price$0.04
Ekans,https://www.phygitals.com/pokemon/23,1,$0.04,$0.04,,,,$0.04
Arbok,https://www.phygitals.com/pokemon/24,1,Value,$128,,,,Value$128
Arbok,https://www.phygitals.com/pokemon/24,1,Market Price$48.80,$48.80,,,,Market Price$48.80
Arbok,https://www.phygitals.com/pokemon/24,1,$48.80,$48.80,,,,$48.80
Arbok,https://www.phygitals.com/pokemon/24,1,Market Price$40.50,$40.50,,,,Market Price$40.50
Arbok,https://www.phygitals.com/pokemon/24,1,$40.50,$40.50,,,,$40.50
Arbok,https://www.phygitals.com/pokemon/24,1,Market Price$15.69,$15.69,,,,Market Price$15.69
Arbok,https://www.phygitals.com/pokemon/24,1,$15.69,$15.69,,,,$15.69
Arbok,https://www.phygitals.com/pokemon/24,1,Market Price$7.04,$7.04,,,,Market Price$7.04
Arbok,https://www.phygitals.com/pokemon/24,1,$7.04,$7.04,,,,$7.04
Arbok,https://www.phygitals.com/pokemon/24,1,Market Price$5.29,$5.29,,,,Market Price$5.29
Arbok,https://www.phygitals.com/pokemon/24,1,$5.29,$5.29,,,,$5.29
Arbok,https://www.phygitals.com/pokemon/24,1,Market Price$3.77,$3.77,,,,Market Price$3.77
Arbok,https://www.phygitals.com/pokemon/24,1,$3.77,$3.77,,,,$3.77
Arbok,https://www.phygitals.com/pokemon/24,1,Market Price$1.82,$1.82,,,,Market Price$1.82
Arbok,https://www.phygitals.com/pokemon/24,1,$1.82,$1.82,,,,$1.82
Arbok,https://www.phygitals.com/pokemon/24,1,Market Price$1.59,$1.59,,,,Market Price$1.59
Arbok,https://www.phygitals.com/pokemon/24,1,$1.59,$1.59,,,,$1.59
Arbok,https://www.phygitals.com/pokemon/24,1,Market Price$0.90,$0.90,,,,Market Price$0.90
Arbok,https://www.phygitals.com/pokemon/24,1,$0.90,$0.90,,,,$0.90
Arbok,https://www.phygitals.com/pokemon/24,1,Market Price$0.70,$0.70,,,,Market Price$0.70
Arbok,https://www.phygitals.com/pokemon/24,1,$0.70,$0.70,,,,$0.70
Arbok,https://www.phygitals.com/pokemon/24,1,Market Price$0.54,$0.54,,,,Market Price$0.54
Arbok,https://www.phygitals.com/pokemon/24,1,$0.54,$0.54,,,,$0.54
Arbok,https://www.phygitals.com/pokemon/24,1,Market Price$0.38,$0.38,,,,Market Price$0.38
Arbok,https://www.phygitals.com/pokemon/24,1,$0.38,$0.38,,,,$0.38
Arbok,https://www.phygitals.com/pokemon/24,1,Market Price$0.29,$0.29,,,,Market Price$0.29
Arbok,https://www.phygitals.com/pokemon/24,1,$0.29,$0.29,,,,$0.29
Arbok,https://www.phygitals.com/pokemon/24,1,Market Price$0.21,$0.21,,,,Market Price$0.21
Arbok,https://www.phygitals.com/pokemon/24,1,$0.21,$0.21,,,,$0.21
Arbok,https://www.phygitals.com/pokemon/24,1,Market Price$0.11,$0.11,,,,Market Price$0.11
Arbok,https://www.phygitals.com/pokemon/24,1,$0.11,$0.11,,,,$0.11
Arbok,https://www.phygitals.com/pokemon/24,1,Market Price$0.09,$0.09,,,,Market Price$0.09
Arbok,https://www.phygitals.com/pokemon/24,1,$0.09,$0.09,,,,$0.09
Arbok,https://www.phygitals.com/pokemon/24,1,Market Price$0.07,$0.07,,,,Market Price$0.07
Arbok,https://www.phygitals.com/pokemon/24,1,$0.07,$0.07,,,,$0.07
Pikachu,https://www.phygitals.com/pokemon/25,1,Value,"$8,033",,,,"Value$8,033"
Pikachu,https://www.phygitals.com/pokemon/25,1,Market Price$2032.83,$2032.83,,,,Market Price$2032.83
Pikachu,https://www.phygitals.com/pokemon/25,1,$2032.83,$2032.83,,,,$2032.83
Pikachu,https://www.phygitals.com/pokemon/25,1,Market Price$616.09,$616.09,,,,Market Price$616.09
Pikachu,https://www.phygitals.com/pokemon/25,1,$616.09,$616.09,,,,$616.09
Pikachu,https://www.phygitals.com/pokemon/25,1,Market Price$349.35,$349.35,,,,Market Price$349.35
Pikachu,https://www.phygitals.com/pokemon/25,1,$349.35,$349.35,,,,$349.35
Pikachu,https://www.phygitals.com/pokemon/25,1,Market Price$325.00,$325.00,,,,Market Price$325.00
Pikachu,https://www.phygitals.com/pokemon/25,1,$325.00,$325.00,,,,$325.00
Pikachu,https://www.phygitals.com/pokemon/25,1,Market Price$258.92,$258.92,,,,Market Price$258.92
Pikachu,https://www.phygitals.com/pokemon/25,1,$258.92,$258.92,,,,$258.92
Pikachu,https://www.phygitals.com/pokemon/25,1,Market Price$256.67,$256.67,,,,Market Price$256.67
Pikachu,https://www.phygitals.com/pokemon/25,1,$256.67,$256.67,,,,$256.67
Pikachu,https://www.phygitals.com/pokemon/25,1,Market Price$185.88,$185.88,,,,Market Price$185.88
Pikachu,https://www.phygitals.com/pokemon/25,1,$185.88,$185.88,,,,$185.88
Pikachu,https://www.phygitals.com/pokemon/25,1,Market Price$185.06,$185.06,,,,Market Price$185.06
Pikachu,https://www.phygitals.com/pokemon/25,1,$185.06,$185.06,,,,$185.06
Pikachu,https://www.phygitals.com/pokemon/25,1,Market Price$170.51,$170.51,,,,Market Price$170.51
Pikachu,https://www.phygitals.com/pokemon/25,1,$170.51,$170.51,,,,$170.51
Pikachu,https://www.phygitals.com/pokemon/25,1,Market Price$150.98,$150.98,,,,Market Price$150.98
Pikachu,https://www.phygitals.com/pokemon/25,1,$150.98,$150.98,,,,$150.98
Pikachu,https://www.phygitals.com/pokemon/25,1,Market Price$150.00,$150.00,,,,Market Price$150.00
Pikachu,https://www.phygitals.com/pokemon/25,1,$150.00,$150.00,,,,$150.00
Pikachu,https://www.phygitals.com/pokemon/25,1,Market Price$145.96,$145.96,,,,Market Price$145.96
Pikachu,https://www.phygitals.com/pokemon/25,1,$145.96,$145.96,,,,$145.96
Pikachu,https://www.phygitals.com/pokemon/25,1,Market Price$145.70,$145.70,,,,Market Price$145.70
Pikachu,https://www.phygitals.com/pokemon/25,1,$145.70,$145.70,,,,$145.70
Pikachu,https://www.phygitals.com/pokemon/25,1,Market Price$131.01,$131.01,,,,Market Price$131.01
Pikachu,https://www.phygitals.com/pokemon/25,1,$131.01,$131.01,,,,$131.01
Pikachu,https://www.phygitals.com/pokemon/25,1,Market Price$123.91,$123.91,,,,Market Price$123.91
Pikachu,https://www.phygitals.com/pokemon/25,1,$123.91,$123.91,,,,$123.91
Pikachu,https://www.phygitals.com/pokemon/25,1,Market Price$122.39,$122.39,,,,Market Price$122.39
Pikachu,https://www.phygitals.com/pokemon/25,1,$122.39,$122.39,,,,$122.39
Pikachu,https://www.phygitals.com/pokemon/25,1,Market Price$110.66,$110.66,,,,Market Price$110.66
Pikachu,https://www.phygitals.com/pokemon/25,1,$110.66,$110.66,,,,$110.66
Pikachu,https://www.phygitals.com/pokemon/25,1,Market Price$105.61,$105.61,,,,Market Price$105.61
Pikachu,https://www.phygitals.com/pokemon/25,1,$105.61,$105.61,,,,$105.61
Pikachu,https://www.phygitals.com/pokemon/25,1,Market Price$92.83,$92.83,,,,Market Price$92.83
Pikachu,https://www.phygitals.com/pokemon/25,1,$92.83,$92.83,,,,$92.83
Pikachu,https://www.phygitals.com/pokemon/25,1,Market Price$86.29,$86.29,,,,Market Price$86.29
Pikachu,https://www.phygitals.com/pokemon/25,1,$86.29,$86.29,,,,$86.29
Pikachu,https://www.phygitals.com/pokemon/25,1,Market Price$85.37,$85.37,,,,Market Price$85.37
Pikachu,https://www.phygitals.com/pokemon/25,1,$85.37,$85.37,,,,$85.37
Pikachu,https://www.phygitals.com/pokemon/25,1,Market Price$83.38,$83.38,,,,Market Price$83.38
Pikachu,https://www.phygitals.com/pokemon/25,1,$83.38,$83.38,,,,$83.38
Pikachu,https://www.phygitals.com/pokemon/25,1,Market Price$80.43,$80.43,,,,Market Price$80.43
Pikachu,https://www.phygitals.com/pokemon/25,1,$80.43,$80.43,,,,$80.43
Pikachu,https://www.phygitals.com/pokemon/25,1,Market Price$69.58,$69.58,,,,Market Price$69.58
Pikachu,https://www.phygitals.com/pokemon/25,1,$69.58,$69.58,,,,$69.58
Pikachu,https://www.phygitals.com/pokemon/25,1,Market Price$66.78,$66.78,,,,Market Price$66.78
Pikachu,https://www.phygitals.com/pokemon/25,1,$66.78,$66.78,,,,$66.78
Pikachu,https://www.phygitals.com/pokemon/25,1,Market Price$64.67,$64.67,,,,Market Price$64.67
Pikachu,https://www.phygitals.com/pokemon/25,1,$64.67,$64.67,,,,$64.67
Pikachu,https://www.phygitals.com/pokemon/25,1,Market Price$64.47,$64.47,,,,Market Price$64.47
Pikachu,https://www.phygitals.com/pokemon/25,1,$64.47,$64.47,,,,$64.47
Pikachu,https://www.phygitals.com/pokemon/25,1,Market Price$54.63,$54.63,,,,Market Price$54.63
Pikachu,https://www.phygitals.com/pokemon/25,1,$54.63,$54.63,,,,$54.63
Pikachu,https://www.phygitals.com/pokemon/25,1,Market Price$53.48,$53.48,,,,Market Price$53.48
Pikachu,https://www.phygitals.com/pokemon/25,1,$53.48,$53.48,,,,$53.48
Pikachu,https://www.phygitals.com/pokemon/25,1,Market Price$52.71,$52.71,,,,Market Price$52.71
Pikachu,https://www.phygitals.com/pokemon/25,1,$52.71,$52.71,,,,$52.71
Pikachu,https://www.phygitals.com/pokemon/25,1,Market Price$50.36,$50.36,,,,Market Price$50.36
Pikachu,https://www.phygitals.com/pokemon/25,1,$50.36,$50.36,,,,$50.36
Pikachu,https://www.phygitals.com/pokemon/25,1,Market Price$49.93,$49.93,,,,Market Price$49.93
Pikachu,https://www.phygitals.com/pokemon/25,1,$49.93,$49.93,,,,$49.93
Pikachu,https://www.phygitals.com/pokemon/25,1,Market Price$49.77,$49.77,,,,Market Price$49.77
Pikachu,https://www.phygitals.com/pokemon/25,1,$49.77,$49.77,,,,$49.77
Pikachu,https://www.phygitals.com/pokemon/25,1,Market Price$49.41,$49.41,,,,Market Price$49.41
Pikachu,https://www.phygitals.com/pokemon/25,1,$49.41,$49.41,,,,$49.41
Pikachu,https://www.phygitals.com/pokemon/25,1,Market Price$48.38,$48.38,,,,Market Price$48.38
Pikachu,https://www.phygitals.com/pokemon/25,1,$48.38,$48.38,,,,$48.38
Pikachu,https://www.phygitals.com/pokemon/25,1,Market Price$40.89,$40.89,,,,Market Price$40.89
Pikachu,https://www.phygitals.com/pokemon/25,1,$40.89,$40.89,,,,$40.89
Pikachu,https://www.phygitals.com/pokemon/25,1,Market Price$38.89,$38.89,,,,Market Price$38.89
Pikachu,https://www.phygitals.com/pokemon/25,1,$38.89,$38.89,,,,$38.89
Pikachu,https://www.phygitals.com/pokemon/25,1,Market Price$37.44,$37.44,,,,Market Price$37.44
Pikachu,https://www.phygitals.com/pokemon/25,1,$37.44,$37.44,,,,$37.44
Pikachu,https://www.phygitals.com/pokemon/25,1,Market Price$37.41,$37.41,,,,Market Price$37.41
Pikachu,https://www.phygitals.com/pokemon/25,1,$37.41,$37.41,,,,$37.41
Pikachu,https://www.phygitals.com/pokemon/25,1,Market Price$36.67,$36.67,,,,Market Price$36.67
Pikachu,https://www.phygitals.com/pokemon/25,1,$36.67,$36.67,,,,$36.67
Pikachu,https://www.phygitals.com/pokemon/25,1,Market Price$36.45,$36.45,,,,Market Price$36.45
Pikachu,https://www.phygitals.com/pokemon/25,1,$36.45,$36.45,,,,$36.45
Pikachu,https://www.phygitals.com/pokemon/25,1,Market Price$36.06,$36.06,,,,Market Price$36.06
Pikachu,https://www.phygitals.com/pokemon/25,1,$36.06,$36.06,,,,$36.06
Pikachu,https://www.phygitals.com/pokemon/25,1,Market Price$35.76,$35.76,,,,Market Price$35.76
Pikachu,https://www.phygitals.com/pokemon/25,1,$35.76,$35.76,,,,$35.76
Pikachu,https://www.phygitals.com/pokemon/25,1,Market Price$33.73,$33.73,,,,Market Price$33.73
Pikachu,https://www.phygitals.com/pokemon/25,1,$33.73,$33.73,,,,$33.73
Pikachu,https://www.phygitals.com/pokemon/25,1,Market Price$30.43,$30.43,,,,Market Price$30.43
Pikachu,https://www.phygitals.com/pokemon/25,1,$30.43,$30.43,,,,$30.43
Pikachu,https://www.phygitals.com/pokemon/25,1,Market Price$30.37,$30.37,,,,Market Price$30.37
Pikachu,https://www.phygitals.com/pokemon/25,1,$30.37,$30.37,,,,$30.37
Pikachu,https://www.phygitals.com/pokemon/25,1,Market Price$29.31,$29.31,,,,Market Price$29.31
Pikachu,https://www.phygitals.com/pokemon/25,1,$29.31,$29.31,,,,$29.31
Pikachu,https://www.phygitals.com/pokemon/25,1,Market Price$29.07,$29.07,,,,Market Price$29.07
Pikachu,https://www.phygitals.com/pokemon/25,1,$29.07,$29.07,,,,$29.07
Pikachu,https://www.phygitals.com/pokemon/25,1,Market Price$28.42,$28.42,,,,Market Price$28.42
Pikachu,https://www.phygitals.com/pokemon/25,1,$28.42,$28.42,,,,$28.42
Pikachu,https://www.phygitals.com/pokemon/25,1,Market Price$27.94,$27.94,,,,Market Price$27.94
Pikachu,https://www.phygitals.com/pokemon/25,1,$27.94,$27.94,,,,$27.94
Pikachu,https://www.phygitals.com/pokemon/25,1,Market Price$27.82,$27.82,,,,Market Price$27.82
Pikachu,https://www.phygitals.com/pokemon/25,1,$27.82,$27.82,,,,$27.82
Pikachu,https://www.phygitals.com/pokemon/25,1,Market Price$26.92,$26.92,,,,Market Price$26.92
Pikachu,https://www.phygitals.com/pokemon/25,1,$26.92,$26.92,,,,$26.92
Pikachu,https://www.phygitals.com/pokemon/25,1,Market Price$25.84,$25.84,,,,Market Price$25.84
Pikachu,https://www.phygitals.com/pokemon/25,1,$25.84,$25.84,,,,$25.84
Pikachu,https://www.phygitals.com/pokemon/25,1,Market Price$25.36,$25.36,,,,Market Price$25.36
Pikachu,https://www.phygitals.com/pokemon/25,1,$25.36,$25.36,,,,$25.36
Pikachu,https://www.phygitals.com/pokemon/25,1,Market Price$25.16,$25.16,,,,Market Price$25.16
Pikachu,https://www.phygitals.com/pokemon/25,1,$25.16,$25.16,,,,$25.16
Pikachu,https://www.phygitals.com/pokemon/25,1,Market Price$24.81,$24.81,,,,Market Price$24.81
Pikachu,https://www.phygitals.com/pokemon/25,1,$24.81,$24.81,,,,$24.81
Pikachu,https://www.phygitals.com/pokemon/25,1,Market Price$24.74,$24.74,,,,Market Price$24.74
Pikachu,https://www.phygitals.com/pokemon/25,1,$24.74,$24.74,,,,$24.74
Pikachu,https://www.phygitals.com/pokemon/25,1,Market Price$24.63,$24.63,,,,Market Price$24.63
Pikachu,https://www.phygitals.com/pokemon/25,1,$24.63,$24.63,,,,$24.63
Pikachu,https://www.phygitals.com/pokemon/25,1,Market Price$23.74,$23.74,,,,Market Price$23.74
Pikachu,https://www.phygitals.com/pokemon/25,1,$23.74,$23.74,,,,$23.74
Pikachu,https://www.phygitals.com/pokemon/25,1,Market Price$22.70,$22.70,,,,Market Price$22.70
Pikachu,https://www.phygitals.com/pokemon/25,1,$22.70,$22.70,,,,$22.70
Pikachu,https://www.phygitals.com/pokemon/25,1,Market Price$21.94,$21.94,,,,Market Price$21.94
Pikachu,https://www.phygitals.com/pokemon/25,1,$21.94,$21.94,,,,$21.94
Pikachu,https://www.phygitals.com/pokemon/25,1,Market Price$21.93,$21.93,,,,Market Price$21.93
Pikachu,https://www.phygitals.com/pokemon/25,1,$21.93,$21.93,,,,$21.93
Pikachu,https://www.phygitals.com/pokemon/25,1,Market Price$21.58,$21.58,,,,Market Price$21.58
Pikachu,https://www.phygitals.com/pokemon/25,1,$21.58,$21.58,,,,$21.58
Pikachu,https://www.phygitals.com/pokemon/25,1,Market Price$20.63,$20.63,,,,Market Price$20.63
Pikachu,https://www.phygitals.com/pokemon/25,1,$20.63,$20.63,,,,$20.63
Pikachu,https://www.phygitals.com/pokemon/25,1,Market Price$20.16,$20.16,,,,Market Price$20.16
Pikachu,https://www.phygitals.com/pokemon/25,1,$20.16,$20.16,,,,$20.16
Pikachu,https://www.phygitals.com/pokemon/25,1,Market Price$18.90,$18.90,,,,Market Price$18.90
Pikachu,https://www.phygitals.com/pokemon/25,1,$18.90,$18.90,,,,$18.90
Pikachu,https://www.phygitals.com/pokemon/25,1,Market Price$16.64,$16.64,,,,Market Price$16.64
Pikachu,https://www.phygitals.com/pokemon/25,1,$16.64,$16.64,,,,$16.64
Pikachu,https://www.phygitals.com/pokemon/25,1,Market Price$16.53,$16.53,,,,Market Price$16.53
Pikachu,https://www.phygitals.com/pokemon/25,1,$16.53,$16.53,,,,$16.53
Pikachu,https://www.phygitals.com/pokemon/25,1,Market Price$16.07,$16.07,,,,Market Price$16.07
Pikachu,https://www.phygitals.com/pokemon/25,1,$16.07,$16.07,,,,$16.07
Pikachu,https://www.phygitals.com/pokemon/25,1,Market Price$15.68,$15.68,,,,Market Price$15.68
Pikachu,https://www.phygitals.com/pokemon/25,1,$15.68,$15.68,,,,$15.68
Pikachu,https://www.phygitals.com/pokemon/25,1,Market Price$15.22,$15.22,,,,Market Price$15.22
Pikachu,https://www.phygitals.com/pokemon/25,1,$15.22,$15.22,,,,$15.22
Pikachu,https://www.phygitals.com/pokemon/25,1,Market Price$14.85,$14.85,,,,Market Price$14.85
Pikachu,https://www.phygitals.com/pokemon/25,1,$14.85,$14.85,,,,$14.85
Pikachu,https://www.phygitals.com/pokemon/25,1,Market Price$14.58,$14.58,,,,Market Price$14.58
Pikachu,https://www.phygitals.com/pokemon/25,1,$14.58,$14.58,,,,$14.58
Pikachu,https://www.phygitals.com/pokemon/25,1,Market Price$14.25,$14.25,,,,Market Price$14.25
Pikachu,https://www.phygitals.com/pokemon/25,1,$14.25,$14.25,,,,$14.25
Pikachu,https://www.phygitals.com/pokemon/25,1,Market Price$13.69,$13.69,,,,Market Price$13.69
Pikachu,https://www.phygitals.com/pokemon/25,1,$13.69,$13.69,,,,$13.69
Pikachu,https://www.phygitals.com/pokemon/25,1,Market Price$13.37,$13.37,,,,Market Price$13.37
Pikachu,https://www.phygitals.com/pokemon/25,1,$13.37,$13.37,,,,$13.37
Pikachu,https://www.phygitals.com/pokemon/25,1,Market Price$11.72,$11.72,,,,Market Price$11.72
Pikachu,https://www.phygitals.com/pokemon/25,1,$11.72,$11.72,,,,$11.72
Pikachu,https://www.phygitals.com/pokemon/25,1,Market Price$10.91,$10.91,,,,Market Price$10.91
Pikachu,https://www.phygitals.com/pokemon/25,1,$10.91,$10.91,,,,$10.91
Pikachu,https://www.phygitals.com/pokemon/25,1,Market Price$10.31,$10.31,,,,Market Price$10.31
Pikachu,https://www.phygitals.com/pokemon/25,1,$10.31,$10.31,,,,$10.31
Pikachu,https://www.phygitals.com/pokemon/25,1,Market Price$10.28,$10.28,,,,Market Price$10.28
Pikachu,https://www.phygitals.com/pokemon/25,1,$10.28,$10.28,,,,$10.28
Pikachu,https://www.phygitals.com/pokemon/25,1,Market Price$10.22,$10.22,,,,Market Price$10.22
Pikachu,https://www.phygitals.com/pokemon/25,1,$10.22,$10.22,,,,$10.22
Pikachu,https://www.phygitals.com/pokemon/25,1,Market Price$9.71,$9.71,,,,Market Price$9.71
Pikachu,https://www.phygitals.com/pokemon/25,1,$9.71,$9.71,,,,$9.71
Pikachu,https://www.phygitals.com/pokemon/25,1,Market Price$9.38,$9.38,,,,Market Price$9.38
Pikachu,https://www.phygitals.com/pokemon/25,1,$9.38,$9.38,,,,$9.38
Pikachu,https://www.phygitals.com/pokemon/25,1,Market Price$9.21,$9.21,,,,Market Price$9.21
Pikachu,https://www.phygitals.com/pokemon/25,1,$9.21,$9.21,,,,$9.21
Pikachu,https://www.phygitals.com/pokemon/25,1,Market Price$8.82,$8.82,,,,Market Price$8.82
Pikachu,https://www.phygitals.com/pokemon/25,1,$8.82,$8.82,,,,$8.82
Pikachu,https://www.phygitals.com/pokemon/25,1,Market Price$8.75,$8.75,,,,Market Price$8.75
Pikachu,https://www.phygitals.com/pokemon/25,1,$8.75,$8.75,,,,$8.75
Pikachu,https://www.phygitals.com/pokemon/25,1,Market Price$8.49,$8.49,,,,Market Price$8.49
Pikachu,https://www.phygitals.com/pokemon/25,1,$8.49,$8.49,,,,$8.49
Pikachu,https://www.phygitals.com/pokemon/25,1,Market Price$7.91,$7.91,,,,Market Price$7.91
Pikachu,https://www.phygitals.com/pokemon/25,1,$7.91,$7.91,,,,$7.91
Pikachu,https://www.phygitals.com/pokemon/25,1,Market Price$7.87,$7.87,,,,Market Price$7.87
Pikachu,https://www.phygitals.com/pokemon/25,1,$7.87,$7.87,,,,$7.87
Pikachu,https://www.phygitals.com/pokemon/25,1,Market Price$7.76,$7.76,,,,Market Price$7.76
Pikachu,https://www.phygitals.com/pokemon/25,1,$7.76,$7.76,,,,$7.76
Pikachu,https://www.phygitals.com/pokemon/25,1,Market Price$7.71,$7.71,,,,Market Price$7.71
Pikachu,https://www.phygitals.com/pokemon/25,1,$7.71,$7.71,,,,$7.71
Pikachu,https://www.phygitals.com/pokemon/25,1,Market Price$7.68,$7.68,,,,Market Price$7.68
Pikachu,https://www.phygitals.com/pokemon/25,1,$7.68,$7.68,,,,$7.68
Pikachu,https://www.phygitals.com/pokemon/25,1,Market Price$6.36,$6.36,,,,Market Price$6.36
Pikachu,https://www.phygitals.com/pokemon/25,1,$6.36,$6.36,,,,$6.36
Pikachu,https://www.phygitals.com/pokemon/25,1,Market Price$6.08,$6.08,,,,Market Price$6.08
Pikachu,https://www.phygitals.com/pokemon/25,1,$6.08,$6.08,,,,$6.08
Pikachu,https://www.phygitals.com/pokemon/25,1,Market Price$6.03,$6.03,,,,Market Price$6.03
Pikachu,https://www.phygitals.com/pokemon/25,1,$6.03,$6.03,,,,$6.03
Pikachu,https://www.phygitals.com/pokemon/25,1,Market Price$5.96,$5.96,,,,Market Price$5.96
Pikachu,https://www.phygitals.com/pokemon/25,1,$5.96,$5.96,,,,$5.96
Pikachu,https://www.phygitals.com/pokemon/25,1,Market Price$5.70,$5.70,,,,Market Price$5.70
Pikachu,https://www.phygitals.com/pokemon/25,1,$5.70,$5.70,,,,$5.70
Pikachu,https://www.phygitals.com/pokemon/25,1,Market Price$5.52,$5.52,,,,Market Price$5.52
Pikachu,https://www.phygitals.com/pokemon/25,1,$5.52,$5.52,,,,$5.52
Pikachu,https://www.phygitals.com/pokemon/25,1,Market Price$5.49,$5.49,,,,Market Price$5.49
Pikachu,https://www.phygitals.com/pokemon/25,1,$5.49,$5.49,,,,$5.49
Pikachu,https://www.phygitals.com/pokemon/25,1,Market Price$5.41,$5.41,,,,Market Price$5.41
Pikachu,https://www.phygitals.com/pokemon/25,1,$5.41,$5.41,,,,$5.41
Pikachu,https://www.phygitals.com/pokemon/25,1,Market Price$5.39,$5.39,,,,Market Price$5.39
Pikachu,https://www.phygitals.com/pokemon/25,1,$5.39,$5.39,,,,$5.39
Pikachu,https://www.phygitals.com/pokemon/25,1,Market Price$5.31,$5.31,,,,Market Price$5.31
Pikachu,https://www.phygitals.com/pokemon/25,1,$5.31,$5.31,,,,$5.31
Pikachu,https://www.phygitals.com/pokemon/25,1,Market Price$5.22,$5.22,,,,Market Price$5.22
Pikachu,https://www.phygitals.com/pokemon/25,1,$5.22,$5.22,,,,$5.22
Pikachu,https://www.phygitals.com/pokemon/25,1,Market Price$5.13,$5.13,,,,Market Price$5.13
Pikachu,https://www.phygitals.com/pokemon/25,1,$5.13,$5.13,,,,$5.13
Pikachu,https://www.phygitals.com/pokemon/25,1,Market Price$5.10,$5.10,,,,Market Price$5.10
Pikachu,https://www.phygitals.com/pokemon/25,1,$5.10,$5.10,,,,$5.10
Pikachu,https://www.phygitals.com/pokemon/25,1,Market Price$5.04,$5.04,,,,Market Price$5.04
Pikachu,https://www.phygitals.com/pokemon/25,1,$5.04,$5.04,,,,$5.04
Pikachu,https://www.phygitals.com/pokemon/25,1,Market Price$4.99,$4.99,,,,Market Price$4.99
Pikachu,https://www.phygitals.com/pokemon/25,1,$4.99,$4.99,,,,$4.99
Pikachu,https://www.phygitals.com/pokemon/25,1,Market Price$4.97,$4.97,,,,Market Price$4.97
Pikachu,https://www.phygitals.com/pokemon/25,1,$4.97,$4.97,,,,$4.97
Pikachu,https://www.phygitals.com/pokemon/25,1,Market Price$4.80,$4.80,,,,Market Price$4.80
Pikachu,https://www.phygitals.com/pokemon/25,1,$4.80,$4.80,,,,$4.80
Pikachu,https://www.phygitals.com/pokemon/25,1,Market Price$4.79,$4.79,,,,Market Price$4.79
Pikachu,https://www.phygitals.com/pokemon/25,1,$4.79,$4.79,,,,$4.79
Pikachu,https://www.phygitals.com/pokemon/25,1,Market Price$4.71,$4.71,,,,Market Price$4.71
Pikachu,https://www.phygitals.com/pokemon/25,1,$4.71,$4.71,,,,$4.71
Pikachu,https://www.phygitals.com/pokemon/25,1,Market Price$4.49,$4.49,,,,Market Price$4.49
Pikachu,https://www.phygitals.com/pokemon/25,1,$4.49,$4.49,,,,$4.49
Pikachu,https://www.phygitals.com/pokemon/25,1,Market Price$4.05,$4.05,,,,Market Price$4.05
Pikachu,https://www.phygitals.com/pokemon/25,1,$4.05,$4.05,,,,$4.05
Pikachu,https://www.phygitals.com/pokemon/25,1,Market Price$4.00,$4.00,,,,Market Price$4.00
Pikachu,https://www.phygitals.com/pokemon/25,1,$4.00,$4.00,,,,$4.00
Pikachu,https://www.phygitals.com/pokemon/25,1,Market Price$3.89,$3.89,,,,Market Price$3.89
Pikachu,https://www.phygitals.com/pokemon/25,1,$3.89,$3.89,,,,$3.89
Pikachu,https://www.phygitals.com/pokemon/25,1,Market Price$3.83,$3.83,,,,Market Price$3.83
Pikachu,https://www.phygitals.com/pokemon/25,1,$3.83,$3.83,,,,$3.83
Pikachu,https://www.phygitals.com/pokemon/25,1,Market Price$3.67,$3.67,,,,Market Price$3.67
Pikachu,https://www.phygitals.com/pokemon/25,1,$3.67,$3.67,,,,$3.67
Pikachu,https://www.phygitals.com/pokemon/25,1,Market Price$3.49,$3.49,,,,Market Price$3.49
Pikachu,https://www.phygitals.com/pokemon/25,1,$3.49,$3.49,,,,$3.49
Pikachu,https://www.phygitals.com/pokemon/25,1,Market Price$3.19,$3.19,,,,Market Price$3.19
Pikachu,https://www.phygitals.com/pokemon/25,1,$3.19,$3.19,,,,$3.19
Pikachu,https://www.phygitals.com/pokemon/25,1,Market Price$3.04,$3.04,,,,Market Price$3.04
Pikachu,https://www.phygitals.com/pokemon/25,1,$3.04,$3.04,,,,$3.04
Pikachu,https://www.phygitals.com/pokemon/25,1,Market Price$2.86,$2.86,,,,Market Price$2.86
Pikachu,https://www.phygitals.com/pokemon/25,1,$2.86,$2.86,,,,$2.86
Pikachu,https://www.phygitals.com/pokemon/25,1,Market Price$2.55,$2.55,,,,Market Price$2.55
Pikachu,https://www.phygitals.com/pokemon/25,1,$2.55,$2.55,,,,$2.55
Pikachu,https://www.phygitals.com/pokemon/25,1,Market Price$2.51,$2.51,,,,Market Price$2.51
Pikachu,https://www.phygitals.com/pokemon/25,1,$2.51,$2.51,,,,$2.51
Pikachu,https://www.phygitals.com/pokemon/25,1,Market Price$2.40,$2.40,,,,Market Price$2.40
Pikachu,https://www.phygitals.com/pokemon/25,1,$2.40,$2.40,,,,$2.40
Pikachu,https://www.phygitals.com/pokemon/25,1,Market Price$2.17,$2.17,,,,Market Price$2.17
Pikachu,https://www.phygitals.com/pokemon/25,1,$2.17,$2.17,,,,$2.17
Pikachu,https://www.phygitals.com/pokemon/25,1,Market Price$2.15,$2.15,,,,Market Price$2.15
Pikachu,https://www.phygitals.com/pokemon/25,1,$2.15,$2.15,,,,$2.15
Pikachu,https://www.phygitals.com/pokemon/25,1,Market Price$2.10,$2.10,,,,Market Price$2.10
Pikachu,https://www.phygitals.com/pokemon/25,1,$2.10,$2.10,,,,$2.10
Pikachu,https://www.phygitals.com/pokemon/25,1,Market Price$2.09,$2.09,,,,Market Price$2.09
Pikachu,https://www.phygitals.com/pokemon/25,1,$2.09,$2.09,,,,$2.09
Pikachu,https://www.phygitals.com/pokemon/25,1,Market Price$2.07,$2.07,,,,Market Price$2.07
Pikachu,https://www.phygitals.com/pokemon/25,1,$2.07,$2.07,,,,$2.07
Pikachu,https://www.phygitals.com/pokemon/25,1,Market Price$1.99,$1.99,,,,Market Price$1.99
Pikachu,https://www.phygitals.com/pokemon/25,1,$1.99,$1.99,,,,$1.99
Pikachu,https://www.phygitals.com/pokemon/25,1,Market Price$1.97,$1.97,,,,Market Price$1.97
Pikachu,https://www.phygitals.com/pokemon/25,1,$1.97,$1.97,,,,$1.97
Pikachu,https://www.phygitals.com/pokemon/25,1,Market Price$1.92,$1.92,,,,Market Price$1.92
Pikachu,https://www.phygitals.com/pokemon/25,1,$1.92,$1.92,,,,$1.92
Pikachu,https://www.phygitals.com/pokemon/25,1,Market Price$1.76,$1.76,,,,Market Price$1.76
Pikachu,https://www.phygitals.com/pokemon/25,1,$1.76,$1.76,,,,$1.76
Pikachu,https://www.phygitals.com/pokemon/25,1,Market Price$1.71,$1.71,,,,Market Price$1.71
Pikachu,https://www.phygitals.com/pokemon/25,1,$1.71,$1.71,,,,$1.71
Pikachu,https://www.phygitals.com/pokemon/25,1,Market Price$1.61,$1.61,,,,Market Price$1.61
Pikachu,https://www.phygitals.com/pokemon/25,1,$1.61,$1.61,,,,$1.61
Pikachu,https://www.phygitals.com/pokemon/25,1,Market Price$1.42,$1.42,,,,Market Price$1.42
Pikachu,https://www.phygitals.com/pokemon/25,1,$1.42,$1.42,,,,$1.42
Pikachu,https://www.phygitals.com/pokemon/25,1,Market Price$1.26,$1.26,,,,Market Price$1.26
Pikachu,https://www.phygitals.com/pokemon/25,1,$1.26,$1.26,,,,$1.26
Pikachu,https://www.phygitals.com/pokemon/25,1,Market Price$1.07,$1.07,,,,Market Price$1.07
Pikachu,https://www.phygitals.com/pokemon/25,1,$1.07,$1.07,,,,$1.07
Pikachu,https://www.phygitals.com/pokemon/25,1,Market Price$0.97,$0.97,,,,Market Price$0.97
Pikachu,https://www.phygitals.com/pokemon/25,1,$0.97,$0.97,,,,$0.97
Pikachu,https://www.phygitals.com/pokemon/25,1,Market Price$0.91,$0.91,,,,Market Price$0.91
Pikachu,https://www.phygitals.com/pokemon/25,1,$0.91,$0.91,,,,$0.91
Pikachu,https://www.phygitals.com/pokemon/25,1,Market Price$0.83,$0.83,,,,Market Price$0.83
Pikachu,https://www.phygitals.com/pokemon/25,1,$0.83,$0.83,,,,$0.83
Pikachu,https://www.phygitals.com/pokemon/25,1,Market Price$0.72,$0.72,,,,Market Price$0.72
Pikachu,https://www.phygitals.com/pokemon/25,1,$0.72,$0.72,,,,$0.72
Pikachu,https://www.phygitals.com/pokemon/25,1,Market Price$0.62,$0.62,,,,Market Price$0.62
Pikachu,https://www.phygitals.com/pokemon/25,1,$0.62,$0.62,,,,$0.62
Pikachu,https://www.phygitals.com/pokemon/25,1,Market Price$0.58,$0.58,,,,Market Price$0.58
Pikachu,https://www.phygitals.com/pokemon/25,1,$0.58,$0.58,,,,$0.58
Pikachu,https://www.phygitals.com/pokemon/25,1,Market Price$0.54,$0.54,,,,Market Price$0.54
Pikachu,https://www.phygitals.com/pokemon/25,1,$0.54,$0.54,,,,$0.54
Pikachu,https://www.phygitals.com/pokemon/25,1,Market Price$0.53,$0.53,,,,Market Price$0.53
Pikachu,https://www.phygitals.com/pokemon/25,1,$0.53,$0.53,,,,$0.53
Pikachu,https://www.phygitals.com/pokemon/25,1,Market Price$0.41,$0.41,,,,Market Price$0.41
Pikachu,https://www.phygitals.com/pokemon/25,1,$0.41,$0.41,,,,$0.41
Pikachu,https://www.phygitals.com/pokemon/25,1,Market Price$0.33,$0.33,,,,Market Price$0.33
Pikachu,https://www.phygitals.com/pokemon/25,1,$0.33,$0.33,,,,$0.33
Pikachu,https://www.phygitals.com/pokemon/25,1,Market Price$0.32,$0.32,,,,Market Price$0.32
Pikachu,https://www.phygitals.com/pokemon/25,1,$0.32,$0.32,,,,$0.32
Pikachu,https://www.phygitals.com/pokemon/25,1,Market Price$0.30,$0.30,,,,Market Price$0.30
Pikachu,https://www.phygitals.com/pokemon/25,1,$0.30,$0.30,,,,$0.30
Pikachu,https://www.phygitals.com/pokemon/25,1,Market Price$0.24,$0.24,,,,Market Price$0.24
Pikachu,https://www.phygitals.com/pokemon/25,1,$0.24,$0.24,,,,$0.24
Pikachu,https://www.phygitals.com/pokemon/25,1,Market Price$0.21,$0.21,,,,Market Price$0.21
Pikachu,https://www.phygitals.com/pokemon/25,1,$0.21,$0.21,,,,$0.21
Pikachu,https://www.phygitals.com/pokemon/25,1,Market Price$0.19,$0.19,,,,Market Price$0.19
Pikachu,https://www.phygitals.com/pokemon/25,1,$0.19,$0.19,,,,$0.19
Pikachu,https://www.phygitals.com/pokemon/25,1,Market Price$0.17,$0.17,,,,Market Price$0.17
Pikachu,https://www.phygitals.com/pokemon/25,1,$0.17,$0.17,,,,$0.17
Pikachu,https://www.phygitals.com/pokemon/25,1,Market Price$0.16,$0.16,,,,Market Price$0.16
Pikachu,https://www.phygitals.com/pokemon/25,1,$0.16,$0.16,,,,$0.16
Pikachu,https://www.phygitals.com/pokemon/25,1,Market Price$0.14,$0.14,,,,Market Price$0.14
Pikachu,https://www.phygitals.com/pokemon/25,1,$0.14,$0.14,,,,$0.14
Pikachu,https://www.phygitals.com/pokemon/25,1,Market Price$0.09,$0.09,,,,Market Price$0.09
Pikachu,https://www.phygitals.com/pokemon/25,1,$0.09,$0.09,,,,$0.09
Raichu,https://www.phygitals.com/pokemon/26,1,Value,"$2,339",,,,"Value$2,339"
Raichu,https://www.phygitals.com/pokemon/26,1,Market Price$366.94,$366.94,,,,Market Price$366.94
Raichu,https://www.phygitals.com/pokemon/26,1,$366.94,$366.94,,,,$366.94
Raichu,https://www.phygitals.com/pokemon/26,1,Market Price$268.76,$268.76,,,,Market Price$268.76
Raichu,https://www.phygitals.com/pokemon/26,1,$268.76,$268.76,,,,$268.76
Raichu,https://www.phygitals.com/pokemon/26,1,Market Price$197.74,$197.74,,,,Market Price$197.74
Raichu,https://www.phygitals.com/pokemon/26,1,$197.74,$197.74,,,,$197.74
Raichu,https://www.phygitals.com/pokemon/26,1,Market Price$140.00,$140.00,,,,Market Price$140.00
Raichu,https://www.phygitals.com/pokemon/26,1,$140.00,$140.00,,,,$140.00
Raichu,https://www.phygitals.com/pokemon/26,1,Market Price$131.82,$131.82,,,,Market Price$131.82
Raichu,https://www.phygitals.com/pokemon/26,1,$131.82,$131.82,,,,$131.82
Raichu,https://www.phygitals.com/pokemon/26,1,Market Price$130.00,$130.00,,,,Market Price$130.00
Raichu,https://www.phygitals.com/pokemon/26,1,$130.00,$130.00,,,,$130.00
Raichu,https://www.phygitals.com/pokemon/26,1,Market Price$126.34,$126.34,,,,Market Price$126.34
Raichu,https://www.phygitals.com/pokemon/26,1,$126.34,$126.34,,,,$126.34
Raichu,https://www.phygitals.com/pokemon/26,1,Market Price$124.74,$124.74,,,,Market Price$124.74
Raichu,https://www.phygitals.com/pokemon/26,1,$124.74,$124.74,,,,$124.74
Raichu,https://www.phygitals.com/pokemon/26,1,Market Price$91.85,$91.85,,,,Market Price$91.85
Raichu,https://www.phygitals.com/pokemon/26,1,$91.85,$91.85,,,,$91.85
Raichu,https://www.phygitals.com/pokemon/26,1,Market Price$66.46,$66.46,,,,Market Price$66.46
Raichu,https://www.phygitals.com/pokemon/26,1,$66.46,$66.46,,,,$66.46
Raichu,https://www.phygitals.com/pokemon/26,1,Market Price$65.39,$65.39,,,,Market Price$65.39
Raichu,https://www.phygitals.com/pokemon/26,1,$65.39,$65.39,,,,$65.39
Raichu,https://www.phygitals.com/pokemon/26,1,Market Price$60.56,$60.56,,,,Market Price$60.56
Raichu,https://www.phygitals.com/pokemon/26,1,$60.56,$60.56,,,,$60.56
Raichu,https://www.phygitals.com/pokemon/26,1,Market Price$57.40,$57.40,,,,Market Price$57.40
Raichu,https://www.phygitals.com/pokemon/26,1,$57.40,$57.40,,,,$57.40
Raichu,https://www.phygitals.com/pokemon/26,1,Market Price$55.64,$55.64,,,,Market Price$55.64
Raichu,https://www.phygitals.com/pokemon/26,1,$55.64,$55.64,,,,$55.64
Raichu,https://www.phygitals.com/pokemon/26,1,Market Price$46.92,$46.92,,,,Market Price$46.92
Raichu,https://www.phygitals.com/pokemon/26,1,$46.92,$46.92,,,,$46.92
Raichu,https://www.phygitals.com/pokemon/26,1,Market Price$43.51,$43.51,,,,Market Price$43.51
Raichu,https://www.phygitals.com/pokemon/26,1,$43.51,$43.51,,,,$43.51
Raichu,https://www.phygitals.com/pokemon/26,1,Market Price$41.36,$41.36,,,,Market Price$41.36
Raichu,https://www.phygitals.com/pokemon/26,1,$41.36,$41.36,,,,$41.36
Raichu,https://www.phygitals.com/pokemon/26,1,Market Price$41.22,$41.22,,,,Market Price$41.22
Raichu,https://www.phygitals.com/pokemon/26,1,$41.22,$41.22,,,,$41.22
Raichu,https://www.phygitals.com/pokemon/26,1,Market Price$33.18,$33.18,,,,Market Price$33.18
Raichu,https://www.phygitals.com/pokemon/26,1,$33.18,$33.18,,,,$33.18
Raichu,https://www.phygitals.com/pokemon/26,1,Market Price$30.78,$30.78,,,,Market Price$30.78
Raichu,https://www.phygitals.com/pokemon/26,1,$30.78,$30.78,,,,$30.78
Raichu,https://www.phygitals.com/pokemon/26,1,Market Price$19.53,$19.53,,,,Market Price$19.53
Raichu,https://www.phygitals.com/pokemon/26,1,$19.53,$19.53,,,,$19.53
Raichu,https://www.phygitals.com/pokemon/26,1,Market Price$17.07,$17.07,,,,Market Price$17.07
Raichu,https://www.phygitals.com/pokemon/26,1,$17.07,$17.07,,,,$17.07
Raichu,https://www.phygitals.com/pokemon/26,1,Market Price$16.51,$16.51,,,,Market Price$16.51
Raichu,https://www.phygitals.com/pokemon/26,1,$16.51,$16.51,,,,$16.51
Raichu,https://www.phygitals.com/pokemon/26,1,Market Price$15.63,$15.63,,,,Market Price$15.63
Raichu,https://www.phygitals.com/pokemon/26,1,$15.63,$15.63,,,,$15.63
Raichu,https://www.phygitals.com/pokemon/26,1,Market Price$14.32,$14.32,,,,Market Price$14.32
Raichu,https://www.phygitals.com/pokemon/26,1,$14.32,$14.32,,,,$14.32
Raichu,https://www.phygitals.com/pokemon/26,1,Market Price$12.75,$12.75,,,,Market Price$12.75
Raichu,https://www.phygitals.com/pokemon/26,1,$12.75,$12.75,,,,$12.75
Raichu,https://www.phygitals.com/pokemon/26,1,Market Price$12.30,$12.30,,,,Market Price$12.30
Raichu,https://www.phygitals.com/pokemon/26,1,$12.30,$12.30,,,,$12.30
Raichu,https://www.phygitals.com/pokemon/26,1,Market Price$10.73,$10.73,,,,Market Price$10.73
Raichu,https://www.phygitals.com/pokemon/26,1,$10.73,$10.73,,,,$10.73
Raichu,https://www.phygitals.com/pokemon/26,1,Market Price$10.32,$10.32,,,,Market Price$10.32
Raichu,https://www.phygitals.com/pokemon/26,1,$10.32,$10.32,,,,$10.32
Raichu,https://www.phygitals.com/pokemon/26,1,Market Price$9.47,$9.47,,,,Market Price$9.47
Raichu,https://www.phygitals.com/pokemon/26,1,$9.47,$9.47,,,,$9.47
Raichu,https://www.phygitals.com/pokemon/26,1,Market Price$8.45,$8.45,,,,Market Price$8.45
Raichu,https://www.phygitals.com/pokemon/26,1,$8.45,$8.45,,,,$8.45
Raichu,https://www.phygitals.com/pokemon/26,1,Market Price$7.57,$7.57,,,,Market Price$7.57
Raichu,https://www.phygitals.com/pokemon/26,1,$7.57,$7.57,,,,$7.57
Raichu,https://www.phygitals.com/pokemon/26,1,Market Price$7.28,$7.28,,,,Market Price$7.28
Raichu,https://www.phygitals.com/pokemon/26,1,$7.28,$7.28,,,,$7.28
Raichu,https://www.phygitals.com/pokemon/26,1,Market Price$5.85,$5.85,,,,Market Price$5.85
Raichu,https://www.phygitals.com/pokemon/26,1,$5.85,$5.85,,,,$5.85
Raichu,https://www.phygitals.com/pokemon/26,1,Market Price$4.89,$4.89,,,,Market Price$4.89
Raichu,https://www.phygitals.com/pokemon/26,1,$4.89,$4.89,,,,$4.89
Raichu,https://www.phygitals.com/pokemon/26,1,Market Price$4.38,$4.38,,,,Market Price$4.38
Raichu,https://www.phygitals.com/pokemon/26,1,$4.38,$4.38,,,,$4.38
Raichu,https://www.phygitals.com/pokemon/26,1,Market Price$4.06,$4.06,,,,Market Price$4.06
Raichu,https://www.phygitals.com/pokemon/26,1,$4.06,$4.06,,,,$4.06
Raichu,https://www.phygitals.com/pokemon/26,1,Market Price$4.02,$4.02,,,,Market Price$4.02
Raichu,https://www.phygitals.com/pokemon/26,1,$4.02,$4.02,,,,$4.02
Raichu,https://www.phygitals.com/pokemon/26,1,Market Price$3.50,$3.50,,,,Market Price$3.50
Raichu,https://www.phygitals.com/pokemon/26,1,$3.50,$3.50,,,,$3.50
Raichu,https://www.phygitals.com/pokemon/26,1,Market Price$3.32,$3.32,,,,Market Price$3.32
Raichu,https://www.phygitals.com/pokemon/26,1,$3.32,$3.32,,,,$3.32
Raichu,https://www.phygitals.com/pokemon/26,1,Market Price$2.32,$2.32,,,,Market Price$2.32
Raichu,https://www.phygitals.com/pokemon/26,1,$2.32,$2.32,,,,$2.32
Raichu,https://www.phygitals.com/pokemon/26,1,Market Price$2.22,$2.22,,,,Market Price$2.22
Raichu,https://www.phygitals.com/pokemon/26,1,$2.22,$2.22,,,,$2.22
Raichu,https://www.phygitals.com/pokemon/26,1,Market Price$2.13,$2.13,,,,Market Price$2.13
Raichu,https://www.phygitals.com/pokemon/26,1,$2.13,$2.13,,,,$2.13
Raichu,https://www.phygitals.com/pokemon/26,1,Market Price$2.04,$2.04,,,,Market Price$2.04
Raichu,https://www.phygitals.com/pokemon/26,1,$2.04,$2.04,,,,$2.04
Raichu,https://www.phygitals.com/pokemon/26,1,Market Price$1.88,$1.88,,,,Market Price$1.88
Raichu,https://www.phygitals.com/pokemon/26,1,$1.88,$1.88,,,,$1.88
Raichu,https://www.phygitals.com/pokemon/26,1,Market Price$1.66,$1.66,,,,Market Price$1.66
Raichu,https://www.phygitals.com/pokemon/26,1,$1.66,$1.66,,,,$1.66
Raichu,https://www.phygitals.com/pokemon/26,1,Market Price$1.55,$1.55,,,,Market Price$1.55
Raichu,https://www.phygitals.com/pokemon/26,1,$1.55,$1.55,,,,$1.55
Raichu,https://www.phygitals.com/pokemon/26,1,Market Price$1.34,$1.34,,,,Market Price$1.34
Raichu,https://www.phygitals.com/pokemon/26,1,$1.34,$1.34,,,,$1.34
Raichu,https://www.phygitals.com/pokemon/26,1,Market Price$1.21,$1.21,,,,Market Price$1.21
Raichu,https://www.phygitals.com/pokemon/26,1,$1.21,$1.21,,,,$1.21
Raichu,https://www.phygitals.com/pokemon/26,1,Market Price$1.17,$1.17,,,,Market Price$1.17
Raichu,https://www.phygitals.com/pokemon/26,1,$1.17,$1.17,,,,$1.17
Raichu,https://www.phygitals.com/pokemon/26,1,Market Price$1.14,$1.14,,,,Market Price$1.14
Raichu,https://www.phygitals.com/pokemon/26,1,$1.14,$1.14,,,,$1.14
Raichu,https://www.phygitals.com/pokemon/26,1,Market Price$1.02,$1.02,,,,Market Price$1.02
Raichu,https://www.phygitals.com/pokemon/26,1,$1.02,$1.02,,,,$1.02
Raichu,https://www.phygitals.com/pokemon/26,1,Market Price$0.85,$0.85,,,,Market Price$0.85
Raichu,https://www.phygitals.com/pokemon/26,1,$0.85,$0.85,,,,$0.85
Raichu,https://www.phygitals.com/pokemon/26,1,Market Price$0.82,$0.82,,,,Market Price$0.82
Raichu,https://www.phygitals.com/pokemon/26,1,$0.82,$0.82,,,,$0.82
Raichu,https://www.phygitals.com/pokemon/26,1,Market Price$0.76,$0.76,,,,Market Price$0.76
Raichu,https://www.phygitals.com/pokemon/26,1,$0.76,$0.76,,,,$0.76
Raichu,https://www.phygitals.com/pokemon/26,1,Market Price$0.70,$0.70,,,,Market Price$0.70
Raichu,https://www.phygitals.com/pokemon/26,1,$0.70,$0.70,,,,$0.70
Raichu,https://www.phygitals.com/pokemon/26,1,Market Price$0.34,$0.34,,,,Market Price$0.34
Raichu,https://www.phygitals.com/pokemon/26,1,$0.34,$0.34,,,,$0.34
Raichu,https://www.phygitals.com/pokemon/26,1,Market Price$0.26,$0.26,,,,Market Price$0.26
Raichu,https://www.phygitals.com/pokemon/26,1,$0.26,$0.26,,,,$0.26
Raichu,https://www.phygitals.com/pokemon/26,1,Market Price$0.21,$0.21,,,,Market Price$0.21
Raichu,https://www.phygitals.com/pokemon/26,1,$0.21,$0.21,,,,$0.21
Raichu,https://www.phygitals.com/pokemon/26,1,Market Price$0.20,$0.20,,,,Market Price$0.20
Raichu,https://www.phygitals.com/pokemon/26,1,$0.20,$0.20,,,,$0.20
Raichu,https://www.phygitals.com/pokemon/26,1,Market Price$0.16,$0.16,,,,Market Price$0.16
Raichu,https://www.phygitals.com/pokemon/26,1,$0.16,$0.16,,,,$0.16
Raichu,https://www.phygitals.com/pokemon/26,1,Market Price$0.14,$0.14,,,,Market Price$0.14
Raichu,https://www.phygitals.com/pokemon/26,1,$0.14,$0.14,,,,$0.14
Raichu,https://www.phygitals.com/pokemon/26,1,Market Price$0.13,$0.13,,,,Market Price$0.13
Raichu,https://www.phygitals.com/pokemon/26,1,$0.13,$0.13,,,,$0.13
Sandshrew,https://www.phygitals.com/pokemon/27,1,Value,$31,,,,Value$31
Sandshrew,https://www.phygitals.com/pokemon/27,1,Market Price$18.26,$18.26,,,,Market Price$18.26
Sandshrew,https://www.phygitals.com/pokemon/27,1,$18.26,$18.26,,,,$18.26
Sandshrew,https://www.phygitals.com/pokemon/27,1,Market Price$4.40,$4.40,,,,Market Price$4.40
Sandshrew,https://www.phygitals.com/pokemon/27,1,$4.40,$4.40,,,,$4.40
Sandshrew,https://www.phygitals.com/pokemon/27,1,Market Price$1.82,$1.82,,,,Market Price$1.82
Sandshrew,https://www.phygitals.com/pokemon/27,1,$1.82,$1.82,,,,$1.82
Sandshrew,https://www.phygitals.com/pokemon/27,1,Market Price$0.74,$0.74,,,,Market Price$0.74
Sandshrew,https://www.phygitals.com/pokemon/27,1,$0.74,$0.74,,,,$0.74
Sandshrew,https://www.phygitals.com/pokemon/27,1,Market Price$0.70,$0.70,,,,Market Price$0.70
Sandshrew,https://www.phygitals.com/pokemon/27,1,$0.70,$0.70,,,,$0.70
Sandshrew,https://www.phygitals.com/pokemon/27,1,Market Price$0.64,$0.64,,,,Market Price$0.64
Sandshrew,https://www.phygitals.com/pokemon/27,1,$0.64,$0.64,,,,$0.64
Sandshrew,https://www.phygitals.com/pokemon/27,1,Market Price$0.58,$0.58,,,,Market Price$0.58
Sandshrew,https://www.phygitals.com/pokemon/27,1,$0.58,$0.58,,,,$0.58
Sandshrew,https://www.phygitals.com/pokemon/27,1,Market Price$0.55,$0.55,,,,Market Price$0.55
Sandshrew,https://www.phygitals.com/pokemon/27,1,$0.55,$0.55,,,,$0.55
Sandshrew,https://www.phygitals.com/pokemon/27,1,Market Price$0.46,$0.46,,,,Market Price$0.46
Sandshrew,https://www.phygitals.com/pokemon/27,1,$0.46,$0.46,,,,$0.46
Sandshrew,https://www.phygitals.com/pokemon/27,1,Market Price$0.40,$0.40,,,,Market Price$0.40
Sandshrew,https://www.phygitals.com/pokemon/27,1,$0.40,$0.40,,,,$0.40
Sandshrew,https://www.phygitals.com/pokemon/27,1,Market Price$0.36,$0.36,,,,Market Price$0.36
Sandshrew,https://www.phygitals.com/pokemon/27,1,$0.36,$0.36,,,,$0.36
Sandshrew,https://www.phygitals.com/pokemon/27,1,Market Price$0.22,$0.22,,,,Market Price$0.22
Sandshrew,https://www.phygitals.com/pokemon/27,1,$0.22,$0.22,,,,$0.22
Sandshrew,https://www.phygitals.com/pokemon/27,1,Market Price$0.20,$0.20,,,,Market Price$0.20
Sandshrew,https://www.phygitals.com/pokemon/27,1,$0.20,$0.20,,,,$0.20
Sandshrew,https://www.phygitals.com/pokemon/27,1,Market Price$0.18,$0.18,,,,Market Price$0.18
Sandshrew,https://www.phygitals.com/pokemon/27,1,$0.18,$0.18,,,,$0.18
Sandshrew,https://www.phygitals.com/pokemon/27,1,Market Price$0.17,$0.17,,,,Market Price$0.17
Sandshrew,https://www.phygitals.com/pokemon/27,1,$0.17,$0.17,,,,$0.17
Sandshrew,https://www.phygitals.com/pokemon/27,1,Market Price$0.15,$0.15,,,,Market Price$0.15
Sandshrew,https://www.phygitals.com/pokemon/27,1,$0.15,$0.15,,,,$0.15
Sandshrew,https://www.phygitals.com/pokemon/27,1,Market Price$0.14,$0.14,,,,Market Price$0.14
Sandshrew,https://www.phygitals.com/pokemon/27,1,$0.14,$0.14,,,,$0.14
Sandshrew,https://www.phygitals.com/pokemon/27,1,Market Price$0.10,$0.10,,,,Market Price$0.10
Sandshrew,https://www.phygitals.com/pokemon/27,1,$0.10,$0.10,,,,$0.10
Sandshrew,https://www.phygitals.com/pokemon/27,1,Market Price$0.07,$0.07,,,,Market Price$0.07
Sandshrew,https://www.phygitals.com/pokemon/27,1,$0.07,$0.07,,,,$0.07
Sandslash,https://www.phygitals.com/pokemon/28,1,Value,$51,,,,Value$51
Sandslash,https://www.phygitals.com/pokemon/28,1,Market Price$13.82,$13.82,,,,Market Price$13.82
Sandslash,https://www.phygitals.com/pokemon/28,1,$13.82,$13.82,,,,$13.82
Sandslash,https://www.phygitals.com/pokemon/28,1,Market Price$8.61,$8.61,,,,Market Price$8.61
Sandslash,https://www.phygitals.com/pokemon/28,1,$8.61,$8.61,,,,$8.61
Sandslash,https://www.phygitals.com/pokemon/28,1,Market Price$8.44,$8.44,,,,Market Price$8.44
Sandslash,https://www.phygitals.com/pokemon/28,1,$8.44,$8.44,,,,$8.44
Sandslash,https://www.phygitals.com/pokemon/28,1,Market Price$6.72,$6.72,,,,Market Price$6.72
Sandslash,https://www.phygitals.com/pokemon/28,1,$6.72,$6.72,,,,$6.72
Sandslash,https://www.phygitals.com/pokemon/28,1,Market Price$3.47,$3.47,,,,Market Price$3.47
Sandslash,https://www.phygitals.com/pokemon/28,1,$3.47,$3.47,,,,$3.47
Sandslash,https://www.phygitals.com/pokemon/28,1,Market Price$1.98,$1.98,,,,Market Price$1.98
Sandslash,https://www.phygitals.com/pokemon/28,1,$1.98,$1.98,,,,$1.98
Sandslash,https://www.phygitals.com/pokemon/28,1,Market Price$1.38,$1.38,,,,Market Price$1.38
Sandslash,https://www.phygitals.com/pokemon/28,1,$1.38,$1.38,,,,$1.38
Sandslash,https://www.phygitals.com/pokemon/28,1,Market Price$1.26,$1.26,,,,Market Price$1.26
Sandslash,https://www.phygitals.com/pokemon/28,1,$1.26,$1.26,,,,$1.26
Sandslash,https://www.phygitals.com/pokemon/28,1,Market Price$1.06,$1.06,,,,Market Price$1.06
Sandslash,https://www.phygitals.com/pokemon/28,1,$1.06,$1.06,,,,$1.06
Sandslash,https://www.phygitals.com/pokemon/28,1,Market Price$1.03,$1.03,,,,Market Price$1.03
Sandslash,https://www.phygitals.com/pokemon/28,1,$1.03,$1.03,,,,$1.03
Sandslash,https://www.phygitals.com/pokemon/28,1,Market Price$0.57,$0.57,,,,Market Price$0.57
Sandslash,https://www.phygitals.com/pokemon/28,1,$0.57,$0.57,,,,$0.57
Sandslash,https://www.phygitals.com/pokemon/28,1,Market Price$0.48,$0.48,,,,Market Price$0.48
Sandslash,https://www.phygitals.com/pokemon/28,1,$0.48,$0.48,,,,$0.48
Sandslash,https://www.phygitals.com/pokemon/28,1,Market Price$0.46,$0.46,,,,Market Price$0.46
Sandslash,https://www.phygitals.com/pokemon/28,1,$0.46,$0.46,,,,$0.46
Sandslash,https://www.phygitals.com/pokemon/28,1,Market Price$0.34,$0.34,,,,Market Price$0.34
Sandslash,https://www.phygitals.com/pokemon/28,1,$0.34,$0.34,,,,$0.34
Sandslash,https://www.phygitals.com/pokemon/28,1,Market Price$0.29,$0.29,,,,Market Price$0.29
Sandslash,https://www.phygitals.com/pokemon/28,1,$0.29,$0.29,,,,$0.29
Sandslash,https://www.phygitals.com/pokemon/28,1,Market Price$0.23,$0.23,,,,Market Price$0.23
Sandslash,https://www.phygitals.com/pokemon/28,1,$0.23,$0.23,,,,$0.23
Sandslash,https://www.phygitals.com/pokemon/28,1,Market Price$0.11,$0.11,,,,Market Price$0.11
Sandslash,https://www.phygitals.com/pokemon/28,1,$0.11,$0.11,,,,$0.11
Sandslash,https://www.phygitals.com/pokemon/28,1,Market Price$0.09,$0.09,,,,Market Price$0.09
Sandslash,https://www.phygitals.com/pokemon/28,1,$0.09,$0.09,,,,$0.09
Sandslash,https://www.phygitals.com/pokemon/28,1,Market Price$0.08,$0.08,,,,Market Price$0.08
Sandslash,https://www.phygitals.com/pokemon/28,1,$0.08,$0.08,,,,$0.08
Sandslash,https://www.phygitals.com/pokemon/28,1,Market Price$0.07,$0.07,,,,Market Price$0.07
Sandslash,https://www.phygitals.com/pokemon/28,1,$0.07,$0.07,,,,$0.07
Nidoran-f,https://www.phygitals.com/pokemon/29,1,Value,$35,,,,Value$35
Nidoran-f,https://www.phygitals.com/pokemon/29,1,Market Price$17.08,$17.08,,,,Market Price$17.08
Nidoran-f,https://www.phygitals.com/pokemon/29,1,$17.08,$17.08,,,,$17.08
Nidoran-f,https://www.phygitals.com/pokemon/29,1,Market Price$14.02,$14.02,,,,Market Price$14.02
Nidoran-f,https://www.phygitals.com/pokemon/29,1,$14.02,$14.02,,,,$14.02
Nidoran-f,https://www.phygitals.com/pokemon/29,1,Market Price$0.61,$0.61,,,,Market Price$0.61
Nidoran-f,https://www.phygitals.com/pokemon/29,1,$0.61,$0.61,,,,$0.61
Nidoran-f,https://www.phygitals.com/pokemon/29,1,Market Price$0.53,$0.53,,,,Market Price$0.53
Nidoran-f,https://www.phygitals.com/pokemon/29,1,$0.53,$0.53,,,,$0.53
Nidoran-f,https://www.phygitals.com/pokemon/29,1,Market Price$0.47,$0.47,,,,Market Price$0.47
Nidoran-f,https://www.phygitals.com/pokemon/29,1,$0.47,$0.47,,,,$0.47
Nidoran-f,https://www.phygitals.com/pokemon/29,1,Market Price$0.39,$0.39,,,,Market Price$0.39
Nidoran-f,https://www.phygitals.com/pokemon/29,1,$0.39,$0.39,,,,$0.39
Nidoran-f,https://www.phygitals.com/pokemon/29,1,Market Price$0.35,$0.35,,,,Market Price$0.35
Nidoran-f,https://www.phygitals.com/pokemon/29,1,$0.35,$0.35,,,,$0.35
Nidoran-f,https://www.phygitals.com/pokemon/29,1,Market Price$0.28,$0.28,,,,Market Price$0.28
Nidoran-f,https://www.phygitals.com/pokemon/29,1,$0.28,$0.28,,,,$0.28
Nidoran-f,https://www.phygitals.com/pokemon/29,1,Market Price$0.25,$0.25,,,,Market Price$0.25
Nidoran-f,https://www.phygitals.com/pokemon/29,1,$0.25,$0.25,,,,$0.25
Nidoran-f,https://www.phygitals.com/pokemon/29,1,Market Price$0.20,$0.20,,,,Market Price$0.20
Nidoran-f,https://www.phygitals.com/pokemon/29,1,$0.20,$0.20,,,,$0.20
Nidoran-f,https://www.phygitals.com/pokemon/29,1,Market Price$0.19,$0.19,,,,Market Price$0.19
Nidoran-f,https://www.phygitals.com/pokemon/29,1,$0.19,$0.19,,,,$0.19
Nidoran-f,https://www.phygitals.com/pokemon/29,1,Market Price$0.12,$0.12,,,,Market Price$0.12
Nidoran-f,https://www.phygitals.com/pokemon/29,1,$0.12,$0.12,,,,$0.12
Nidoran-f,https://www.phygitals.com/pokemon/29,1,Market Price$0.09,$0.09,,,,Market Price$0.09
Nidoran-f,https://www.phygitals.com/pokemon/29,1,$0.09,$0.09,,,,$0.09
Nidorina,https://www.phygitals.com/pokemon/30,1,Value,$14,,,,Value$14
Nidorina,https://www.phygitals.com/pokemon/30,1,Market Price$5.92,$5.92,,,,Market Price$5.92
Nidorina,https://www.phygitals.com/pokemon/30,1,$5.92,$5.92,,,,$5.92
Nidorina,https://www.phygitals.com/pokemon/30,1,Market Price$1.94,$1.94,,,,Market Price$1.94
Nidorina,https://www.phygitals.com/pokemon/30,1,$1.94,$1.94,,,,$1.94
Nidorina,https://www.phygitals.com/pokemon/30,1,Market Price$1.54,$1.54,,,,Market Price$1.54
Nidorina,https://www.phygitals.com/pokemon/30,1,$1.54,$1.54,,,,$1.54
Nidorina,https://www.phygitals.com/pokemon/30,1,Market Price$1.51,$1.51,,,,Market Price$1.51
Nidorina,https://www.phygitals.com/pokemon/30,1,$1.51,$1.51,,,,$1.51
Nidorina,https://www.phygitals.com/pokemon/30,1,Market Price$0.62,$0.62,,,,Market Price$0.62
Nidorina,https://www.phygitals.com/pokemon/30,1,$0.62,$0.62,,,,$0.62
Nidorina,https://www.phygitals.com/pokemon/30,1,Market Price$0.41,$0.41,,,,Market Price$0.41
Nidorina,https://www.phygitals.com/pokemon/30,1,$0.41,$0.41,,,,$0.41
Nidorina,https://www.phygitals.com/pokemon/30,1,Market Price$0.40,$0.40,,,,Market Price$0.40
Nidorina,https://www.phygitals.com/pokemon/30,1,$0.40,$0.40,,,,$0.40
Nidorina,https://www.phygitals.com/pokemon/30,1,Market Price$0.33,$0.33,,,,Market Price$0.33
Nidorina,https://www.phygitals.com/pokemon/30,1,$0.33,$0.33,,,,$0.33
Nidorina,https://www.phygitals.com/pokemon/30,1,Market Price$0.29,$0.29,,,,Market Price$0.29
Nidorina,https://www.phygitals.com/pokemon/30,1,$0.29,$0.29,,,,$0.29
Nidorina,https://www.phygitals.com/pokemon/30,1,Market Price$0.20,$0.20,,,,Market Price$0.20
Nidorina,https://www.phygitals.com/pokemon/30,1,$0.20,$0.20,,,,$0.20
Nidorina,https://www.phygitals.com/pokemon/30,1,Market Price$0.14,$0.14,,,,Market Price$0.14
Nidorina,https://www.phygitals.com/pokemon/30,1,$0.14,$0.14,,,,$0.14
Nidorina,https://www.phygitals.com/pokemon/30,1,Market Price$0.09,$0.09,,,,Market Price$0.09
Nidorina,https://www.phygitals.com/pokemon/30,1,$0.09,$0.09,,,,$0.09
Nidoqueen,https://www.phygitals.com/pokemon/31,1,Value,$245,,,,Value$245
Nidoqueen,https://www.phygitals.com/pokemon/31,1,Market Price$92.99,$92.99,,,,Market Price$92.99
Nidoqueen,https://www.phygitals.com/pokemon/31,1,$92.99,$92.99,,,,$92.99
Nidoqueen,https://www.phygitals.com/pokemon/31,1,Market Price$45.00,$45.00,,,,Market Price$45.00
Nidoqueen,https://www.phygitals.com/pokemon/31,1,$45.00,$45.00,,,,$45.00
Nidoqueen,https://www.phygitals.com/pokemon/31,1,Market Price$31.34,$31.34,,,,Market Price$31.34
Nidoqueen,https://www.phygitals.com/pokemon/31,1,$31.34,$31.34,,,,$31.34
Nidoqueen,https://www.phygitals.com/pokemon/31,1,Market Price$22.86,$22.86,,,,Market Price$22.86
Nidoqueen,https://www.phygitals.com/pokemon/31,1,$22.86,$22.86,,,,$22.86
Nidoqueen,https://www.phygitals.com/pokemon/31,1,Market Price$15.53,$15.53,,,,Market Price$15.53
Nidoqueen,https://www.phygitals.com/pokemon/31,1,$15.53,$15.53,,,,$15.53
Nidoqueen,https://www.phygitals.com/pokemon/31,1,Market Price$12.55,$12.55,,,,Market Price$12.55
Nidoqueen,https://www.phygitals.com/pokemon/31,1,$12.55,$12.55,,,,$12.55
Nidoqueen,https://www.phygitals.com/pokemon/31,1,Market Price$7.85,$7.85,,,,Market Price$7.85
Nidoqueen,https://www.phygitals.com/pokemon/31,1,$7.85,$7.85,,,,$7.85
Nidoqueen,https://www.phygitals.com/pokemon/31,1,Market Price$6.79,$6.79,,,,Market Price$6.79
Nidoqueen,https://www.phygitals.com/pokemon/31,1,$6.79,$6.79,,,,$6.79
Nidoqueen,https://www.phygitals.com/pokemon/31,1,Market Price$3.76,$3.76,,,,Market Price$3.76
Nidoqueen,https://www.phygitals.com/pokemon/31,1,$3.76,$3.76,,,,$3.76
Nidoqueen,https://www.phygitals.com/pokemon/31,1,Market Price$1.68,$1.68,,,,Market Price$1.68
Nidoqueen,https://www.phygitals.com/pokemon/31,1,$1.68,$1.68,,,,$1.68
Nidoqueen,https://www.phygitals.com/pokemon/31,1,Market Price$1.29,$1.29,,,,Market Price$1.29
Nidoqueen,https://www.phygitals.com/pokemon/31,1,$1.29,$1.29,,,,$1.29
Nidoqueen,https://www.phygitals.com/pokemon/31,1,Market Price$0.93,$0.93,,,,Market Price$0.93
Nidoqueen,https://www.phygitals.com/pokemon/31,1,$0.93,$0.93,,,,$0.93
Nidoqueen,https://www.phygitals.com/pokemon/31,1,Market Price$0.79,$0.79,,,,Market Price$0.79
Nidoqueen,https://www.phygitals.com/pokemon/31,1,$0.79,$0.79,,,,$0.79
Nidoqueen,https://www.phygitals.com/pokemon/31,1,Market Price$0.60,$0.60,,,,Market Price$0.60
Nidoqueen,https://www.phygitals.com/pokemon/31,1,$0.60,$0.60,,,,$0.60
Nidoqueen,https://www.phygitals.com/pokemon/31,1,Market Price$0.44,$0.44,,,,Market Price$0.44
Nidoqueen,https://www.phygitals.com/pokemon/31,1,$0.44,$0.44,,,,$0.44
Nidoqueen,https://www.phygitals.com/pokemon/31,1,Market Price$0.13,$0.13,,,,Market Price$0.13
Nidoqueen,https://www.phygitals.com/pokemon/31,1,$0.13,$0.13,,,,$0.13
Nidoqueen,https://www.phygitals.com/pokemon/31,1,Market Price$0.11,$0.11,,,,Market Price$0.11
Nidoqueen,https://www.phygitals.com/pokemon/31,1,$0.11,$0.11,,,,$0.11
Nidoran-m,https://www.phygitals.com/pokemon/32,1,Value,$9,,,,Value$9
Nidoran-m,https://www.phygitals.com/pokemon/32,1,Market Price$3.63,$3.63,,,,Market Price$3.63
Nidoran-m,https://www.phygitals.com/pokemon/32,1,$3.63,$3.63,,,,$3.63
Nidoran-m,https://www.phygitals.com/pokemon/32,1,Market Price$0.82,$0.82,,,,Market Price$0.82
Nidoran-m,https://www.phygitals.com/pokemon/32,1,$0.82,$0.82,,,,$0.82
Nidoran-m,https://www.phygitals.com/pokemon/32,1,Market Price$0.68,$0.68,,,,Market Price$0.68
Nidoran-m,https://www.phygitals.com/pokemon/32,1,$0.68,$0.68,,,,$0.68
Nidoran-m,https://www.phygitals.com/pokemon/32,1,Market Price$0.59,$0.59,,,,Market Price$0.59
Nidoran-m,https://www.phygitals.com/pokemon/32,1,$0.59,$0.59,,,,$0.59
Nidoran-m,https://www.phygitals.com/pokemon/32,1,Market Price$0.53,$0.53,,,,Market Price$0.53
Nidoran-m,https://www.phygitals.com/pokemon/32,1,$0.53,$0.53,,,,$0.53
Nidoran-m,https://www.phygitals.com/pokemon/32,1,Market Price$0.30,$0.30,,,,Market Price$0.30
Nidoran-m,https://www.phygitals.com/pokemon/32,1,$0.30,$0.30,,,,$0.30
Nidoran-m,https://www.phygitals.com/pokemon/32,1,Market Price$0.29,$0.29,,,,Market Price$0.29
Nidoran-m,https://www.phygitals.com/pokemon/32,1,$0.29,$0.29,,,,$0.29
Nidoran-m,https://www.phygitals.com/pokemon/32,1,Market Price$0.28,$0.28,,,,Market Price$0.28
Nidoran-m,https://www.phygitals.com/pokemon/32,1,$0.28,$0.28,,,,$0.28
Nidoran-m,https://www.phygitals.com/pokemon/32,1,Market Price$0.23,$0.23,,,,Market Price$0.23
Nidoran-m,https://www.phygitals.com/pokemon/32,1,$0.23,$0.23,,,,$0.23
Nidoran-m,https://www.phygitals.com/pokemon/32,1,Market Price$0.18,$0.18,,,,Market Price$0.18
Nidoran-m,https://www.phygitals.com/pokemon/32,1,$0.18,$0.18,,,,$0.18
Nidoran-m,https://www.phygitals.com/pokemon/32,1,Market Price$0.16,$0.16,,,,Market Price$0.16
Nidoran-m,https://www.phygitals.com/pokemon/32,1,$0.16,$0.16,,,,$0.16
Nidoran-m,https://www.phygitals.com/pokemon/32,1,Market Price$0.13,$0.13,,,,Market Price$0.13
Nidoran-m,https://www.phygitals.com/pokemon/32,1,$0.13,$0.13,,,,$0.13
Nidoran-m,https://www.phygitals.com/pokemon/32,1,Market Price$0.11,$0.11,,,,Market Price$0.11
Nidoran-m,https://www.phygitals.com/pokemon/32,1,$0.11,$0.11,,,,$0.11
Nidorino,https://www.phygitals.com/pokemon/33,1,Value,$12,,,,Value$12
Nidorino,https://www.phygitals.com/pokemon/33,1,Market Price$2.84,$2.84,,,,Market Price$2.84
Nidorino,https://www.phygitals.com/pokemon/33,1,$2.84,$2.84,,,,$2.84
Nidorino,https://www.phygitals.com/pokemon/33,1,Market Price$2.02,$2.02,,,,Market Price$2.02
Nidorino,https://www.phygitals.com/pokemon/33,1,$2.02,$2.02,,,,$2.02
Nidorino,https://www.phygitals.com/pokemon/33,1,Market Price$1.78,$1.78,,,,Market Price$1.78
Nidorino,https://www.phygitals.com/pokemon/33,1,$1.78,$1.78,,,,$1.78
Nidorino,https://www.phygitals.com/pokemon/33,1,Market Price$1.61,$1.61,,,,Market Price$1.61
Nidorino,https://www.phygitals.com/pokemon/33,1,$1.61,$1.61,,,,$1.61
Nidorino,https://www.phygitals.com/pokemon/33,1,Market Price$1.08,$1.08,,,,Market Price$1.08
Nidorino,https://www.phygitals.com/pokemon/33,1,$1.08,$1.08,,,,$1.08
Nidorino,https://www.phygitals.com/pokemon/33,1,Market Price$1.02,$1.02,,,,Market Price$1.02
Nidorino,https://www.phygitals.com/pokemon/33,1,$1.02,$1.02,,,,$1.02
Nidorino,https://www.phygitals.com/pokemon/33,1,Market Price$0.36,$0.36,,,,Market Price$0.36
Nidorino,https://www.phygitals.com/pokemon/33,1,$0.36,$0.36,,,,$0.36
Nidorino,https://www.phygitals.com/pokemon/33,1,Market Price$0.31,$0.31,,,,Market Price$0.31
Nidorino,https://www.phygitals.com/pokemon/33,1,$0.31,$0.31,,,,$0.31
Nidorino,https://www.phygitals.com/pokemon/33,1,Market Price$0.29,$0.29,,,,Market Price$0.29
Nidorino,https://www.phygitals.com/pokemon/33,1,$0.29,$0.29,,,,$0.29
Nidorino,https://www.phygitals.com/pokemon/33,1,Market Price$0.25,$0.25,,,,Market Price$0.25
Nidorino,https://www.phygitals.com/pokemon/33,1,$0.25,$0.25,,,,$0.25
Nidorino,https://www.phygitals.com/pokemon/33,1,Market Price$0.18,$0.18,,,,Market Price$0.18
Nidorino,https://www.phygitals.com/pokemon/33,1,$0.18,$0.18,,,,$0.18
Nidorino,https://www.phygitals.com/pokemon/33,1,Market Price$0.17,$0.17,,,,Market Price$0.17
Nidorino,https://www.phygitals.com/pokemon/33,1,$0.17,$0.17,,,,$0.17
Nidorino,https://www.phygitals.com/pokemon/33,1,Market Price$0.14,$0.14,,,,Market Price$0.14
Nidorino,https://www.phygitals.com/pokemon/33,1,$0.14,$0.14,,,,$0.14
Nidorino,https://www.phygitals.com/pokemon/33,1,Market Price$0.09,$0.09,,,,Market Price$0.09
Nidorino,https://www.phygitals.com/pokemon/33,1,$0.09,$0.09,,,,$0.09
Nidoking,https://www.phygitals.com/pokemon/34,1,Value,"$1,589",,,,"Value$1,589"
Nidoking,https://www.phygitals.com/pokemon/34,1,Market Price$999.00,$999.00,,,,Market Price$999.00
Nidoking,https://www.phygitals.com/pokemon/34,1,$999.00,$999.00,,,,$999.00
Nidoking,https://www.phygitals.com/pokemon/34,1,Market Price$188.75,$188.75,,,,Market Price$188.75
Nidoking,https://www.phygitals.com/pokemon/34,1,$188.75,$188.75,,,,$188.75
Nidoking,https://www.phygitals.com/pokemon/34,1,Market Price$137.69,$137.69,,,,Market Price$137.69
Nidoking,https://www.phygitals.com/pokemon/34,1,$137.69,$137.69,,,,$137.69
Nidoking,https://www.phygitals.com/pokemon/34,1,Market Price$92.36,$92.36,,,,Market Price$92.36
Nidoking,https://www.phygitals.com/pokemon/34,1,$92.36,$92.36,,,,$92.36
Nidoking,https://www.phygitals.com/pokemon/34,1,Market Price$40.00,$40.00,,,,Market Price$40.00
Nidoking,https://www.phygitals.com/pokemon/34,1,$40.00,$40.00,,,,$40.00
Nidoking,https://www.phygitals.com/pokemon/34,1,Market Price$28.80,$28.80,,,,Market Price$28.80
Nidoking,https://www.phygitals.com/pokemon/34,1,$28.80,$28.80,,,,$28.80
Nidoking,https://www.phygitals.com/pokemon/34,1,Market Price$24.14,$24.14,,,,Market Price$24.14
Nidoking,https://www.phygitals.com/pokemon/34,1,$24.14,$24.14,,,,$24.14
Nidoking,https://www.phygitals.com/pokemon/34,1,Market Price$22.02,$22.02,,,,Market Price$22.02
Nidoking,https://www.phygitals.com/pokemon/34,1,$22.02,$22.02,,,,$22.02
Nidoking,https://www.phygitals.com/pokemon/34,1,Market Price$10.99,$10.99,,,,Market Price$10.99
Nidoking,https://www.phygitals.com/pokemon/34,1,$10.99,$10.99,,,,$10.99
Nidoking,https://www.phygitals.com/pokemon/34,1,Market Price$10.79,$10.79,,,,Market Price$10.79
Nidoking,https://www.phygitals.com/pokemon/34,1,$10.79,$10.79,,,,$10.79
Nidoking,https://www.phygitals.com/pokemon/34,1,Market Price$8.15,$8.15,,,,Market Price$8.15
Nidoking,https://www.phygitals.com/pokemon/34,1,$8.15,$8.15,,,,$8.15
Nidoking,https://www.phygitals.com/pokemon/34,1,Market Price$5.07,$5.07,,,,Market Price$5.07
Nidoking,https://www.phygitals.com/pokemon/34,1,$5.07,$5.07,,,,$5.07
Nidoking,https://www.phygitals.com/pokemon/34,1,Market Price$4.56,$4.56,,,,Market Price$4.56
Nidoking,https://www.phygitals.com/pokemon/34,1,$4.56,$4.56,,,,$4.56
Nidoking,https://www.phygitals.com/pokemon/34,1,Market Price$3.79,$3.79,,,,Market Price$3.79
Nidoking,https://www.phygitals.com/pokemon/34,1,$3.79,$3.79,,,,$3.79
Nidoking,https://www.phygitals.com/pokemon/34,1,Market Price$3.53,$3.53,,,,Market Price$3.53
Nidoking,https://www.phygitals.com/pokemon/34,1,$3.53,$3.53,,,,$3.53
Nidoking,https://www.phygitals.com/pokemon/34,1,Market Price$3.02,$3.02,,,,Market Price$3.02
Nidoking,https://www.phygitals.com/pokemon/34,1,$3.02,$3.02,,,,$3.02
Nidoking,https://www.phygitals.com/pokemon/34,1,Market Price$2.81,$2.81,,,,Market Price$2.81
Nidoking,https://www.phygitals.com/pokemon/34,1,$2.81,$2.81,,,,$2.81
Nidoking,https://www.phygitals.com/pokemon/34,1,Market Price$1.31,$1.31,,,,Market Price$1.31
Nidoking,https://www.phygitals.com/pokemon/34,1,$1.31,$1.31,,,,$1.31
Nidoking,https://www.phygitals.com/pokemon/34,1,Market Price$0.93,$0.93,,,,Market Price$0.93
Nidoking,https://www.phygitals.com/pokemon/34,1,$0.93,$0.93,,,,$0.93
Nidoking,https://www.phygitals.com/pokemon/34,1,Market Price$0.56,$0.56,,,,Market Price$0.56
Nidoking,https://www.phygitals.com/pokemon/34,1,$0.56,$0.56,,,,$0.56
Nidoking,https://www.phygitals.com/pokemon/34,1,Market Price$0.51,$0.51,,,,Market Price$0.51
Nidoking,https://www.phygitals.com/pokemon/34,1,$0.51,$0.51,,,,$0.51
Nidoking,https://www.phygitals.com/pokemon/34,1,Market Price$0.20,$0.20,,,,Market Price$0.20
Nidoking,https://www.phygitals.com/pokemon/34,1,$0.20,$0.20,,,,$0.20
Clefairy,https://www.phygitals.com/pokemon/35,1,Value,$234,,,,Value$234
Clefairy,https://www.phygitals.com/pokemon/35,1,Market Price$167.70,$167.70,,,,Market Price$167.70
Clefairy,https://www.phygitals.com/pokemon/35,1,$167.70,$167.70,,,,$167.70
Clefairy,https://www.phygitals.com/pokemon/35,1,Market Price$26.02,$26.02,,,,Market Price$26.02
Clefairy,https://www.phygitals.com/pokemon/35,1,$26.02,$26.02,,,,$26.02
Clefairy,https://www.phygitals.com/pokemon/35,1,Market Price$10.79,$10.79,,,,Market Price$10.79
Clefairy,https://www.phygitals.com/pokemon/35,1,$10.79,$10.79,,,,$10.79
Clefairy,https://www.phygitals.com/pokemon/35,1,Market Price$10.19,$10.19,,,,Market Price$10.19
Clefairy,https://www.phygitals.com/pokemon/35,1,$10.19,$10.19,,,,$10.19
Clefairy,https://www.phygitals.com/pokemon/35,1,Market Price$6.02,$6.02,,,,Market Price$6.02
Clefairy,https://www.phygitals.com/pokemon/35,1,$6.02,$6.02,,,,$6.02
Clefairy,https://www.phygitals.com/pokemon/35,1,Market Price$3.12,$3.12,,,,Market Price$3.12
Clefairy,https://www.phygitals.com/pokemon/35,1,$3.12,$3.12,,,,$3.12
Clefairy,https://www.phygitals.com/pokemon/35,1,Market Price$1.82,$1.82,,,,Market Price$1.82
Clefairy,https://www.phygitals.com/pokemon/35,1,$1.82,$1.82,,,,$1.82
Clefairy,https://www.phygitals.com/pokemon/35,1,Market Price$1.81,$1.81,,,,Market Price$1.81
Clefairy,https://www.phygitals.com/pokemon/35,1,$1.81,$1.81,,,,$1.81
Clefairy,https://www.phygitals.com/pokemon/35,1,Market Price$0.80,$0.80,,,,Market Price$0.80
Clefairy,https://www.phygitals.com/pokemon/35,1,$0.80,$0.80,,,,$0.80
Clefairy,https://www.phygitals.com/pokemon/35,1,Market Price$0.49,$0.49,,,,Market Price$0.49
Clefairy,https://www.phygitals.com/pokemon/35,1,$0.49,$0.49,,,,$0.49
Clefairy,https://www.phygitals.com/pokemon/35,1,Market Price$0.47,$0.47,,,,Market Price$0.47
Clefairy,https://www.phygitals.com/pokemon/35,1,$0.47,$0.47,,,,$0.47
Clefairy,https://www.phygitals.com/pokemon/35,1,Market Price$0.44,$0.44,,,,Market Price$0.44
Clefairy,https://www.phygitals.com/pokemon/35,1,$0.44,$0.44,,,,$0.44
Clefairy,https://www.phygitals.com/pokemon/35,1,Market Price$0.43,$0.43,,,,Market Price$0.43
Clefairy,https://www.phygitals.com/pokemon/35,1,$0.43,$0.43,,,,$0.43
Clefairy,https://www.phygitals.com/pokemon/35,1,Market Price$0.36,$0.36,,,,Market Price$0.36
Clefairy,https://www.phygitals.com/pokemon/35,1,$0.36,$0.36,,,,$0.36
Clefairy,https://www.phygitals.com/pokemon/35,1,Market Price$0.35,$0.35,,,,Market Price$0.35
Clefairy,https://www.phygitals.com/pokemon/35,1,$0.35,$0.35,,,,$0.35
Clefairy,https://www.phygitals.com/pokemon/35,1,Market Price$0.27,$0.27,,,,Market Price$0.27
Clefairy,https://www.phygitals.com/pokemon/35,1,$0.27,$0.27,,,,$0.27
Clefairy,https://www.phygitals.com/pokemon/35,1,Market Price$0.24,$0.24,,,,Market Price$0.24
Clefairy,https://www.phygitals.com/pokemon/35,1,$0.24,$0.24,,,,$0.24
Clefairy,https://www.phygitals.com/pokemon/35,1,Market Price$0.23,$0.23,,,,Market Price$0.23
Clefairy,https://www.phygitals.com/pokemon/35,1,$0.23,$0.23,,,,$0.23
Clefairy,https://www.phygitals.com/pokemon/35,1,Market Price$0.22,$0.22,,,,Market Price$0.22
Clefairy,https://www.phygitals.com/pokemon/35,1,$0.22,$0.22,,,,$0.22
Clefairy,https://www.phygitals.com/pokemon/35,1,Market Price$0.19,$0.19,,,,Market Price$0.19
Clefairy,https://www.phygitals.com/pokemon/35,1,$0.19,$0.19,,,,$0.19
Clefairy,https://www.phygitals.com/pokemon/35,1,Market Price$0.18,$0.18,,,,Market Price$0.18
Clefairy,https://www.phygitals.com/pokemon/35,1,$0.18,$0.18,,,,$0.18
Clefairy,https://www.phygitals.com/pokemon/35,1,Market Price$0.15,$0.15,,,,Market Price$0.15
Clefairy,https://www.phygitals.com/pokemon/35,1,$0.15,$0.15,,,,$0.15
Clefairy,https://www.phygitals.com/pokemon/35,1,Market Price$0.14,$0.14,,,,Market Price$0.14
Clefairy,https://www.phygitals.com/pokemon/35,1,$0.14,$0.14,,,,$0.14
Clefairy,https://www.phygitals.com/pokemon/35,1,Market Price$0.11,$0.11,,,,Market Price$0.11
Clefairy,https://www.phygitals.com/pokemon/35,1,$0.11,$0.11,,,,$0.11
Clefairy,https://www.phygitals.com/pokemon/35,1,Market Price$0.09,$0.09,,,,Market Price$0.09
Clefairy,https://www.phygitals.com/pokemon/35,1,$0.09,$0.09,,,,$0.09
Clefairy,https://www.phygitals.com/pokemon/35,1,Market Price$0.08,$0.08,,,,Market Price$0.08
Clefairy,https://www.phygitals.com/pokemon/35,1,$0.08,$0.08,,,,$0.08
Clefable,https://www.phygitals.com/pokemon/36,1,Value,$317,,,,Value$317
Clefable,https://www.phygitals.com/pokemon/36,1,Market Price$150.00,$150.00,,,,Market Price$150.00
Clefable,https://www.phygitals.com/pokemon/36,1,$150.00,$150.00,,,,$150.00
Clefable,https://www.phygitals.com/pokemon/36,1,Market Price$75.18,$75.18,,,,Market Price$75.18
Clefable,https://www.phygitals.com/pokemon/36,1,$75.18,$75.18,,,,$75.18
Clefable,https://www.phygitals.com/pokemon/36,1,Market Price$57.90,$57.90,,,,Market Price$57.90
Clefable,https://www.phygitals.com/pokemon/36,1,$57.90,$57.90,,,,$57.90
Clefable,https://www.phygitals.com/pokemon/36,1,Market Price$13.97,$13.97,,,,Market Price$13.97
Clefable,https://www.phygitals.com/pokemon/36,1,$13.97,$13.97,,,,$13.97
Clefable,https://www.phygitals.com/pokemon/36,1,Market Price$5.52,$5.52,,,,Market Price$5.52
Clefable,https://www.phygitals.com/pokemon/36,1,$5.52,$5.52,,,,$5.52
Clefable,https://www.phygitals.com/pokemon/36,1,Market Price$3.27,$3.27,,,,Market Price$3.27
Clefable,https://www.phygitals.com/pokemon/36,1,$3.27,$3.27,,,,$3.27
Clefable,https://www.phygitals.com/pokemon/36,1,Market Price$2.80,$2.80,,,,Market Price$2.80
Clefable,https://www.phygitals.com/pokemon/36,1,$2.80,$2.80,,,,$2.80
Clefable,https://www.phygitals.com/pokemon/36,1,Market Price$1.69,$1.69,,,,Market Price$1.69
Clefable,https://www.phygitals.com/pokemon/36,1,$1.69,$1.69,,,,$1.69
Clefable,https://www.phygitals.com/pokemon/36,1,Market Price$1.08,$1.08,,,,Market Price$1.08
Clefable,https://www.phygitals.com/pokemon/36,1,$1.08,$1.08,,,,$1.08
Clefable,https://www.phygitals.com/pokemon/36,1,Market Price$0.97,$0.97,,,,Market Price$0.97
Clefable,https://www.phygitals.com/pokemon/36,1,$0.97,$0.97,,,,$0.97
Clefable,https://www.phygitals.com/pokemon/36,1,Market Price$0.83,$0.83,,,,Market Price$0.83
Clefable,https://www.phygitals.com/pokemon/36,1,$0.83,$0.83,,,,$0.83
Clefable,https://www.phygitals.com/pokemon/36,1,Market Price$0.51,$0.51,,,,Market Price$0.51
Clefable,https://www.phygitals.com/pokemon/36,1,$0.51,$0.51,,,,$0.51
Clefable,https://www.phygitals.com/pokemon/36,1,Market Price$0.49,$0.49,,,,Market Price$0.49
Clefable,https://www.phygitals.com/pokemon/36,1,$0.49,$0.49,,,,$0.49
Clefable,https://www.phygitals.com/pokemon/36,1,Market Price$0.35,$0.35,,,,Market Price$0.35
Clefable,https://www.phygitals.com/pokemon/36,1,$0.35,$0.35,,,,$0.35
Clefable,https://www.phygitals.com/pokemon/36,1,Market Price$0.31,$0.31,,,,Market Price$0.31
Clefable,https://www.phygitals.com/pokemon/36,1,$0.31,$0.31,,,,$0.31
Clefable,https://www.phygitals.com/pokemon/36,1,Market Price$0.26,$0.26,,,,Market Price$0.26
Clefable,https://www.phygitals.com/pokemon/36,1,$0.26,$0.26,,,,$0.26
Clefable,https://www.phygitals.com/pokemon/36,1,Market Price$0.21,$0.21,,,,Market Price$0.21
Clefable,https://www.phygitals.com/pokemon/36,1,$0.21,$0.21,,,,$0.21
Clefable,https://www.phygitals.com/pokemon/36,1,Market Price$0.19,$0.19,,,,Market Price$0.19
Clefable,https://www.phygitals.com/pokemon/36,1,$0.19,$0.19,,,,$0.19
Clefable,https://www.phygitals.com/pokemon/36,1,Market Price$0.16,$0.16,,,,Market Price$0.16
Clefable,https://www.phygitals.com/pokemon/36,1,$0.16,$0.16,,,,$0.16
Clefable,https://www.phygitals.com/pokemon/36,1,Market Price$0.12,$0.12,,,,Market Price$0.12
Clefable,https://www.phygitals.com/pokemon/36,1,$0.12,$0.12,,,,$0.12
Clefable,https://www.phygitals.com/pokemon/36,1,Market Price$0.08,$0.08,,,,Market Price$0.08
Clefable,https://www.phygitals.com/pokemon/36,1,$0.08,$0.08,,,,$0.08
Vulpix,https://www.phygitals.com/pokemon/37,1,Value,$206,,,,Value$206
Vulpix,https://www.phygitals.com/pokemon/37,1,Market Price$126.06,$126.06,,,,Market Price$126.06
Vulpix,https://www.phygitals.com/pokemon/37,1,$126.06,$126.06,,,,$126.06
Vulpix,https://www.phygitals.com/pokemon/37,1,Market Price$19.62,$19.62,,,,Market Price$19.62
Vulpix,https://www.phygitals.com/pokemon/37,1,$19.62,$19.62,,,,$19.62
Vulpix,https://www.phygitals.com/pokemon/37,1,Market Price$16.05,$16.05,,,,Market Price$16.05
Vulpix,https://www.phygitals.com/pokemon/37,1,$16.05,$16.05,,,,$16.05
Vulpix,https://www.phygitals.com/pokemon/37,1,Market Price$8.69,$8.69,,,,Market Price$8.69
Vulpix,https://www.phygitals.com/pokemon/37,1,$8.69,$8.69,,,,$8.69
Vulpix,https://www.phygitals.com/pokemon/37,1,Market Price$7.16,$7.16,,,,Market Price$7.16
Vulpix,https://www.phygitals.com/pokemon/37,1,$7.16,$7.16,,,,$7.16
Vulpix,https://www.phygitals.com/pokemon/37,1,Market Price$5.49,$5.49,,,,Market Price$5.49
Vulpix,https://www.phygitals.com/pokemon/37,1,$5.49,$5.49,,,,$5.49
Vulpix,https://www.phygitals.com/pokemon/37,1,Market Price$5.47,$5.47,,,,Market Price$5.47
Vulpix,https://www.phygitals.com/pokemon/37,1,$5.47,$5.47,,,,$5.47
Vulpix,https://www.phygitals.com/pokemon/37,1,Market Price$1.58,$1.58,,,,Market Price$1.58
Vulpix,https://www.phygitals.com/pokemon/37,1,$1.58,$1.58,,,,$1.58
Vulpix,https://www.phygitals.com/pokemon/37,1,Market Price$1.51,$1.51,,,,Market Price$1.51
Vulpix,https://www.phygitals.com/pokemon/37,1,$1.51,$1.51,,,,$1.51
Vulpix,https://www.phygitals.com/pokemon/37,1,Market Price$1.48,$1.48,,,,Market Price$1.48
Vulpix,https://www.phygitals.com/pokemon/37,1,$1.48,$1.48,,,,$1.48
Vulpix,https://www.phygitals.com/pokemon/37,1,Market Price$1.03,$1.03,,,,Market Price$1.03
Vulpix,https://www.phygitals.com/pokemon/37,1,$1.03,$1.03,,,,$1.03
Vulpix,https://www.phygitals.com/pokemon/37,1,Market Price$0.94,$0.94,,,,Market Price$0.94
Vulpix,https://www.phygitals.com/pokemon/37,1,$0.94,$0.94,,,,$0.94
Vulpix,https://www.phygitals.com/pokemon/37,1,Market Price$0.88,$0.88,,,,Market Price$0.88
Vulpix,https://www.phygitals.com/pokemon/37,1,$0.88,$0.88,,,,$0.88
Vulpix,https://www.phygitals.com/pokemon/37,1,Market Price$0.85,$0.85,,,,Market Price$0.85
Vulpix,https://www.phygitals.com/pokemon/37,1,$0.85,$0.85,,,,$0.85
Vulpix,https://www.phygitals.com/pokemon/37,1,Market Price$0.83,$0.83,,,,Market Price$0.83
Vulpix,https://www.phygitals.com/pokemon/37,1,$0.83,$0.83,,,,$0.83
Vulpix,https://www.phygitals.com/pokemon/37,1,Market Price$0.79,$0.79,,,,Market Price$0.79
Vulpix,https://www.phygitals.com/pokemon/37,1,$0.79,$0.79,,,,$0.79
Vulpix,https://www.phygitals.com/pokemon/37,1,Market Price$0.70,$0.70,,,,Market Price$0.70
Vulpix,https://www.phygitals.com/pokemon/37,1,$0.70,$0.70,,,,$0.70
Vulpix,https://www.phygitals.com/pokemon/37,1,Market Price$0.61,$0.61,,,,Market Price$0.61
Vulpix,https://www.phygitals.com/pokemon/37,1,$0.61,$0.61,,,,$0.61
Vulpix,https://www.phygitals.com/pokemon/37,1,Market Price$0.59,$0.59,,,,Market Price$0.59
Vulpix,https://www.phygitals.com/pokemon/37,1,$0.59,$0.59,,,,$0.59
Vulpix,https://www.phygitals.com/pokemon/37,1,Market Price$0.56,$0.56,,,,Market Price$0.56
Vulpix,https://www.phygitals.com/pokemon/37,1,$0.56,$0.56,,,,$0.56
Vulpix,https://www.phygitals.com/pokemon/37,1,Market Price$0.54,$0.54,,,,Market Price$0.54
Vulpix,https://www.phygitals.com/pokemon/37,1,$0.54,$0.54,,,,$0.54
Vulpix,https://www.phygitals.com/pokemon/37,1,Market Price$0.47,$0.47,,,,Market Price$0.47
Vulpix,https://www.phygitals.com/pokemon/37,1,$0.47,$0.47,,,,$0.47
Vulpix,https://www.phygitals.com/pokemon/37,1,Market Price$0.43,$0.43,,,,Market Price$0.43
Vulpix,https://www.phygitals.com/pokemon/37,1,$0.43,$0.43,,,,$0.43
Vulpix,https://www.phygitals.com/pokemon/37,1,Market Price$0.37,$0.37,,,,Market Price$0.37
Vulpix,https://www.phygitals.com/pokemon/37,1,$0.37,$0.37,,,,$0.37
Vulpix,https://www.phygitals.com/pokemon/37,1,Market Price$0.36,$0.36,,,,Market Price$0.36
Vulpix,https://www.phygitals.com/pokemon/37,1,$0.36,$0.36,,,,$0.36
Vulpix,https://www.phygitals.com/pokemon/37,1,Market Price$0.34,$0.34,,,,Market Price$0.34
Vulpix,https://www.phygitals.com/pokemon/37,1,$0.34,$0.34,,,,$0.34
Vulpix,https://www.phygitals.com/pokemon/37,1,Market Price$0.25,$0.25,,,,Market Price$0.25
Vulpix,https://www.phygitals.com/pokemon/37,1,$0.25,$0.25,,,,$0.25
Vulpix,https://www.phygitals.com/pokemon/37,1,Market Price$0.23,$0.23,,,,Market Price$0.23
Vulpix,https://www.phygitals.com/pokemon/37,1,$0.23,$0.23,,,,$0.23
Vulpix,https://www.phygitals.com/pokemon/37,1,Market Price$0.21,$0.21,,,,Market Price$0.21
Vulpix,https://www.phygitals.com/pokemon/37,1,$0.21,$0.21,,,,$0.21
Vulpix,https://www.phygitals.com/pokemon/37,1,Market Price$0.18,$0.18,,,,Market Price$0.18
Vulpix,https://www.phygitals.com/pokemon/37,1,$0.18,$0.18,,,,$0.18
Vulpix,https://www.phygitals.com/pokemon/37,1,Market Price$0.15,$0.15,,,,Market Price$0.15
Vulpix,https://www.phygitals.com/pokemon/37,1,$0.15,$0.15,,,,$0.15
Vulpix,https://www.phygitals.com/pokemon/37,1,Market Price$0.13,$0.13,,,,Market Price$0.13
Vulpix,https://www.phygitals.com/pokemon/37,1,$0.13,$0.13,,,,$0.13
Vulpix,https://www.phygitals.com/pokemon/37,1,Market Price$0.12,$0.12,,,,Market Price$0.12
Vulpix,https://www.phygitals.com/pokemon/37,1,$0.12,$0.12,,,,$0.12
Vulpix,https://www.phygitals.com/pokemon/37,1,Market Price$0.11,$0.11,,,,Market Price$0.11
Vulpix,https://www.phygitals.com/pokemon/37,1,$0.11,$0.11,,,,$0.11
Vulpix,https://www.phygitals.com/pokemon/37,1,Market Price$0.10,$0.10,,,,Market Price$0.10
Vulpix,https://www.phygitals.com/pokemon/37,1,$0.10,$0.10,,,,$0.10
Vulpix,https://www.phygitals.com/pokemon/37,1,Market Price$0.09,$0.09,,,,Market Price$0.09
Vulpix,https://www.phygitals.com/pokemon/37,1,$0.09,$0.09,,,,$0.09
Vulpix,https://www.phygitals.com/pokemon/37,1,Market Price$0.08,$0.08,,,,Market Price$0.08
Vulpix,https://www.phygitals.com/pokemon/37,1,$0.08,$0.08,,,,$0.08
Vulpix,https://www.phygitals.com/pokemon/37,1,Market Price$0.07,$0.07,,,,Market Price$0.07
Vulpix,https://www.phygitals.com/pokemon/37,1,$0.07,$0.07,,,,$0.07
Ninetales,https://www.phygitals.com/pokemon/38,1,Value,"$1,247",,,,"Value$1,247"
Ninetales,https://www.phygitals.com/pokemon/38,1,Market Price$242.24,$242.24,,,,Market Price$242.24
Ninetales,https://www.phygitals.com/pokemon/38,1,$242.24,$242.24,,,,$242.24
Ninetales,https://www.phygitals.com/pokemon/38,1,Market Price$173.75,$173.75,,,,Market Price$173.75
Ninetales,https://www.phygitals.com/pokemon/38,1,$173.75,$173.75,,,,$173.75
Ninetales,https://www.phygitals.com/pokemon/38,1,Market Price$107.84,$107.84,,,,Market Price$107.84
Ninetales,https://www.phygitals.com/pokemon/38,1,$107.84,$107.84,,,,$107.84
Ninetales,https://www.phygitals.com/pokemon/38,1,Market Price$94.49,$94.49,,,,Market Price$94.49
Ninetales,https://www.phygitals.com/pokemon/38,1,$94.49,$94.49,,,,$94.49
Ninetales,https://www.phygitals.com/pokemon/38,1,Market Price$74.99,$74.99,,,,Market Price$74.99
Ninetales,https://www.phygitals.com/pokemon/38,1,$74.99,$74.99,,,,$74.99
Ninetales,https://www.phygitals.com/pokemon/38,1,Market Price$65.98,$65.98,,,,Market Price$65.98
Ninetales,https://www.phygitals.com/pokemon/38,1,$65.98,$65.98,,,,$65.98
Ninetales,https://www.phygitals.com/pokemon/38,1,Market Price$59.99,$59.99,,,,Market Price$59.99
Ninetales,https://www.phygitals.com/pokemon/38,1,$59.99,$59.99,,,,$59.99
Ninetales,https://www.phygitals.com/pokemon/38,1,Market Price$48.75,$48.75,,,,Market Price$48.75
Ninetales,https://www.phygitals.com/pokemon/38,1,$48.75,$48.75,,,,$48.75
Ninetales,https://www.phygitals.com/pokemon/38,1,Market Price$42.98,$42.98,,,,Market Price$42.98
Ninetales,https://www.phygitals.com/pokemon/38,1,$42.98,$42.98,,,,$42.98
Ninetales,https://www.phygitals.com/pokemon/38,1,Market Price$35.14,$35.14,,,,Market Price$35.14
Ninetales,https://www.phygitals.com/pokemon/38,1,$35.14,$35.14,,,,$35.14
Ninetales,https://www.phygitals.com/pokemon/38,1,Market Price$29.34,$29.34,,,,Market Price$29.34
Ninetales,https://www.phygitals.com/pokemon/38,1,$29.34,$29.34,,,,$29.34
Ninetales,https://www.phygitals.com/pokemon/38,1,Market Price$24.85,$24.85,,,,Market Price$24.85
Ninetales,https://www.phygitals.com/pokemon/38,1,$24.85,$24.85,,,,$24.85
Ninetales,https://www.phygitals.com/pokemon/38,1,Market Price$23.78,$23.78,,,,Market Price$23.78
Ninetales,https://www.phygitals.com/pokemon/38,1,$23.78,$23.78,,,,$23.78
Ninetales,https://www.phygitals.com/pokemon/38,1,Market Price$22.93,$22.93,,,,Market Price$22.93
Ninetales,https://www.phygitals.com/pokemon/38,1,$22.93,$22.93,,,,$22.93
Ninetales,https://www.phygitals.com/pokemon/38,1,Market Price$22.69,$22.69,,,,Market Price$22.69
Ninetales,https://www.phygitals.com/pokemon/38,1,$22.69,$22.69,,,,$22.69
Ninetales,https://www.phygitals.com/pokemon/38,1,Market Price$21.79,$21.79,,,,Market Price$21.79
Ninetales,https://www.phygitals.com/pokemon/38,1,$21.79,$21.79,,,,$21.79
Ninetales,https://www.phygitals.com/pokemon/38,1,Market Price$19.21,$19.21,,,,Market Price$19.21
Ninetales,https://www.phygitals.com/pokemon/38,1,$19.21,$19.21,,,,$19.21
Ninetales,https://www.phygitals.com/pokemon/38,1,Market Price$16.23,$16.23,,,,Market Price$16.23
Ninetales,https://www.phygitals.com/pokemon/38,1,$16.23,$16.23,,,,$16.23
Ninetales,https://www.phygitals.com/pokemon/38,1,Market Price$15.03,$15.03,,,,Market Price$15.03
Ninetales,https://www.phygitals.com/pokemon/38,1,$15.03,$15.03,,,,$15.03
Ninetales,https://www.phygitals.com/pokemon/38,1,Market Price$12.75,$12.75,,,,Market Price$12.75
Ninetales,https://www.phygitals.com/pokemon/38,1,$12.75,$12.75,,,,$12.75
Ninetales,https://www.phygitals.com/pokemon/38,1,Market Price$10.70,$10.70,,,,Market Price$10.70
Ninetales,https://www.phygitals.com/pokemon/38,1,$10.70,$10.70,,,,$10.70
Ninetales,https://www.phygitals.com/pokemon/38,1,Market Price$10.33,$10.33,,,,Market Price$10.33
Ninetales,https://www.phygitals.com/pokemon/38,1,$10.33,$10.33,,,,$10.33
Ninetales,https://www.phygitals.com/pokemon/38,1,Market Price$9.44,$9.44,,,,Market Price$9.44
Ninetales,https://www.phygitals.com/pokemon/38,1,$9.44,$9.44,,,,$9.44
Ninetales,https://www.phygitals.com/pokemon/38,1,Market Price$5.83,$5.83,,,,Market Price$5.83
Ninetales,https://www.phygitals.com/pokemon/38,1,$5.83,$5.83,,,,$5.83
Ninetales,https://www.phygitals.com/pokemon/38,1,Market Price$5.24,$5.24,,,,Market Price$5.24
Ninetales,https://www.phygitals.com/pokemon/38,1,$5.24,$5.24,,,,$5.24
Ninetales,https://www.phygitals.com/pokemon/38,1,Market Price$4.30,$4.30,,,,Market Price$4.30
Ninetales,https://www.phygitals.com/pokemon/38,1,$4.30,$4.30,,,,$4.30
Ninetales,https://www.phygitals.com/pokemon/38,1,Market Price$4.10,$4.10,,,,Market Price$4.10
Ninetales,https://www.phygitals.com/pokemon/38,1,$4.10,$4.10,,,,$4.10
Ninetales,https://www.phygitals.com/pokemon/38,1,Market Price$3.96,$3.96,,,,Market Price$3.96
Ninetales,https://www.phygitals.com/pokemon/38,1,$3.96,$3.96,,,,$3.96
Ninetales,https://www.phygitals.com/pokemon/38,1,Market Price$3.90,$3.90,,,,Market Price$3.90
Ninetales,https://www.phygitals.com/pokemon/38,1,$3.90,$3.90,,,,$3.90
Ninetales,https://www.phygitals.com/pokemon/38,1,Market Price$3.79,$3.79,,,,Market Price$3.79
Ninetales,https://www.phygitals.com/pokemon/38,1,$3.79,$3.79,,,,$3.79
Ninetales,https://www.phygitals.com/pokemon/38,1,Market Price$3.71,$3.71,,,,Market Price$3.71
Ninetales,https://www.phygitals.com/pokemon/38,1,$3.71,$3.71,,,,$3.71
Ninetales,https://www.phygitals.com/pokemon/38,1,Market Price$3.48,$3.48,,,,Market Price$3.48
Ninetales,https://www.phygitals.com/pokemon/38,1,$3.48,$3.48,,,,$3.48
Ninetales,https://www.phygitals.com/pokemon/38,1,Market Price$3.44,$3.44,,,,Market Price$3.44
Ninetales,https://www.phygitals.com/pokemon/38,1,$3.44,$3.44,,,,$3.44
Ninetales,https://www.phygitals.com/pokemon/38,1,Market Price$3.26,$3.26,,,,Market Price$3.26
Ninetales,https://www.phygitals.com/pokemon/38,1,$3.26,$3.26,,,,$3.26
Ninetales,https://www.phygitals.com/pokemon/38,1,Market Price$3.17,$3.17,,,,Market Price$3.17
Ninetales,https://www.phygitals.com/pokemon/38,1,$3.17,$3.17,,,,$3.17
Ninetales,https://www.phygitals.com/pokemon/38,1,Market Price$2.87,$2.87,,,,Market Price$2.87
Ninetales,https://www.phygitals.com/pokemon/38,1,$2.87,$2.87,,,,$2.87
Ninetales,https://www.phygitals.com/pokemon/38,1,Market Price$2.64,$2.64,,,,Market Price$2.64
Ninetales,https://www.phygitals.com/pokemon/38,1,$2.64,$2.64,,,,$2.64
Ninetales,https://www.phygitals.com/pokemon/38,1,Market Price$2.26,$2.26,,,,Market Price$2.26
Ninetales,https://www.phygitals.com/pokemon/38,1,$2.26,$2.26,,,,$2.26
Ninetales,https://www.phygitals.com/pokemon/38,1,Market Price$0.85,$0.85,,,,Market Price$0.85
Ninetales,https://www.phygitals.com/pokemon/38,1,$0.85,$0.85,,,,$0.85
Ninetales,https://www.phygitals.com/pokemon/38,1,Market Price$0.84,$0.84,,,,Market Price$0.84
Ninetales,https://www.phygitals.com/pokemon/38,1,$0.84,$0.84,,,,$0.84
Ninetales,https://www.phygitals.com/pokemon/38,1,Market Price$0.79,$0.79,,,,Market Price$0.79
Ninetales,https://www.phygitals.com/pokemon/38,1,$0.79,$0.79,,,,$0.79
Ninetales,https://www.phygitals.com/pokemon/38,1,Market Price$0.76,$0.76,,,,Market Price$0.76
Ninetales,https://www.phygitals.com/pokemon/38,1,$0.76,$0.76,,,,$0.76
Ninetales,https://www.phygitals.com/pokemon/38,1,Market Price$0.73,$0.73,,,,Market Price$0.73
Ninetales,https://www.phygitals.com/pokemon/38,1,$0.73,$0.73,,,,$0.73
Ninetales,https://www.phygitals.com/pokemon/38,1,Market Price$0.50,$0.50,,,,Market Price$0.50
Ninetales,https://www.phygitals.com/pokemon/38,1,$0.50,$0.50,,,,$0.50
Ninetales,https://www.phygitals.com/pokemon/38,1,Market Price$0.29,$0.29,,,,Market Price$0.29
Ninetales,https://www.phygitals.com/pokemon/38,1,$0.29,$0.29,,,,$0.29
Ninetales,https://www.phygitals.com/pokemon/38,1,Market Price$0.17,$0.17,,,,Market Price$0.17
Ninetales,https://www.phygitals.com/pokemon/38,1,$0.17,$0.17,,,,$0.17
Ninetales,https://www.phygitals.com/pokemon/38,1,Market Price$0.15,$0.15,,,,Market Price$0.15
Ninetales,https://www.phygitals.com/pokemon/38,1,$0.15,$0.15,,,,$0.15
Ninetales,https://www.phygitals.com/pokemon/38,1,Market Price$0.12,$0.12,,,,Market Price$0.12
Ninetales,https://www.phygitals.com/pokemon/38,1,$0.12,$0.12,,,,$0.12
Ninetales,https://www.phygitals.com/pokemon/38,1,Market Price$0.11,$0.11,,,,Market Price$0.11
Ninetales,https://www.phygitals.com/pokemon/38,1,$0.11,$0.11,,,,$0.11
Ninetales,https://www.phygitals.com/pokemon/38,1,Market Price$0.10,$0.10,,,,Market Price$0.10
Ninetales,https://www.phygitals.com/pokemon/38,1,$0.10,$0.10,,,,$0.10
Ninetales,https://www.phygitals.com/pokemon/38,1,Market Price$0.08,$0.08,,,,Market Price$0.08
Ninetales,https://www.phygitals.com/pokemon/38,1,$0.08,$0.08,,,,$0.08
Jigglypuff,https://www.phygitals.com/pokemon/39,1,Value,$427,,,,Value$427
Jigglypuff,https://www.phygitals.com/pokemon/39,1,Market Price$220.23,$220.23,,,,Market Price$220.23
Jigglypuff,https://www.phygitals.com/pokemon/39,1,$220.23,$220.23,,,,$220.23
Jigglypuff,https://www.phygitals.com/pokemon/39,1,Market Price$61.27,$61.27,,,,Market Price$61.27
Jigglypuff,https://www.phygitals.com/pokemon/39,1,$61.27,$61.27,,,,$61.27
Jigglypuff,https://www.phygitals.com/pokemon/39,1,Market Price$43.95,$43.95,,,,Market Price$43.95
Jigglypuff,https://www.phygitals.com/pokemon/39,1,$43.95,$43.95,,,,$43.95
Jigglypuff,https://www.phygitals.com/pokemon/39,1,Market Price$27.85,$27.85,,,,Market Price$27.85
Jigglypuff,https://www.phygitals.com/pokemon/39,1,$27.85,$27.85,,,,$27.85
Jigglypuff,https://www.phygitals.com/pokemon/39,1,Market Price$24.93,$24.93,,,,Market Price$24.93
Jigglypuff,https://www.phygitals.com/pokemon/39,1,$24.93,$24.93,,,,$24.93
Jigglypuff,https://www.phygitals.com/pokemon/39,1,Market Price$14.41,$14.41,,,,Market Price$14.41
Jigglypuff,https://www.phygitals.com/pokemon/39,1,$14.41,$14.41,,,,$14.41
Jigglypuff,https://www.phygitals.com/pokemon/39,1,Market Price$9.20,$9.20,,,,Market Price$9.20
Jigglypuff,https://www.phygitals.com/pokemon/39,1,$9.20,$9.20,,,,$9.20
Jigglypuff,https://www.phygitals.com/pokemon/39,1,Market Price$6.79,$6.79,,,,Market Price$6.79
Jigglypuff,https://www.phygitals.com/pokemon/39,1,$6.79,$6.79,,,,$6.79
Jigglypuff,https://www.phygitals.com/pokemon/39,1,Market Price$4.76,$4.76,,,,Market Price$4.76
Jigglypuff,https://www.phygitals.com/pokemon/39,1,$4.76,$4.76,,,,$4.76
Jigglypuff,https://www.phygitals.com/pokemon/39,1,Market Price$3.02,$3.02,,,,Market Price$3.02
Jigglypuff,https://www.phygitals.com/pokemon/39,1,$3.02,$3.02,,,,$3.02
Jigglypuff,https://www.phygitals.com/pokemon/39,1,Market Price$2.20,$2.20,,,,Market Price$2.20
Jigglypuff,https://www.phygitals.com/pokemon/39,1,$2.20,$2.20,,,,$2.20
Jigglypuff,https://www.phygitals.com/pokemon/39,1,Market Price$1.11,$1.11,,,,Market Price$1.11
Jigglypuff,https://www.phygitals.com/pokemon/39,1,$1.11,$1.11,,,,$1.11
Jigglypuff,https://www.phygitals.com/pokemon/39,1,Market Price$1.00,$1.00,,,,Market Price$1.00
Jigglypuff,https://www.phygitals.com/pokemon/39,1,$1.00,$1.00,,,,$1.00
Jigglypuff,https://www.phygitals.com/pokemon/39,1,Market Price$0.97,$0.97,,,,Market Price$0.97
Jigglypuff,https://www.phygitals.com/pokemon/39,1,$0.97,$0.97,,,,$0.97
Jigglypuff,https://www.phygitals.com/pokemon/39,1,Market Price$0.86,$0.86,,,,Market Price$0.86
Jigglypuff,https://www.phygitals.com/pokemon/39,1,$0.86,$0.86,,,,$0.86
Jigglypuff,https://www.phygitals.com/pokemon/39,1,Market Price$0.79,$0.79,,,,Market Price$0.79
Jigglypuff,https://www.phygitals.com/pokemon/39,1,$0.79,$0.79,,,,$0.79
Jigglypuff,https://www.phygitals.com/pokemon/39,1,Market Price$0.74,$0.74,,,,Market Price$0.74
Jigglypuff,https://www.phygitals.com/pokemon/39,1,$0.74,$0.74,,,,$0.74
Jigglypuff,https://www.phygitals.com/pokemon/39,1,Market Price$0.61,$0.61,,,,Market Price$0.61
Jigglypuff,https://www.phygitals.com/pokemon/39,1,$0.61,$0.61,,,,$0.61
Jigglypuff,https://www.phygitals.com/pokemon/39,1,Market Price$0.54,$0.54,,,,Market Price$0.54
Jigglypuff,https://www.phygitals.com/pokemon/39,1,$0.54,$0.54,,,,$0.54
Jigglypuff,https://www.phygitals.com/pokemon/39,1,Market Price$0.47,$0.47,,,,Market Price$0.47
Jigglypuff,https://www.phygitals.com/pokemon/39,1,$0.47,$0.47,,,,$0.47
Jigglypuff,https://www.phygitals.com/pokemon/39,1,Market Price$0.35,$0.35,,,,Market Price$0.35
Jigglypuff,https://www.phygitals.com/pokemon/39,1,$0.35,$0.35,,,,$0.35
Jigglypuff,https://www.phygitals.com/pokemon/39,1,Market Price$0.31,$0.31,,,,Market Price$0.31
Jigglypuff,https://www.phygitals.com/pokemon/39,1,$0.31,$0.31,,,,$0.31
Jigglypuff,https://www.phygitals.com/pokemon/39,1,Market Price$0.23,$0.23,,,,Market Price$0.23
Jigglypuff,https://www.phygitals.com/pokemon/39,1,$0.23,$0.23,,,,$0.23
Jigglypuff,https://www.phygitals.com/pokemon/39,1,Market Price$0.19,$0.19,,,,Market Price$0.19
Jigglypuff,https://www.phygitals.com/pokemon/39,1,$0.19,$0.19,,,,$0.19
Jigglypuff,https://www.phygitals.com/pokemon/39,1,Market Price$0.18,$0.18,,,,Market Price$0.18
Jigglypuff,https://www.phygitals.com/pokemon/39,1,$0.18,$0.18,,,,$0.18
Jigglypuff,https://www.phygitals.com/pokemon/39,1,Market Price$0.13,$0.13,,,,Market Price$0.13
Jigglypuff,https://www.phygitals.com/pokemon/39,1,$0.13,$0.13,,,,$0.13
Jigglypuff,https://www.phygitals.com/pokemon/39,1,Market Price$0.08,$0.08,,,,Market Price$0.08
Jigglypuff,https://www.phygitals.com/pokemon/39,1,$0.08,$0.08,,,,$0.08
Jigglypuff,https://www.phygitals.com/pokemon/39,1,Market Price$0.07,$0.07,,,,Market Price$0.07
Jigglypuff,https://www.phygitals.com/pokemon/39,1,$0.07,$0.07,,,,$0.07
Zubat,https://www.phygitals.com/pokemon/41,1,Value,$30,,,,Value$30
Zubat,https://www.phygitals.com/pokemon/41,1,Market Price$12.76,$12.76,,,,Market Price$12.76
Zubat,https://www.phygitals.com/pokemon/41,1,$12.76,$12.76,,,,$12.76
Zubat,https://www.phygitals.com/pokemon/41,1,Market Price$12.46,$12.46,,,,Market Price$12.46
Zubat,https://www.phygitals.com/pokemon/41,1,$12.46,$12.46,,,,$12.46
Zubat,https://www.phygitals.com/pokemon/41,1,Market Price$0.59,$0.59,,,,Market Price$0.59
Zubat,https://www.phygitals.com/pokemon/41,1,$0.59,$0.59,,,,$0.59
Zubat,https://www.phygitals.com/pokemon/41,1,Market Price$0.52,$0.52,,,,Market Price$0.52
Zubat,https://www.phygitals.com/pokemon/41,1,$0.52,$0.52,,,,$0.52
Zubat,https://www.phygitals.com/pokemon/41,1,Market Price$0.50,$0.50,,,,Market Price$0.50
Zubat,https://www.phygitals.com/pokemon/41,1,$0.50,$0.50,,,,$0.50
Zubat,https://www.phygitals.com/pokemon/41,1,Market Price$0.49,$0.49,,,,Market Price$0.49
Zubat,https://www.phygitals.com/pokemon/41,1,$0.49,$0.49,,,,$0.49
Zubat,https://www.phygitals.com/pokemon/41,1,Market Price$0.39,$0.39,,,,Market Price$0.39
Zubat,https://www.phygitals.com/pokemon/41,1,$0.39,$0.39,,,,$0.39
Zubat,https://www.phygitals.com/pokemon/41,1,Market Price$0.38,$0.38,,,,Market Price$0.38
Zubat,https://www.phygitals.com/pokemon/41,1,$0.38,$0.38,,,,$0.38
Zubat,https://www.phygitals.com/pokemon/41,1,Market Price$0.35,$0.35,,,,Market Price$0.35
Zubat,https://www.phygitals.com/pokemon/41,1,$0.35,$0.35,,,,$0.35
Zubat,https://www.phygitals.com/pokemon/41,1,Market Price$0.33,$0.33,,,,Market Price$0.33
Zubat,https://www.phygitals.com/pokemon/41,1,$0.33,$0.33,,,,$0.33
Zubat,https://www.phygitals.com/pokemon/41,1,Market Price$0.20,$0.20,,,,Market Price$0.20
Zubat,https://www.phygitals.com/pokemon/41,1,$0.20,$0.20,,,,$0.20
Zubat,https://www.phygitals.com/pokemon/41,1,Market Price$0.19,$0.19,,,,Market Price$0.19
Zubat,https://www.phygitals.com/pokemon/41,1,$0.19,$0.19,,,,$0.19
Zubat,https://www.phygitals.com/pokemon/41,1,Market Price$0.17,$0.17,,,,Market Price$0.17
Zubat,https://www.phygitals.com/pokemon/41,1,$0.17,$0.17,,,,$0.17
Zubat,https://www.phygitals.com/pokemon/41,1,Market Price$0.16,$0.16,,,,Market Price$0.16
Zubat,https://www.phygitals.com/pokemon/41,1,$0.16,$0.16,,,,$0.16
Zubat,https://www.phygitals.com/pokemon/41,1,Market Price$0.11,$0.11,,,,Market Price$0.11
Zubat,https://www.phygitals.com/pokemon/41,1,$0.11,$0.11,,,,$0.11
Zubat,https://www.phygitals.com/pokemon/41,1,Market Price$0.10,$0.10,,,,Market Price$0.10
Zubat,https://www.phygitals.com/pokemon/41,1,$0.10,$0.10,,,,$0.10
Zubat,https://www.phygitals.com/pokemon/41,1,Market Price$0.09,$0.09,,,,Market Price$0.09
Zubat,https://www.phygitals.com/pokemon/41,1,$0.09,$0.09,,,,$0.09
Zubat,https://www.phygitals.com/pokemon/41,1,Market Price$0.06,$0.06,,,,Market Price$0.06
Zubat,https://www.phygitals.com/pokemon/41,1,$0.06,$0.06,,,,$0.06
Zubat,https://www.phygitals.com/pokemon/41,1,Market Price$0.05,$0.05,,,,Market Price$0.05
Zubat,https://www.phygitals.com/pokemon/41,1,$0.05,$0.05,,,,$0.05
Golbat,https://www.phygitals.com/pokemon/42,1,Value,$88,,,,Value$88
Golbat,https://www.phygitals.com/pokemon/42,1,Market Price$46.28,$46.28,,,,Market Price$46.28
Golbat,https://www.phygitals.com/pokemon/42,1,$46.28,$46.28,,,,$46.28
Golbat,https://www.phygitals.com/pokemon/42,1,Market Price$32.92,$32.92,,,,Market Price$32.92
Golbat,https://www.phygitals.com/pokemon/42,1,$32.92,$32.92,,,,$32.92
Golbat,https://www.phygitals.com/pokemon/42,1,Market Price$3.36,$3.36,,,,Market Price$3.36
Golbat,https://www.phygitals.com/pokemon/42,1,$3.36,$3.36,,,,$3.36
Golbat,https://www.phygitals.com/pokemon/42,1,Market Price$1.74,$1.74,,,,Market Price$1.74
Golbat,https://www.phygitals.com/pokemon/42,1,$1.74,$1.74,,,,$1.74
Golbat,https://www.phygitals.com/pokemon/42,1,Market Price$1.08,$1.08,,,,Market Price$1.08
Golbat,https://www.phygitals.com/pokemon/42,1,$1.08,$1.08,,,,$1.08
Golbat,https://www.phygitals.com/pokemon/42,1,Market Price$0.72,$0.72,,,,Market Price$0.72
Golbat,https://www.phygitals.com/pokemon/42,1,$0.72,$0.72,,,,$0.72
Golbat,https://www.phygitals.com/pokemon/42,1,Market Price$0.35,$0.35,,,,Market Price$0.35
Golbat,https://www.phygitals.com/pokemon/42,1,$0.35,$0.35,,,,$0.35
Golbat,https://www.phygitals.com/pokemon/42,1,Market Price$0.29,$0.29,,,,Market Price$0.29
Golbat,https://www.phygitals.com/pokemon/42,1,$0.29,$0.29,,,,$0.29
Golbat,https://www.phygitals.com/pokemon/42,1,Market Price$0.27,$0.27,,,,Market Price$0.27
Golbat,https://www.phygitals.com/pokemon/42,1,$0.27,$0.27,,,,$0.27
Golbat,https://www.phygitals.com/pokemon/42,1,Market Price$0.26,$0.26,,,,Market Price$0.26
Golbat,https://www.phygitals.com/pokemon/42,1,$0.26,$0.26,,,,$0.26
Golbat,https://www.phygitals.com/pokemon/42,1,Market Price$0.25,$0.25,,,,Market Price$0.25
Golbat,https://www.phygitals.com/pokemon/42,1,$0.25,$0.25,,,,$0.25
Golbat,https://www.phygitals.com/pokemon/42,1,Market Price$0.16,$0.16,,,,Market Price$0.16
Golbat,https://www.phygitals.com/pokemon/42,1,$0.16,$0.16,,,,$0.16
Golbat,https://www.phygitals.com/pokemon/42,1,Market Price$0.11,$0.11,,,,Market Price$0.11
Golbat,https://www.phygitals.com/pokemon/42,1,$0.11,$0.11,,,,$0.11
Golbat,https://www.phygitals.com/pokemon/42,1,Market Price$0.09,$0.09,,,,Market Price$0.09
Golbat,https://www.phygitals.com/pokemon/42,1,$0.09,$0.09,,,,$0.09
Golbat,https://www.phygitals.com/pokemon/42,1,Market Price$0.08,$0.08,,,,Market Price$0.08
Golbat,https://www.phygitals.com/pokemon/42,1,$0.08,$0.08,,,,$0.08
Golbat,https://www.phygitals.com/pokemon/42,1,Market Price$0.07,$0.07,,,,Market Price$0.07
Golbat,https://www.phygitals.com/pokemon/42,1,$0.07,$0.07,,,,$0.07
Golbat,https://www.phygitals.com/pokemon/42,1,Market Price$0.05,$0.05,,,,Market Price$0.05
Golbat,https://www.phygitals.com/pokemon/42,1,$0.05,$0.05,,,,$0.05
Oddish,https://www.phygitals.com/pokemon/43,1,Value,$26,,,,Value$26
Oddish,https://www.phygitals.com/pokemon/43,1,Market Price$5.91,$5.91,,,,Market Price$5.91
Oddish,https://www.phygitals.com/pokemon/43,1,$5.91,$5.91,,,,$5.91
Oddish,https://www.phygitals.com/pokemon/43,1,Market Price$5.69,$5.69,,,,Market Price$5.69
Oddish,https://www.phygitals.com/pokemon/43,1,$5.69,$5.69,,,,$5.69
Oddish,https://www.phygitals.com/pokemon/43,1,Market Price$3.53,$3.53,,,,Market Price$3.53
Oddish,https://www.phygitals.com/pokemon/43,1,$3.53,$3.53,,,,$3.53
Oddish,https://www.phygitals.com/pokemon/43,1,Market Price$2.75,$2.75,,,,Market Price$2.75
Oddish,https://www.phygitals.com/pokemon/43,1,$2.75,$2.75,,,,$2.75
Oddish,https://www.phygitals.com/pokemon/43,1,Market Price$1.87,$1.87,,,,Market Price$1.87
Oddish,https://www.phygitals.com/pokemon/43,1,$1.87,$1.87,,,,$1.87
Oddish,https://www.phygitals.com/pokemon/43,1,Market Price$1.20,$1.20,,,,Market Price$1.20
Oddish,https://www.phygitals.com/pokemon/43,1,$1.20,$1.20,,,,$1.20
Oddish,https://www.phygitals.com/pokemon/43,1,Market Price$0.99,$0.99,,,,Market Price$0.99
Oddish,https://www.phygitals.com/pokemon/43,1,$0.99,$0.99,,,,$0.99
Oddish,https://www.phygitals.com/pokemon/43,1,Market Price$0.92,$0.92,,,,Market Price$0.92
Oddish,https://www.phygitals.com/pokemon/43,1,$0.92,$0.92,,,,$0.92
Oddish,https://www.phygitals.com/pokemon/43,1,Market Price$0.57,$0.57,,,,Market Price$0.57
Oddish,https://www.phygitals.com/pokemon/43,1,$0.57,$0.57,,,,$0.57
Oddish,https://www.phygitals.com/pokemon/43,1,Market Price$0.48,$0.48,,,,Market Price$0.48
Oddish,https://www.phygitals.com/pokemon/43,1,$0.48,$0.48,,,,$0.48
Oddish,https://www.phygitals.com/pokemon/43,1,Market Price$0.40,$0.40,,,,Market Price$0.40
Oddish,https://www.phygitals.com/pokemon/43,1,$0.40,$0.40,,,,$0.40
Oddish,https://www.phygitals.com/pokemon/43,1,Market Price$0.35,$0.35,,,,Market Price$0.35
Oddish,https://www.phygitals.com/pokemon/43,1,$0.35,$0.35,,,,$0.35
Oddish,https://www.phygitals.com/pokemon/43,1,Market Price$0.21,$0.21,,,,Market Price$0.21
Oddish,https://www.phygitals.com/pokemon/43,1,$0.21,$0.21,,,,$0.21
Oddish,https://www.phygitals.com/pokemon/43,1,Market Price$0.19,$0.19,,,,Market Price$0.19
Oddish,https://www.phygitals.com/pokemon/43,1,$0.19,$0.19,,,,$0.19
Oddish,https://www.phygitals.com/pokemon/43,1,Market Price$0.18,$0.18,,,,Market Price$0.18
Oddish,https://www.phygitals.com/pokemon/43,1,$0.18,$0.18,,,,$0.18
Oddish,https://www.phygitals.com/pokemon/43,1,Market Price$0.14,$0.14,,,,Market Price$0.14
Oddish,https://www.phygitals.com/pokemon/43,1,$0.14,$0.14,,,,$0.14
Oddish,https://www.phygitals.com/pokemon/43,1,Market Price$0.10,$0.10,,,,Market Price$0.10
Oddish,https://www.phygitals.com/pokemon/43,1,$0.10,$0.10,,,,$0.10
Oddish,https://www.phygitals.com/pokemon/43,1,Market Price$0.09,$0.09,,,,Market Price$0.09
Oddish,https://www.phygitals.com/pokemon/43,1,$0.09,$0.09,,,,$0.09
Oddish,https://www.phygitals.com/pokemon/43,1,Market Price$0.08,$0.08,,,,Market Price$0.08
Oddish,https://www.phygitals.com/pokemon/43,1,$0.08,$0.08,,,,$0.08
Oddish,https://www.phygitals.com/pokemon/43,1,Market Price$0.07,$0.07,,,,Market Price$0.07
Oddish,https://www.phygitals.com/pokemon/43,1,$0.07,$0.07,,,,$0.07
Gloom,https://www.phygitals.com/pokemon/44,1,Value,$40,,,,Value$40
Gloom,https://www.phygitals.com/pokemon/44,1,Market Price$14.55,$14.55,,,,Market Price$14.55
Gloom,https://www.phygitals.com/pokemon/44,1,$14.55,$14.55,,,,$14.55
Gloom,https://www.phygitals.com/pokemon/44,1,Market Price$12.58,$12.58,,,,Market Price$12.58
Gloom,https://www.phygitals.com/pokemon/44,1,$12.58,$12.58,,,,$12.58
Gloom,https://www.phygitals.com/pokemon/44,1,Market Price$3.38,$3.38,,,,Market Price$3.38
Gloom,https://www.phygitals.com/pokemon/44,1,$3.38,$3.38,,,,$3.38
Gloom,https://www.phygitals.com/pokemon/44,1,Market Price$2.04,$2.04,,,,Market Price$2.04
Gloom,https://www.phygitals.com/pokemon/44,1,$2.04,$2.04,,,,$2.04
Gloom,https://www.phygitals.com/pokemon/44,1,Market Price$1.65,$1.65,,,,Market Price$1.65
Gloom,https://www.phygitals.com/pokemon/44,1,$1.65,$1.65,,,,$1.65
Gloom,https://www.phygitals.com/pokemon/44,1,Market Price$1.57,$1.57,,,,Market Price$1.57
Gloom,https://www.phygitals.com/pokemon/44,1,$1.57,$1.57,,,,$1.57
Gloom,https://www.phygitals.com/pokemon/44,1,Market Price$0.95,$0.95,,,,Market Price$0.95
Gloom,https://www.phygitals.com/pokemon/44,1,$0.95,$0.95,,,,$0.95
Gloom,https://www.phygitals.com/pokemon/44,1,Market Price$0.58,$0.58,,,,Market Price$0.58
Gloom,https://www.phygitals.com/pokemon/44,1,$0.58,$0.58,,,,$0.58
Gloom,https://www.phygitals.com/pokemon/44,1,Market Price$0.56,$0.56,,,,Market Price$0.56
Gloom,https://www.phygitals.com/pokemon/44,1,$0.56,$0.56,,,,$0.56
Gloom,https://www.phygitals.com/pokemon/44,1,Market Price$0.50,$0.50,,,,Market Price$0.50
Gloom,https://www.phygitals.com/pokemon/44,1,$0.50,$0.50,,,,$0.50
Gloom,https://www.phygitals.com/pokemon/44,1,Market Price$0.30,$0.30,,,,Market Price$0.30
Gloom,https://www.phygitals.com/pokemon/44,1,$0.30,$0.30,,,,$0.30
Gloom,https://www.phygitals.com/pokemon/44,1,Market Price$0.27,$0.27,,,,Market Price$0.27
Gloom,https://www.phygitals.com/pokemon/44,1,$0.27,$0.27,,,,$0.27
Gloom,https://www.phygitals.com/pokemon/44,1,Market Price$0.19,$0.19,,,,Market Price$0.19
Gloom,https://www.phygitals.com/pokemon/44,1,$0.19,$0.19,,,,$0.19
Gloom,https://www.phygitals.com/pokemon/44,1,Market Price$0.17,$0.17,,,,Market Price$0.17
Gloom,https://www.phygitals.com/pokemon/44,1,$0.17,$0.17,,,,$0.17
Gloom,https://www.phygitals.com/pokemon/44,1,Market Price$0.14,$0.14,,,,Market Price$0.14
Gloom,https://www.phygitals.com/pokemon/44,1,$0.14,$0.14,,,,$0.14
Gloom,https://www.phygitals.com/pokemon/44,1,Market Price$0.11,$0.11,,,,Market Price$0.11
Gloom,https://www.phygitals.com/pokemon/44,1,$0.11,$0.11,,,,$0.11
Gloom,https://www.phygitals.com/pokemon/44,1,Market Price$0.09,$0.09,,,,Market Price$0.09
Gloom,https://www.phygitals.com/pokemon/44,1,$0.09,$0.09,,,,$0.09
Gloom,https://www.phygitals.com/pokemon/44,1,Market Price$0.08,$0.08,,,,Market Price$0.08
Gloom,https://www.phygitals.com/pokemon/44,1,$0.08,$0.08,,,,$0.08
Vileplume,https://www.phygitals.com/pokemon/45,1,Value,$726,,,,Value$726
Vileplume,https://www.phygitals.com/pokemon/45,1,Market Price$122.49,$122.49,,,,Market Price$122.49
Vileplume,https://www.phygitals.com/pokemon/45,1,$122.49,$122.49,,,,$122.49
Vileplume,https://www.phygitals.com/pokemon/45,1,Market Price$105.60,$105.60,,,,Market Price$105.60
Vileplume,https://www.phygitals.com/pokemon/45,1,$105.60,$105.60,,,,$105.60
Vileplume,https://www.phygitals.com/pokemon/45,1,Market Price$88.86,$88.86,,,,Market Price$88.86
Vileplume,https://www.phygitals.com/pokemon/45,1,$88.86,$88.86,,,,$88.86
Vileplume,https://www.phygitals.com/pokemon/45,1,Market Price$85.00,$85.00,,,,Market Price$85.00
Vileplume,https://www.phygitals.com/pokemon/45,1,$85.00,$85.00,,,,$85.00
Vileplume,https://www.phygitals.com/pokemon/45,1,Market Price$65.27,$65.27,,,,Market Price$65.27
Vileplume,https://www.phygitals.com/pokemon/45,1,$65.27,$65.27,,,,$65.27
Vileplume,https://www.phygitals.com/pokemon/45,1,Market Price$61.88,$61.88,,,,Market Price$61.88
Vileplume,https://www.phygitals.com/pokemon/45,1,$61.88,$61.88,,,,$61.88
Vileplume,https://www.phygitals.com/pokemon/45,1,Market Price$52.03,$52.03,,,,Market Price$52.03
Vileplume,https://www.phygitals.com/pokemon/45,1,$52.03,$52.03,,,,$52.03
Vileplume,https://www.phygitals.com/pokemon/45,1,Market Price$42.45,$42.45,,,,Market Price$42.45
Vileplume,https://www.phygitals.com/pokemon/45,1,$42.45,$42.45,,,,$42.45
Vileplume,https://www.phygitals.com/pokemon/45,1,Market Price$41.93,$41.93,,,,Market Price$41.93
Vileplume,https://www.phygitals.com/pokemon/45,1,$41.93,$41.93,,,,$41.93
Vileplume,https://www.phygitals.com/pokemon/45,1,Market Price$15.40,$15.40,,,,Market Price$15.40
Vileplume,https://www.phygitals.com/pokemon/45,1,$15.40,$15.40,,,,$15.40
Vileplume,https://www.phygitals.com/pokemon/45,1,Market Price$14.88,$14.88,,,,Market Price$14.88
Vileplume,https://www.phygitals.com/pokemon/45,1,$14.88,$14.88,,,,$14.88
Vileplume,https://www.phygitals.com/pokemon/45,1,Market Price$12.47,$12.47,,,,Market Price$12.47
Vileplume,https://www.phygitals.com/pokemon/45,1,$12.47,$12.47,,,,$12.47
Vileplume,https://www.phygitals.com/pokemon/45,1,Market Price$4.52,$4.52,,,,Market Price$4.52
Vileplume,https://www.phygitals.com/pokemon/45,1,$4.52,$4.52,,,,$4.52
Vileplume,https://www.phygitals.com/pokemon/45,1,Market Price$4.34,$4.34,,,,Market Price$4.34
Vileplume,https://www.phygitals.com/pokemon/45,1,$4.34,$4.34,,,,$4.34
Vileplume,https://www.phygitals.com/pokemon/45,1,Market Price$2.90,$2.90,,,,Market Price$2.90
Vileplume,https://www.phygitals.com/pokemon/45,1,$2.90,$2.90,,,,$2.90
Vileplume,https://www.phygitals.com/pokemon/45,1,Market Price$2.37,$2.37,,,,Market Price$2.37
Vileplume,https://www.phygitals.com/pokemon/45,1,$2.37,$2.37,,,,$2.37
Vileplume,https://www.phygitals.com/pokemon/45,1,Market Price$2.08,$2.08,,,,Market Price$2.08
Vileplume,https://www.phygitals.com/pokemon/45,1,$2.08,$2.08,,,,$2.08
Vileplume,https://www.phygitals.com/pokemon/45,1,Market Price$0.56,$0.56,,,,Market Price$0.56
Vileplume,https://www.phygitals.com/pokemon/45,1,$0.56,$0.56,,,,$0.56
Vileplume,https://www.phygitals.com/pokemon/45,1,Market Price$0.54,$0.54,,,,Market Price$0.54
Vileplume,https://www.phygitals.com/pokemon/45,1,$0.54,$0.54,,,,$0.54
Vileplume,https://www.phygitals.com/pokemon/45,1,Market Price$0.48,$0.48,,,,Market Price$0.48
Vileplume,https://www.phygitals.com/pokemon/45,1,$0.48,$0.48,,,,$0.48
Vileplume,https://www.phygitals.com/pokemon/45,1,Market Price$0.21,$0.21,,,,Market Price$0.21
Vileplume,https://www.phygitals.com/pokemon/45,1,$0.21,$0.21,,,,$0.21
Paras,https://www.phygitals.com/pokemon/46,1,Value,$9,,,,Value$9
Paras,https://www.phygitals.com/pokemon/46,1,Market Price$3.30,$3.30,,,,Market Price$3.30
Paras,https://www.phygitals.com/pokemon/46,1,$3.30,$3.30,,,,$3.30
Paras,https://www.phygitals.com/pokemon/46,1,Market Price$2.36,$2.36,,,,Market Price$2.36
Paras,https://www.phygitals.com/pokemon/46,1,$2.36,$2.36,,,,$2.36
Paras,https://www.phygitals.com/pokemon/46,1,Market Price$0.94,$0.94,,,,Market Price$0.94
Paras,https://www.phygitals.com/pokemon/46,1,$0.94,$0.94,,,,$0.94
Paras,https://www.phygitals.com/pokemon/46,1,Market Price$0.38,$0.38,,,,Market Price$0.38
Paras,https://www.phygitals.com/pokemon/46,1,$0.38,$0.38,,,,$0.38
Paras,https://www.phygitals.com/pokemon/46,1,Market Price$0.35,$0.35,,,,Market Price$0.35
Paras,https://www.phygitals.com/pokemon/46,1,$0.35,$0.35,,,,$0.35
Paras,https://www.phygitals.com/pokemon/46,1,Market Price$0.29,$0.29,,,,Market Price$0.29
Paras,https://www.phygitals.com/pokemon/46,1,$0.29,$0.29,,,,$0.29
Paras,https://www.phygitals.com/pokemon/46,1,Market Price$0.23,$0.23,,,,Market Price$0.23
Paras,https://www.phygitals.com/pokemon/46,1,$0.23,$0.23,,,,$0.23
Paras,https://www.phygitals.com/pokemon/46,1,Market Price$0.19,$0.19,,,,Market Price$0.19
Paras,https://www.phygitals.com/pokemon/46,1,$0.19,$0.19,,,,$0.19
Paras,https://www.phygitals.com/pokemon/46,1,Market Price$0.15,$0.15,,,,Market Price$0.15
Paras,https://www.phygitals.com/pokemon/46,1,$0.15,$0.15,,,,$0.15
Paras,https://www.phygitals.com/pokemon/46,1,Market Price$0.14,$0.14,,,,Market Price$0.14
Paras,https://www.phygitals.com/pokemon/46,1,$0.14,$0.14,,,,$0.14
Paras,https://www.phygitals.com/pokemon/46,1,Market Price$0.09,$0.09,,,,Market Price$0.09
Paras,https://www.phygitals.com/pokemon/46,1,$0.09,$0.09,,,,$0.09
Paras,https://www.phygitals.com/pokemon/46,1,Market Price$0.08,$0.08,,,,Market Price$0.08
Paras,https://www.phygitals.com/pokemon/46,1,$0.08,$0.08,,,,$0.08
Paras,https://www.phygitals.com/pokemon/46,1,Market Price$0.07,$0.07,,,,Market Price$0.07
Paras,https://www.phygitals.com/pokemon/46,1,$0.07,$0.07,,,,$0.07
Paras,https://www.phygitals.com/pokemon/46,1,Market Price$0.05,$0.05,,,,Market Price$0.05
Paras,https://www.phygitals.com/pokemon/46,1,$0.05,$0.05,,,,$0.05
Parasect,https://www.phygitals.com/pokemon/47,1,Value,$20,,,,Value$20
Parasect,https://www.phygitals.com/pokemon/47,1,Market Price$8.10,$8.10,,,,Market Price$8.10
Parasect,https://www.phygitals.com/pokemon/47,1,$8.10,$8.10,,,,$8.10
Parasect,https://www.phygitals.com/pokemon/47,1,Market Price$5.53,$5.53,,,,Market Price$5.53
Parasect,https://www.phygitals.com/pokemon/47,1,$5.53,$5.53,,,,$5.53
Parasect,https://www.phygitals.com/pokemon/47,1,Market Price$1.90,$1.90,,,,Market Price$1.90
Parasect,https://www.phygitals.com/pokemon/47,1,$1.90,$1.90,,,,$1.90
Parasect,https://www.phygitals.com/pokemon/47,1,Market Price$1.25,$1.25,,,,Market Price$1.25
Parasect,https://www.phygitals.com/pokemon/47,1,$1.25,$1.25,,,,$1.25
Parasect,https://www.phygitals.com/pokemon/47,1,Market Price$0.90,$0.90,,,,Market Price$0.90
Parasect,https://www.phygitals.com/pokemon/47,1,$0.90,$0.90,,,,$0.90
Parasect,https://www.phygitals.com/pokemon/47,1,Market Price$0.40,$0.40,,,,Market Price$0.40
Parasect,https://www.phygitals.com/pokemon/47,1,$0.40,$0.40,,,,$0.40
Parasect,https://www.phygitals.com/pokemon/47,1,Market Price$0.37,$0.37,,,,Market Price$0.37
Parasect,https://www.phygitals.com/pokemon/47,1,$0.37,$0.37,,,,$0.37
Parasect,https://www.phygitals.com/pokemon/47,1,Market Price$0.30,$0.30,,,,Market Price$0.30
Parasect,https://www.phygitals.com/pokemon/47,1,$0.30,$0.30,,,,$0.30
Parasect,https://www.phygitals.com/pokemon/47,1,Market Price$0.28,$0.28,,,,Market Price$0.28
Parasect,https://www.phygitals.com/pokemon/47,1,$0.28,$0.28,,,,$0.28
Parasect,https://www.phygitals.com/pokemon/47,1,Market Price$0.23,$0.23,,,,Market Price$0.23
Parasect,https://www.phygitals.com/pokemon/47,1,$0.23,$0.23,,,,$0.23
Parasect,https://www.phygitals.com/pokemon/47,1,Market Price$0.12,$0.12,,,,Market Price$0.12
Parasect,https://www.phygitals.com/pokemon/47,1,$0.12,$0.12,,,,$0.12
Parasect,https://www.phygitals.com/pokemon/47,1,Market Price$0.10,$0.10,,,,Market Price$0.10
Parasect,https://www.phygitals.com/pokemon/47,1,$0.10,$0.10,,,,$0.10
Parasect,https://www.phygitals.com/pokemon/47,1,Market Price$0.07,$0.07,,,,Market Price$0.07
Parasect,https://www.phygitals.com/pokemon/47,1,$0.07,$0.07,,,,$0.07
Parasect,https://www.phygitals.com/pokemon/47,1,Market Price$0.05,$0.05,,,,Market Price$0.05
Parasect,https://www.phygitals.com/pokemon/47,1,$0.05,$0.05,,,,$0.05
Meowth,https://www.phygitals.com/pokemon/52,1,Value,$284,,,,Value$284
Meowth,https://www.phygitals.com/pokemon/52,1,Market Price$79.58,$79.58,,,,Market Price$79.58
Meowth,https://www.phygitals.com/pokemon/52,1,$79.58,$79.58,,,,$79.58
Meowth,https://www.phygitals.com/pokemon/52,1,Market Price$41.17,$41.17,,,,Market Price$41.17
Meowth,https://www.phygitals.com/pokemon/52,1,$41.17,$41.17,,,,$41.17
Meowth,https://www.phygitals.com/pokemon/52,1,Market Price$29.60,$29.60,,,,Market Price$29.60
Meowth,https://www.phygitals.com/pokemon/52,1,$29.60,$29.60,,,,$29.60
Meowth,https://www.phygitals.com/pokemon/52,1,Market Price$28.93,$28.93,,,,Market Price$28.93
Meowth,https://www.phygitals.com/pokemon/52,1,$28.93,$28.93,,,,$28.93
Meowth,https://www.phygitals.com/pokemon/52,1,Market Price$22.15,$22.15,,,,Market Price$22.15
Meowth,https://www.phygitals.com/pokemon/52,1,$22.15,$22.15,,,,$22.15
Meowth,https://www.phygitals.com/pokemon/52,1,Market Price$15.13,$15.13,,,,Market Price$15.13
Meowth,https://www.phygitals.com/pokemon/52,1,$15.13,$15.13,,,,$15.13
Meowth,https://www.phygitals.com/pokemon/52,1,Market Price$13.99,$13.99,,,,Market Price$13.99
Meowth,https://www.phygitals.com/pokemon/52,1,$13.99,$13.99,,,,$13.99
Meowth,https://www.phygitals.com/pokemon/52,1,Market Price$10.88,$10.88,,,,Market Price$10.88
Meowth,https://www.phygitals.com/pokemon/52,1,$10.88,$10.88,,,,$10.88
Meowth,https://www.phygitals.com/pokemon/52,1,Market Price$10.65,$10.65,,,,Market Price$10.65
Meowth,https://www.phygitals.com/pokemon/52,1,$10.65,$10.65,,,,$10.65
Meowth,https://www.phygitals.com/pokemon/52,1,Market Price$4.96,$4.96,,,,Market Price$4.96
Meowth,https://www.phygitals.com/pokemon/52,1,$4.96,$4.96,,,,$4.96
Meowth,https://www.phygitals.com/pokemon/52,1,Market Price$4.51,$4.51,,,,Market Price$4.51
Meowth,https://www.phygitals.com/pokemon/52,1,$4.51,$4.51,,,,$4.51
Meowth,https://www.phygitals.com/pokemon/52,1,Market Price$3.21,$3.21,,,,Market Price$3.21
Meowth,https://www.phygitals.com/pokemon/52,1,$3.21,$3.21,,,,$3.21
Meowth,https://www.phygitals.com/pokemon/52,1,Market Price$3.17,$3.17,,,,Market Price$3.17
Meowth,https://www.phygitals.com/pokemon/52,1,$3.17,$3.17,,,,$3.17
Meowth,https://www.phygitals.com/pokemon/52,1,Market Price$2.16,$2.16,,,,Market Price$2.16
Meowth,https://www.phygitals.com/pokemon/52,1,$2.16,$2.16,,,,$2.16
Meowth,https://www.phygitals.com/pokemon/52,1,Market Price$1.89,$1.89,,,,Market Price$1.89
Meowth,https://www.phygitals.com/pokemon/52,1,$1.89,$1.89,,,,$1.89
Meowth,https://www.phygitals.com/pokemon/52,1,Market Price$1.55,$1.55,,,,Market Price$1.55
Meowth,https://www.phygitals.com/pokemon/52,1,$1.55,$1.55,,,,$1.55
Meowth,https://www.phygitals.com/pokemon/52,1,Market Price$1.43,$1.43,,,,Market Price$1.43
Meowth,https://www.phygitals.com/pokemon/52,1,$1.43,$1.43,,,,$1.43
Meowth,https://www.phygitals.com/pokemon/52,1,Market Price$0.94,$0.94,,,,Market Price$0.94
Meowth,https://www.phygitals.com/pokemon/52,1,$0.94,$0.94,,,,$0.94
Meowth,https://www.phygitals.com/pokemon/52,1,Market Price$0.83,$0.83,,,,Market Price$0.83
Meowth,https://www.phygitals.com/pokemon/52,1,$0.83,$0.83,,,,$0.83
Meowth,https://www.phygitals.com/pokemon/52,1,Market Price$0.77,$0.77,,,,Market Price$0.77
Meowth,https://www.phygitals.com/pokemon/52,1,$0.77,$0.77,,,,$0.77
Meowth,https://www.phygitals.com/pokemon/52,1,Market Price$0.76,$0.76,,,,Market Price$0.76
Meowth,https://www.phygitals.com/pokemon/52,1,$0.76,$0.76,,,,$0.76
Meowth,https://www.phygitals.com/pokemon/52,1,Market Price$0.55,$0.55,,,,Market Price$0.55
Meowth,https://www.phygitals.com/pokemon/52,1,$0.55,$0.55,,,,$0.55
Meowth,https://www.phygitals.com/pokemon/52,1,Market Price$0.48,$0.48,,,,Market Price$0.48
Meowth,https://www.phygitals.com/pokemon/52,1,$0.48,$0.48,,,,$0.48
Meowth,https://www.phygitals.com/pokemon/52,1,Market Price$0.39,$0.39,,,,Market Price$0.39
Meowth,https://www.phygitals.com/pokemon/52,1,$0.39,$0.39,,,,$0.39
Meowth,https://www.phygitals.com/pokemon/52,1,Market Price$0.36,$0.36,,,,Market Price$0.36
Meowth,https://www.phygitals.com/pokemon/52,1,$0.36,$0.36,,,,$0.36
Meowth,https://www.phygitals.com/pokemon/52,1,Market Price$0.33,$0.33,,,,Market Price$0.33
Meowth,https://www.phygitals.com/pokemon/52,1,$0.33,$0.33,,,,$0.33
Meowth,https://www.phygitals.com/pokemon/52,1,Market Price$0.29,$0.29,,,,Market Price$0.29
Meowth,https://www.phygitals.com/pokemon/52,1,$0.29,$0.29,,,,$0.29
Meowth,https://www.phygitals.com/pokemon/52,1,Market Price$0.26,$0.26,,,,Market Price$0.26
Meowth,https://www.phygitals.com/pokemon/52,1,$0.26,$0.26,,,,$0.26
Meowth,https://www.phygitals.com/pokemon/52,1,Market Price$0.25,$0.25,,,,Market Price$0.25
Meowth,https://www.phygitals.com/pokemon/52,1,$0.25,$0.25,,,,$0.25
Meowth,https://www.phygitals.com/pokemon/52,1,Market Price$0.23,$0.23,,,,Market Price$0.23
Meowth,https://www.phygitals.com/pokemon/52,1,$0.23,$0.23,,,,$0.23
Meowth,https://www.phygitals.com/pokemon/52,1,Market Price$0.22,$0.22,,,,Market Price$0.22
Meowth,https://www.phygitals.com/pokemon/52,1,$0.22,$0.22,,,,$0.22
Meowth,https://www.phygitals.com/pokemon/52,1,Market Price$0.20,$0.20,,,,Market Price$0.20
Meowth,https://www.phygitals.com/pokemon/52,1,$0.20,$0.20,,,,$0.20
Meowth,https://www.phygitals.com/pokemon/52,1,Market Price$0.16,$0.16,,,,Market Price$0.16
Meowth,https://www.phygitals.com/pokemon/52,1,$0.16,$0.16,,,,$0.16
Meowth,https://www.phygitals.com/pokemon/52,1,Market Price$0.15,$0.15,,,,Market Price$0.15
Meowth,https://www.phygitals.com/pokemon/52,1,$0.15,$0.15,,,,$0.15
Meowth,https://www.phygitals.com/pokemon/52,1,Market Price$0.13,$0.13,,,,Market Price$0.13
Meowth,https://www.phygitals.com/pokemon/52,1,$0.13,$0.13,,,,$0.13
Meowth,https://www.phygitals.com/pokemon/52,1,Market Price$0.12,$0.12,,,,Market Price$0.12
Meowth,https://www.phygitals.com/pokemon/52,1,$0.12,$0.12,,,,$0.12
Meowth,https://www.phygitals.com/pokemon/52,1,Market Price$0.11,$0.11,,,,Market Price$0.11
Meowth,https://www.phygitals.com/pokemon/52,1,$0.11,$0.11,,,,$0.11
Meowth,https://www.phygitals.com/pokemon/52,1,Market Price$0.10,$0.10,,,,Market Price$0.10
Meowth,https://www.phygitals.com/pokemon/52,1,$0.10,$0.10,,,,$0.10
Meowth,https://www.phygitals.com/pokemon/52,1,Market Price$0.09,$0.09,,,,Market Price$0.09
Meowth,https://www.phygitals.com/pokemon/52,1,$0.09,$0.09,,,,$0.09
Meowth,https://www.phygitals.com/pokemon/52,1,Market Price$0.08,$0.08,,,,Market Price$0.08
Meowth,https://www.phygitals.com/pokemon/52,1,$0.08,$0.08,,,,$0.08
Meowth,https://www.phygitals.com/pokemon/52,1,Market Price$0.07,$0.07,,,,Market Price$0.07
Meowth,https://www.phygitals.com/pokemon/52,1,$0.07,$0.07,,,,$0.07
Psyduck,https://www.phygitals.com/pokemon/54,1,Value,$773,,,,Value$773
Psyduck,https://www.phygitals.com/pokemon/54,1,Market Price$226.96,$226.96,,,,Market Price$226.96
Psyduck,https://www.phygitals.com/pokemon/54,1,$226.96,$226.96,,,,$226.96
Psyduck,https://www.phygitals.com/pokemon/54,1,Market Price$150.40,$150.40,,,,Market Price$150.40
Psyduck,https://www.phygitals.com/pokemon/54,1,$150.40,$150.40,,,,$150.40
Psyduck,https://www.phygitals.com/pokemon/54,1,Market Price$91.11,$91.11,,,,Market Price$91.11
Psyduck,https://www.phygitals.com/pokemon/54,1,$91.11,$91.11,,,,$91.11
Psyduck,https://www.phygitals.com/pokemon/54,1,Market Price$77.98,$77.98,,,,Market Price$77.98
Psyduck,https://www.phygitals.com/pokemon/54,1,$77.98,$77.98,,,,$77.98
Psyduck,https://www.phygitals.com/pokemon/54,1,Market Price$65.34,$65.34,,,,Market Price$65.34
Psyduck,https://www.phygitals.com/pokemon/54,1,$65.34,$65.34,,,,$65.34
Psyduck,https://www.phygitals.com/pokemon/54,1,Market Price$50.49,$50.49,,,,Market Price$50.49
Psyduck,https://www.phygitals.com/pokemon/54,1,$50.49,$50.49,,,,$50.49
Psyduck,https://www.phygitals.com/pokemon/54,1,Market Price$35.46,$35.46,,,,Market Price$35.46
Psyduck,https://www.phygitals.com/pokemon/54,1,$35.46,$35.46,,,,$35.46
Psyduck,https://www.phygitals.com/pokemon/54,1,Market Price$24.67,$24.67,,,,Market Price$24.67
Psyduck,https://www.phygitals.com/pokemon/54,1,$24.67,$24.67,,,,$24.67
Psyduck,https://www.phygitals.com/pokemon/54,1,Market Price$12.50,$12.50,,,,Market Price$12.50
Psyduck,https://www.phygitals.com/pokemon/54,1,$12.50,$12.50,,,,$12.50
Psyduck,https://www.phygitals.com/pokemon/54,1,Market Price$8.15,$8.15,,,,Market Price$8.15
Psyduck,https://www.phygitals.com/pokemon/54,1,$8.15,$8.15,,,,$8.15
Psyduck,https://www.phygitals.com/pokemon/54,1,Market Price$5.18,$5.18,,,,Market Price$5.18
Psyduck,https://www.phygitals.com/pokemon/54,1,$5.18,$5.18,,,,$5.18
Psyduck,https://www.phygitals.com/pokemon/54,1,Market Price$4.98,$4.98,,,,Market Price$4.98
Psyduck,https://www.phygitals.com/pokemon/54,1,$4.98,$4.98,,,,$4.98
Psyduck,https://www.phygitals.com/pokemon/54,1,Market Price$4.52,$4.52,,,,Market Price$4.52
Psyduck,https://www.phygitals.com/pokemon/54,1,$4.52,$4.52,,,,$4.52
Psyduck,https://www.phygitals.com/pokemon/54,1,Market Price$3.97,$3.97,,,,Market Price$3.97
Psyduck,https://www.phygitals.com/pokemon/54,1,$3.97,$3.97,,,,$3.97
Psyduck,https://www.phygitals.com/pokemon/54,1,Market Price$2.66,$2.66,,,,Market Price$2.66
Psyduck,https://www.phygitals.com/pokemon/54,1,$2.66,$2.66,,,,$2.66
Psyduck,https://www.phygitals.com/pokemon/54,1,Market Price$1.92,$1.92,,,,Market Price$1.92
Psyduck,https://www.phygitals.com/pokemon/54,1,$1.92,$1.92,,,,$1.92
Psyduck,https://www.phygitals.com/pokemon/54,1,Market Price$1.79,$1.79,,,,Market Price$1.79
Psyduck,https://www.phygitals.com/pokemon/54,1,$1.79,$1.79,,,,$1.79
Psyduck,https://www.phygitals.com/pokemon/54,1,Market Price$1.75,$1.75,,,,Market Price$1.75
Psyduck,https://www.phygitals.com/pokemon/54,1,$1.75,$1.75,,,,$1.75
Psyduck,https://www.phygitals.com/pokemon/54,1,Market Price$0.65,$0.65,,,,Market Price$0.65
Psyduck,https://www.phygitals.com/pokemon/54,1,$0.65,$0.65,,,,$0.65
Psyduck,https://www.phygitals.com/pokemon/54,1,Market Price$0.52,$0.52,,,,Market Price$0.52
Psyduck,https://www.phygitals.com/pokemon/54,1,$0.52,$0.52,,,,$0.52
Psyduck,https://www.phygitals.com/pokemon/54,1,Market Price$0.48,$0.48,,,,Market Price$0.48
Psyduck,https://www.phygitals.com/pokemon/54,1,$0.48,$0.48,,,,$0.48
Psyduck,https://www.phygitals.com/pokemon/54,1,Market Price$0.39,$0.39,,,,Market Price$0.39
Psyduck,https://www.phygitals.com/pokemon/54,1,$0.39,$0.39,,,,$0.39
Psyduck,https://www.phygitals.com/pokemon/54,1,Market Price$0.32,$0.32,,,,Market Price$0.32
Psyduck,https://www.phygitals.com/pokemon/54,1,$0.32,$0.32,,,,$0.32
Psyduck,https://www.phygitals.com/pokemon/54,1,Market Price$0.27,$0.27,,,,Market Price$0.27
Psyduck,https://www.phygitals.com/pokemon/54,1,$0.27,$0.27,,,,$0.27
Psyduck,https://www.phygitals.com/pokemon/54,1,Market Price$0.19,$0.19,,,,Market Price$0.19
Psyduck,https://www.phygitals.com/pokemon/54,1,$0.19,$0.19,,,,$0.19
Psyduck,https://www.phygitals.com/pokemon/54,1,Market Price$0.14,$0.14,,,,Market Price$0.14
Psyduck,https://www.phygitals.com/pokemon/54,1,$0.14,$0.14,,,,$0.14
Psyduck,https://www.phygitals.com/pokemon/54,1,Market Price$0.13,$0.13,,,,Market Price$0.13
Psyduck,https://www.phygitals.com/pokemon/54,1,$0.13,$0.13,,,,$0.13
Psyduck,https://www.phygitals.com/pokemon/54,1,Market Price$0.11,$0.11,,,,Market Price$0.11
Psyduck,https://www.phygitals.com/pokemon/54,1,$0.11,$0.11,,,,$0.11
Primeape,https://www.phygitals.com/pokemon/57,1,Value,$60,,,,Value$60
Primeape,https://www.phygitals.com/pokemon/57,1,Market Price$24.54,$24.54,,,,Market Price$24.54
Primeape,https://www.phygitals.com/pokemon/57,1,$24.54,$24.54,,,,$24.54
Primeape,https://www.phygitals.com/pokemon/57,1,Market Price$22.62,$22.62,,,,Market Price$22.62
Primeape,https://www.phygitals.com/pokemon/57,1,$22.62,$22.62,,,,$22.62
Primeape,https://www.phygitals.com/pokemon/57,1,Market Price$3.03,$3.03,,,,Market Price$3.03
Primeape,https://www.phygitals.com/pokemon/57,1,$3.03,$3.03,,,,$3.03
Primeape,https://www.phygitals.com/pokemon/57,1,Market Price$1.41,$1.41,,,,Market Price$1.41
Primeape,https://www.phygitals.com/pokemon/57,1,$1.41,$1.41,,,,$1.41
Primeape,https://www.phygitals.com/pokemon/57,1,Market Price$1.36,$1.36,,,,Market Price$1.36
Primeape,https://www.phygitals.com/pokemon/57,1,$1.36,$1.36,,,,$1.36
Primeape,https://www.phygitals.com/pokemon/57,1,Market Price$1.31,$1.31,,,,Market Price$1.31
Primeape,https://www.phygitals.com/pokemon/57,1,$1.31,$1.31,,,,$1.31
Primeape,https://www.phygitals.com/pokemon/57,1,Market Price$1.30,$1.30,,,,Market Price$1.30
Primeape,https://www.phygitals.com/pokemon/57,1,$1.30,$1.30,,,,$1.30
Primeape,https://www.phygitals.com/pokemon/57,1,Market Price$1.00,$1.00,,,,Market Price$1.00
Primeape,https://www.phygitals.com/pokemon/57,1,$1.00,$1.00,,,,$1.00
Primeape,https://www.phygitals.com/pokemon/57,1,Market Price$0.85,$0.85,,,,Market Price$0.85
Primeape,https://www.phygitals.com/pokemon/57,1,$0.85,$0.85,,,,$0.85
Primeape,https://www.phygitals.com/pokemon/57,1,Market Price$0.50,$0.50,,,,Market Price$0.50
Primeape,https://www.phygitals.com/pokemon/57,1,$0.50,$0.50,,,,$0.50
Primeape,https://www.phygitals.com/pokemon/57,1,Market Price$0.39,$0.39,,,,Market Price$0.39
Primeape,https://www.phygitals.com/pokemon/57,1,$0.39,$0.39,,,,$0.39
Primeape,https://www.phygitals.com/pokemon/57,1,Market Price$0.37,$0.37,,,,Market Price$0.37
Primeape,https://www.phygitals.com/pokemon/57,1,$0.37,$0.37,,,,$0.37
Primeape,https://www.phygitals.com/pokemon/57,1,Market Price$0.22,$0.22,,,,Market Price$0.22
Primeape,https://www.phygitals.com/pokemon/57,1,$0.22,$0.22,,,,$0.22
Primeape,https://www.phygitals.com/pokemon/57,1,Market Price$0.14,$0.14,,,,Market Price$0.14
Primeape,https://www.phygitals.com/pokemon/57,1,$0.14,$0.14,,,,$0.14
Primeape,https://www.phygitals.com/pokemon/57,1,Market Price$0.10,$0.10,,,,Market Price$0.10
Primeape,https://www.phygitals.com/pokemon/57,1,$0.10,$0.10,,,,$0.10
Primeape,https://www.phygitals.com/pokemon/57,1,Market Price$0.09,$0.09,,,,Market Price$0.09
Primeape,https://www.phygitals.com/pokemon/57,1,$0.09,$0.09,,,,$0.09
Primeape,https://www.phygitals.com/pokemon/57,1,Market Price$0.07,$0.07,,,,Market Price$0.07
Primeape,https://www.phygitals.com/pokemon/57,1,$0.07,$0.07,,,,$0.07
Primeape,https://www.phygitals.com/pokemon/57,1,Market Price$0.06,$0.06,,,,Market Price$0.06
Primeape,https://www.phygitals.com/pokemon/57,1,$0.06,$0.06,,,,$0.06
Growlithe,https://www.phygitals.com/pokemon/58,1,Value,$90,,,,Value$90
Growlithe,https://www.phygitals.com/pokemon/58,1,Market Price$21.48,$21.48,,,,Market Price$21.48
Growlithe,https://www.phygitals.com/pokemon/58,1,$21.48,$21.48,,,,$21.48
Growlithe,https://www.phygitals.com/pokemon/58,1,Market Price$20.33,$20.33,,,,Market Price$20.33
Growlithe,https://www.phygitals.com/pokemon/58,1,$20.33,$20.33,,,,$20.33
Growlithe,https://www.phygitals.com/pokemon/58,1,Market Price$16.30,$16.30,,,,Market Price$16.30
Growlithe,https://www.phygitals.com/pokemon/58,1,$16.30,$16.30,,,,$16.30
Growlithe,https://www.phygitals.com/pokemon/58,1,Market Price$8.70,$8.70,,,,Market Price$8.70
Growlithe,https://www.phygitals.com/pokemon/58,1,$8.70,$8.70,,,,$8.70
Growlithe,https://www.phygitals.com/pokemon/58,1,Market Price$7.18,$7.18,,,,Market Price$7.18
Growlithe,https://www.phygitals.com/pokemon/58,1,$7.18,$7.18,,,,$7.18
Growlithe,https://www.phygitals.com/pokemon/58,1,Market Price$2.50,$2.50,,,,Market Price$2.50
Growlithe,https://www.phygitals.com/pokemon/58,1,$2.50,$2.50,,,,$2.50
Growlithe,https://www.phygitals.com/pokemon/58,1,Market Price$1.77,$1.77,,,,Market Price$1.77
Growlithe,https://www.phygitals.com/pokemon/58,1,$1.77,$1.77,,,,$1.77
Growlithe,https://www.phygitals.com/pokemon/58,1,Market Price$1.72,$1.72,,,,Market Price$1.72
Growlithe,https://www.phygitals.com/pokemon/58,1,$1.72,$1.72,,,,$1.72
Growlithe,https://www.phygitals.com/pokemon/58,1,Market Price$1.21,$1.21,,,,Market Price$1.21
Growlithe,https://www.phygitals.com/pokemon/58,1,$1.21,$1.21,,,,$1.21
Growlithe,https://www.phygitals.com/pokemon/58,1,Market Price$1.07,$1.07,,,,Market Price$1.07
Growlithe,https://www.phygitals.com/pokemon/58,1,$1.07,$1.07,,,,$1.07
Growlithe,https://www.phygitals.com/pokemon/58,1,Market Price$0.99,$0.99,,,,Market Price$0.99
Growlithe,https://www.phygitals.com/pokemon/58,1,$0.99,$0.99,,,,$0.99
Growlithe,https://www.phygitals.com/pokemon/58,1,Market Price$0.82,$0.82,,,,Market Price$0.82
Growlithe,https://www.phygitals.com/pokemon/58,1,$0.82,$0.82,,,,$0.82
Growlithe,https://www.phygitals.com/pokemon/58,1,Market Price$0.77,$0.77,,,,Market Price$0.77
Growlithe,https://www.phygitals.com/pokemon/58,1,$0.77,$0.77,,,,$0.77
Growlithe,https://www.phygitals.com/pokemon/58,1,Market Price$0.66,$0.66,,,,Market Price$0.66
Growlithe,https://www.phygitals.com/pokemon/58,1,$0.66,$0.66,,,,$0.66
Growlithe,https://www.phygitals.com/pokemon/58,1,Market Price$0.64,$0.64,,,,Market Price$0.64
Growlithe,https://www.phygitals.com/pokemon/58,1,$0.64,$0.64,,,,$0.64
Growlithe,https://www.phygitals.com/pokemon/58,1,Market Price$0.51,$0.51,,,,Market Price$0.51
Growlithe,https://www.phygitals.com/pokemon/58,1,$0.51,$0.51,,,,$0.51
Growlithe,https://www.phygitals.com/pokemon/58,1,Market Price$0.50,$0.50,,,,Market Price$0.50
Growlithe,https://www.phygitals.com/pokemon/58,1,$0.50,$0.50,,,,$0.50
Growlithe,https://www.phygitals.com/pokemon/58,1,Market Price$0.45,$0.45,,,,Market Price$0.45
Growlithe,https://www.phygitals.com/pokemon/58,1,$0.45,$0.45,,,,$0.45
Growlithe,https://www.phygitals.com/pokemon/58,1,Market Price$0.35,$0.35,,,,Market Price$0.35
Growlithe,https://www.phygitals.com/pokemon/58,1,$0.35,$0.35,,,,$0.35
Growlithe,https://www.phygitals.com/pokemon/58,1,Market Price$0.24,$0.24,,,,Market Price$0.24
Growlithe,https://www.phygitals.com/pokemon/58,1,$0.24,$0.24,,,,$0.24
Growlithe,https://www.phygitals.com/pokemon/58,1,Market Price$0.22,$0.22,,,,Market Price$0.22
Growlithe,https://www.phygitals.com/pokemon/58,1,$0.22,$0.22,,,,$0.22
Growlithe,https://www.phygitals.com/pokemon/58,1,Market Price$0.17,$0.17,,,,Market Price$0.17
Growlithe,https://www.phygitals.com/pokemon/58,1,$0.17,$0.17,,,,$0.17
Growlithe,https://www.phygitals.com/pokemon/58,1,Market Price$0.14,$0.14,,,,Market Price$0.14
Growlithe,https://www.phygitals.com/pokemon/58,1,$0.14,$0.14,,,,$0.14
Growlithe,https://www.phygitals.com/pokemon/58,1,Market Price$0.11,$0.11,,,,Market Price$0.11
Growlithe,https://www.phygitals.com/pokemon/58,1,$0.11,$0.11,,,,$0.11
Growlithe,https://www.phygitals.com/pokemon/58,1,Market Price$0.10,$0.10,,,,Market Price$0.10
Growlithe,https://www.phygitals.com/pokemon/58,1,$0.10,$0.10,,,,$0.10
Growlithe,https://www.phygitals.com/pokemon/58,1,Market Price$0.08,$0.08,,,,Market Price$0.08
Growlithe,https://www.phygitals.com/pokemon/58,1,$0.08,$0.08,,,,$0.08
Growlithe,https://www.phygitals.com/pokemon/58,1,Market Price$0.07,$0.07,,,,Market Price$0.07
Growlithe,https://www.phygitals.com/pokemon/58,1,$0.07,$0.07,,,,$0.07
Poliwrath,https://www.phygitals.com/pokemon/62,1,Value,$450,,,,Value$450
Poliwrath,https://www.phygitals.com/pokemon/62,1,Market Price$210.69,$210.69,,,,Market Price$210.69
Poliwrath,https://www.phygitals.com/pokemon/62,1,$210.69,$210.69,,,,$210.69
Poliwrath,https://www.phygitals.com/pokemon/62,1,Market Price$52.82,$52.82,,,,Market Price$52.82
Poliwrath,https://www.phygitals.com/pokemon/62,1,$52.82,$52.82,,,,$52.82
Poliwrath,https://www.phygitals.com/pokemon/62,1,Market Price$48.29,$48.29,,,,Market Price$48.29
Poliwrath,https://www.phygitals.com/pokemon/62,1,$48.29,$48.29,,,,$48.29
Poliwrath,https://www.phygitals.com/pokemon/62,1,Market Price$39.66,$39.66,,,,Market Price$39.66
Poliwrath,https://www.phygitals.com/pokemon/62,1,$39.66,$39.66,,,,$39.66
Poliwrath,https://www.phygitals.com/pokemon/62,1,Market Price$21.40,$21.40,,,,Market Price$21.40
Poliwrath,https://www.phygitals.com/pokemon/62,1,$21.40,$21.40,,,,$21.40
Poliwrath,https://www.phygitals.com/pokemon/62,1,Market Price$20.44,$20.44,,,,Market Price$20.44
Poliwrath,https://www.phygitals.com/pokemon/62,1,$20.44,$20.44,,,,$20.44
Poliwrath,https://www.phygitals.com/pokemon/62,1,Market Price$19.45,$19.45,,,,Market Price$19.45
Poliwrath,https://www.phygitals.com/pokemon/62,1,$19.45,$19.45,,,,$19.45
Poliwrath,https://www.phygitals.com/pokemon/62,1,Market Price$15.36,$15.36,,,,Market Price$15.36
Poliwrath,https://www.phygitals.com/pokemon/62,1,$15.36,$15.36,,,,$15.36
Poliwrath,https://www.phygitals.com/pokemon/62,1,Market Price$13.35,$13.35,,,,Market Price$13.35
Poliwrath,https://www.phygitals.com/pokemon/62,1,$13.35,$13.35,,,,$13.35
Poliwrath,https://www.phygitals.com/pokemon/62,1,Market Price$2.49,$2.49,,,,Market Price$2.49
Poliwrath,https://www.phygitals.com/pokemon/62,1,$2.49,$2.49,,,,$2.49
Poliwrath,https://www.phygitals.com/pokemon/62,1,Market Price$1.51,$1.51,,,,Market Price$1.51
Poliwrath,https://www.phygitals.com/pokemon/62,1,$1.51,$1.51,,,,$1.51
Poliwrath,https://www.phygitals.com/pokemon/62,1,Market Price$1.32,$1.32,,,,Market Price$1.32
Poliwrath,https://www.phygitals.com/pokemon/62,1,$1.32,$1.32,,,,$1.32
Poliwrath,https://www.phygitals.com/pokemon/62,1,Market Price$1.26,$1.26,,,,Market Price$1.26
Poliwrath,https://www.phygitals.com/pokemon/62,1,$1.26,$1.26,,,,$1.26
Poliwrath,https://www.phygitals.com/pokemon/62,1,Market Price$0.67,$0.67,,,,Market Price$0.67
Poliwrath,https://www.phygitals.com/pokemon/62,1,$0.67,$0.67,,,,$0.67
Poliwrath,https://www.phygitals.com/pokemon/62,1,Market Price$0.59,$0.59,,,,Market Price$0.59
Poliwrath,https://www.phygitals.com/pokemon/62,1,$0.59,$0.59,,,,$0.59
Poliwrath,https://www.phygitals.com/pokemon/62,1,Market Price$0.16,$0.16,,,,Market Price$0.16
Poliwrath,https://www.phygitals.com/pokemon/62,1,$0.16,$0.16,,,,$0.16
Poliwrath,https://www.phygitals.com/pokemon/62,1,Market Price$0.09,$0.09,,,,Market Price$0.09
Poliwrath,https://www.phygitals.com/pokemon/62,1,$0.09,$0.09,,,,$0.09
Alakazam,https://www.phygitals.com/pokemon/65,1,Value,"$2,163",,,,"Value$2,163"
Alakazam,https://www.phygitals.com/pokemon/65,1,Market Price$800.00,$800.00,,,,Market Price$800.00
Alakazam,https://www.phygitals.com/pokemon/65,1,$800.00,$800.00,,,,$800.00
Alakazam,https://www.phygitals.com/pokemon/65,1,Market Price$270.51,$270.51,,,,Market Price$270.51
Alakazam,https://www.phygitals.com/pokemon/65,1,$270.51,$270.51,,,,$270.51
Alakazam,https://www.phygitals.com/pokemon/65,1,Market Price$221.66,$221.66,,,,Market Price$221.66
Alakazam,https://www.phygitals.com/pokemon/65,1,$221.66,$221.66,,,,$221.66
Alakazam,https://www.phygitals.com/pokemon/65,1,Market Price$138.17,$138.17,,,,Market Price$138.17
Alakazam,https://www.phygitals.com/pokemon/65,1,$138.17,$138.17,,,,$138.17
Alakazam,https://www.phygitals.com/pokemon/65,1,Market Price$133.93,$133.93,,,,Market Price$133.93
Alakazam,https://www.phygitals.com/pokemon/65,1,$133.93,$133.93,,,,$133.93
Alakazam,https://www.phygitals.com/pokemon/65,1,Market Price$105.83,$105.83,,,,Market Price$105.83
Alakazam,https://www.phygitals.com/pokemon/65,1,$105.83,$105.83,,,,$105.83
Alakazam,https://www.phygitals.com/pokemon/65,1,Market Price$99.70,$99.70,,,,Market Price$99.70
Alakazam,https://www.phygitals.com/pokemon/65,1,$99.70,$99.70,,,,$99.70
Alakazam,https://www.phygitals.com/pokemon/65,1,Market Price$86.66,$86.66,,,,Market Price$86.66
Alakazam,https://www.phygitals.com/pokemon/65,1,$86.66,$86.66,,,,$86.66
Alakazam,https://www.phygitals.com/pokemon/65,1,Market Price$54.21,$54.21,,,,Market Price$54.21
Alakazam,https://www.phygitals.com/pokemon/65,1,$54.21,$54.21,,,,$54.21
Alakazam,https://www.phygitals.com/pokemon/65,1,Market Price$53.06,$53.06,,,,Market Price$53.06
Alakazam,https://www.phygitals.com/pokemon/65,1,$53.06,$53.06,,,,$53.06
Alakazam,https://www.phygitals.com/pokemon/65,1,Market Price$52.98,$52.98,,,,Market Price$52.98
Alakazam,https://www.phygitals.com/pokemon/65,1,$52.98,$52.98,,,,$52.98
Alakazam,https://www.phygitals.com/pokemon/65,1,Market Price$37.01,$37.01,,,,Market Price$37.01
Alakazam,https://www.phygitals.com/pokemon/65,1,$37.01,$37.01,,,,$37.01
Alakazam,https://www.phygitals.com/pokemon/65,1,Market Price$27.08,$27.08,,,,Market Price$27.08
Alakazam,https://www.phygitals.com/pokemon/65,1,$27.08,$27.08,,,,$27.08
Alakazam,https://www.phygitals.com/pokemon/65,1,Market Price$23.67,$23.67,,,,Market Price$23.67
Alakazam,https://www.phygitals.com/pokemon/65,1,$23.67,$23.67,,,,$23.67
Alakazam,https://www.phygitals.com/pokemon/65,1,Market Price$21.98,$21.98,,,,Market Price$21.98
Alakazam,https://www.phygitals.com/pokemon/65,1,$21.98,$21.98,,,,$21.98
Alakazam,https://www.phygitals.com/pokemon/65,1,Market Price$10.29,$10.29,,,,Market Price$10.29
Alakazam,https://www.phygitals.com/pokemon/65,1,$10.29,$10.29,,,,$10.29
Alakazam,https://www.phygitals.com/pokemon/65,1,Market Price$7.61,$7.61,,,,Market Price$7.61
Alakazam,https://www.phygitals.com/pokemon/65,1,$7.61,$7.61,,,,$7.61
Alakazam,https://www.phygitals.com/pokemon/65,1,Market Price$4.94,$4.94,,,,Market Price$4.94
Alakazam,https://www.phygitals.com/pokemon/65,1,$4.94,$4.94,,,,$4.94
Alakazam,https://www.phygitals.com/pokemon/65,1,Market Price$3.69,$3.69,,,,Market Price$3.69
Alakazam,https://www.phygitals.com/pokemon/65,1,$3.69,$3.69,,,,$3.69
Alakazam,https://www.phygitals.com/pokemon/65,1,Market Price$3.31,$3.31,,,,Market Price$3.31
Alakazam,https://www.phygitals.com/pokemon/65,1,$3.31,$3.31,,,,$3.31
Alakazam,https://www.phygitals.com/pokemon/65,1,Market Price$2.07,$2.07,,,,Market Price$2.07
Alakazam,https://www.phygitals.com/pokemon/65,1,$2.07,$2.07,,,,$2.07
Alakazam,https://www.phygitals.com/pokemon/65,1,Market Price$1.25,$1.25,,,,Market Price$1.25
Alakazam,https://www.phygitals.com/pokemon/65,1,$1.25,$1.25,,,,$1.25
Alakazam,https://www.phygitals.com/pokemon/65,1,Market Price$1.00,$1.00,,,,Market Price$1.00
Alakazam,https://www.phygitals.com/pokemon/65,1,$1.00,$1.00,,,,$1.00
Alakazam,https://www.phygitals.com/pokemon/65,1,Market Price$0.98,$0.98,,,,Market Price$0.98
Alakazam,https://www.phygitals.com/pokemon/65,1,$0.98,$0.98,,,,$0.98
Alakazam,https://www.phygitals.com/pokemon/65,1,Market Price$0.82,$0.82,,,,Market Price$0.82
Alakazam,https://www.phygitals.com/pokemon/65,1,$0.82,$0.82,,,,$0.82
Alakazam,https://www.phygitals.com/pokemon/65,1,Market Price$0.18,$0.18,,,,Market Price$0.18
Alakazam,https://www.phygitals.com/pokemon/65,1,$0.18,$0.18,,,,$0.18
Alakazam,https://www.phygitals.com/pokemon/65,1,Market Price$0.13,$0.13,,,,Market Price$0.13
Alakazam,https://www.phygitals.com/pokemon/65,1,$0.13,$0.13,,,,$0.13
Machop,https://www.phygitals.com/pokemon/66,1,Value,$12,,,,Value$12
Machop,https://www.phygitals.com/pokemon/66,1,Market Price$6.34,$6.34,,,,Market Price$6.34
Machop,https://www.phygitals.com/pokemon/66,1,$6.34,$6.34,,,,$6.34
Machop,https://www.phygitals.com/pokemon/66,1,Market Price$1.32,$1.32,,,,Market Price$1.32
Machop,https://www.phygitals.com/pokemon/66,1,$1.32,$1.32,,,,$1.32
Machop,https://www.phygitals.com/pokemon/66,1,Market Price$0.55,$0.55,,,,Market Price$0.55
Machop,https://www.phygitals.com/pokemon/66,1,$0.55,$0.55,,,,$0.55
Machop,https://www.phygitals.com/pokemon/66,1,Market Price$0.43,$0.43,,,,Market Price$0.43
Machop,https://www.phygitals.com/pokemon/66,1,$0.43,$0.43,,,,$0.43
Machop,https://www.phygitals.com/pokemon/66,1,Market Price$0.42,$0.42,,,,Market Price$0.42
Machop,https://www.phygitals.com/pokemon/66,1,$0.42,$0.42,,,,$0.42
Machop,https://www.phygitals.com/pokemon/66,1,Market Price$0.36,$0.36,,,,Market Price$0.36
Machop,https://www.phygitals.com/pokemon/66,1,$0.36,$0.36,,,,$0.36
Machop,https://www.phygitals.com/pokemon/66,1,Market Price$0.31,$0.31,,,,Market Price$0.31
Machop,https://www.phygitals.com/pokemon/66,1,$0.31,$0.31,,,,$0.31
Machop,https://www.phygitals.com/pokemon/66,1,Market Price$0.28,$0.28,,,,Market Price$0.28
Machop,https://www.phygitals.com/pokemon/66,1,$0.28,$0.28,,,,$0.28
Machop,https://www.phygitals.com/pokemon/66,1,Market Price$0.26,$0.26,,,,Market Price$0.26
Machop,https://www.phygitals.com/pokemon/66,1,$0.26,$0.26,,,,$0.26
Machop,https://www.phygitals.com/pokemon/66,1,Market Price$0.23,$0.23,,,,Market Price$0.23
Machop,https://www.phygitals.com/pokemon/66,1,$0.23,$0.23,,,,$0.23
Machop,https://www.phygitals.com/pokemon/66,1,Market Price$0.22,$0.22,,,,Market Price$0.22
Machop,https://www.phygitals.com/pokemon/66,1,$0.22,$0.22,,,,$0.22
Machop,https://www.phygitals.com/pokemon/66,1,Market Price$0.20,$0.20,,,,Market Price$0.20
Machop,https://www.phygitals.com/pokemon/66,1,$0.20,$0.20,,,,$0.20
Machop,https://www.phygitals.com/pokemon/66,1,Market Price$0.17,$0.17,,,,Market Price$0.17
Machop,https://www.phygitals.com/pokemon/66,1,$0.17,$0.17,,,,$0.17
Machop,https://www.phygitals.com/pokemon/66,1,Market Price$0.13,$0.13,,,,Market Price$0.13
Machop,https://www.phygitals.com/pokemon/66,1,$0.13,$0.13,,,,$0.13
Machop,https://www.phygitals.com/pokemon/66,1,Market Price$0.12,$0.12,,,,Market Price$0.12
Machop,https://www.phygitals.com/pokemon/66,1,$0.12,$0.12,,,,$0.12
Machop,https://www.phygitals.com/pokemon/66,1,Market Price$0.10,$0.10,,,,Market Price$0.10
Machop,https://www.phygitals.com/pokemon/66,1,$0.10,$0.10,,,,$0.10
Machop,https://www.phygitals.com/pokemon/66,1,Market Price$0.08,$0.08,,,,Market Price$0.08
Machop,https://www.phygitals.com/pokemon/66,1,$0.08,$0.08,,,,$0.08
Machop,https://www.phygitals.com/pokemon/66,1,Market Price$0.07,$0.07,,,,Market Price$0.07
Machop,https://www.phygitals.com/pokemon/66,1,$0.07,$0.07,,,,$0.07
Machoke,https://www.phygitals.com/pokemon/67,1,Value,$35,,,,Value$35
Machoke,https://www.phygitals.com/pokemon/67,1,Market Price$11.86,$11.86,,,,Market Price$11.86
Machoke,https://www.phygitals.com/pokemon/67,1,$11.86,$11.86,,,,$11.86
Machoke,https://www.phygitals.com/pokemon/67,1,Market Price$10.97,$10.97,,,,Market Price$10.97
Machoke,https://www.phygitals.com/pokemon/67,1,$10.97,$10.97,,,,$10.97
Machoke,https://www.phygitals.com/pokemon/67,1,Market Price$3.11,$3.11,,,,Market Price$3.11
Machoke,https://www.phygitals.com/pokemon/67,1,$3.11,$3.11,,,,$3.11
Machoke,https://www.phygitals.com/pokemon/67,1,Market Price$1.79,$1.79,,,,Market Price$1.79
Machoke,https://www.phygitals.com/pokemon/67,1,$1.79,$1.79,,,,$1.79
Machoke,https://www.phygitals.com/pokemon/67,1,Market Price$0.93,$0.93,,,,Market Price$0.93
Machoke,https://www.phygitals.com/pokemon/67,1,$0.93,$0.93,,,,$0.93
Machoke,https://www.phygitals.com/pokemon/67,1,Market Price$0.90,$0.90,,,,Market Price$0.90
Machoke,https://www.phygitals.com/pokemon/67,1,$0.90,$0.90,,,,$0.90
Machoke,https://www.phygitals.com/pokemon/67,1,Market Price$0.72,$0.72,,,,Market Price$0.72
Machoke,https://www.phygitals.com/pokemon/67,1,$0.72,$0.72,,,,$0.72
Machoke,https://www.phygitals.com/pokemon/67,1,Market Price$0.69,$0.69,,,,Market Price$0.69
Machoke,https://www.phygitals.com/pokemon/67,1,$0.69,$0.69,,,,$0.69
Machoke,https://www.phygitals.com/pokemon/67,1,Market Price$0.55,$0.55,,,,Market Price$0.55
Machoke,https://www.phygitals.com/pokemon/67,1,$0.55,$0.55,,,,$0.55
Machoke,https://www.phygitals.com/pokemon/67,1,Market Price$0.52,$0.52,,,,Market Price$0.52
Machoke,https://www.phygitals.com/pokemon/67,1,$0.52,$0.52,,,,$0.52
Machoke,https://www.phygitals.com/pokemon/67,1,Market Price$0.45,$0.45,,,,Market Price$0.45
Machoke,https://www.phygitals.com/pokemon/67,1,$0.45,$0.45,,,,$0.45
Machoke,https://www.phygitals.com/pokemon/67,1,Market Price$0.42,$0.42,,,,Market Price$0.42
Machoke,https://www.phygitals.com/pokemon/67,1,$0.42,$0.42,,,,$0.42
Machoke,https://www.phygitals.com/pokemon/67,1,Market Price$0.35,$0.35,,,,Market Price$0.35
Machoke,https://www.phygitals.com/pokemon/67,1,$0.35,$0.35,,,,$0.35
Machoke,https://www.phygitals.com/pokemon/67,1,Market Price$0.28,$0.28,,,,Market Price$0.28
Machoke,https://www.phygitals.com/pokemon/67,1,$0.28,$0.28,,,,$0.28
Machoke,https://www.phygitals.com/pokemon/67,1,Market Price$0.26,$0.26,,,,Market Price$0.26
Machoke,https://www.phygitals.com/pokemon/67,1,$0.26,$0.26,,,,$0.26
Machoke,https://www.phygitals.com/pokemon/67,1,Market Price$0.25,$0.25,,,,Market Price$0.25
Machoke,https://www.phygitals.com/pokemon/67,1,$0.25,$0.25,,,,$0.25
Machoke,https://www.phygitals.com/pokemon/67,1,Market Price$0.18,$0.18,,,,Market Price$0.18
Machoke,https://www.phygitals.com/pokemon/67,1,$0.18,$0.18,,,,$0.18
Machoke,https://www.phygitals.com/pokemon/67,1,Market Price$0.11,$0.11,,,,Market Price$0.11
Machoke,https://www.phygitals.com/pokemon/67,1,$0.11,$0.11,,,,$0.11
Machoke,https://www.phygitals.com/pokemon/67,1,Market Price$0.09,$0.09,,,,Market Price$0.09
Machoke,https://www.phygitals.com/pokemon/67,1,$0.09,$0.09,,,,$0.09
Machoke,https://www.phygitals.com/pokemon/67,1,Market Price$0.08,$0.08,,,,Market Price$0.08
Machoke,https://www.phygitals.com/pokemon/67,1,$0.08,$0.08,,,,$0.08
Bellsprout,https://www.phygitals.com/pokemon/69,1,Value,$14,,,,Value$14
Bellsprout,https://www.phygitals.com/pokemon/69,1,Market Price$7.23,$7.23,,,,Market Price$7.23
Bellsprout,https://www.phygitals.com/pokemon/69,1,$7.23,$7.23,,,,$7.23
Bellsprout,https://www.phygitals.com/pokemon/69,1,Market Price$3.50,$3.50,,,,Market Price$3.50
Bellsprout,https://www.phygitals.com/pokemon/69,1,$3.50,$3.50,,,,$3.50
Bellsprout,https://www.phygitals.com/pokemon/69,1,Market Price$1.19,$1.19,,,,Market Price$1.19
Bellsprout,https://www.phygitals.com/pokemon/69,1,$1.19,$1.19,,,,$1.19
Bellsprout,https://www.phygitals.com/pokemon/69,1,Market Price$0.55,$0.55,,,,Market Price$0.55
Bellsprout,https://www.phygitals.com/pokemon/69,1,$0.55,$0.55,,,,$0.55
Bellsprout,https://www.phygitals.com/pokemon/69,1,Market Price$0.44,$0.44,,,,Market Price$0.44
Bellsprout,https://www.phygitals.com/pokemon/69,1,$0.44,$0.44,,,,$0.44
Bellsprout,https://www.phygitals.com/pokemon/69,1,Market Price$0.31,$0.31,,,,Market Price$0.31
Bellsprout,https://www.phygitals.com/pokemon/69,1,$0.31,$0.31,,,,$0.31
Bellsprout,https://www.phygitals.com/pokemon/69,1,Market Price$0.20,$0.20,,,,Market Price$0.20
Bellsprout,https://www.phygitals.com/pokemon/69,1,$0.20,$0.20,,,,$0.20
Bellsprout,https://www.phygitals.com/pokemon/69,1,Market Price$0.17,$0.17,,,,Market Price$0.17
Bellsprout,https://www.phygitals.com/pokemon/69,1,$0.17,$0.17,,,,$0.17
Bellsprout,https://www.phygitals.com/pokemon/69,1,Market Price$0.14,$0.14,,,,Market Price$0.14
Bellsprout,https://www.phygitals.com/pokemon/69,1,$0.14,$0.14,,,,$0.14
Bellsprout,https://www.phygitals.com/pokemon/69,1,Market Price$0.11,$0.11,,,,Market Price$0.11
Bellsprout,https://www.phygitals.com/pokemon/69,1,$0.11,$0.11,,,,$0.11
Bellsprout,https://www.phygitals.com/pokemon/69,1,Market Price$0.05,$0.05,,,,Market Price$0.05
Bellsprout,https://www.phygitals.com/pokemon/69,1,$0.05,$0.05,,,,$0.05
Weepinbell,https://www.phygitals.com/pokemon/70,1,Value,$12,,,,Value$12
Weepinbell,https://www.phygitals.com/pokemon/70,1,Market Price$6.94,$6.94,,,,Market Price$6.94
Weepinbell,https://www.phygitals.com/pokemon/70,1,$6.94,$6.94,,,,$6.94
Weepinbell,https://www.phygitals.com/pokemon/70,1,Market Price$1.37,$1.37,,,,Market Price$1.37
Weepinbell,https://www.phygitals.com/pokemon/70,1,$1.37,$1.37,,,,$1.37
Weepinbell,https://www.phygitals.com/pokemon/70,1,Market Price$1.21,$1.21,,,,Market Price$1.21
Weepinbell,https://www.phygitals.com/pokemon/70,1,$1.21,$1.21,,,,$1.21
Weepinbell,https://www.phygitals.com/pokemon/70,1,Market Price$0.34,$0.34,,,,Market Price$0.34
Weepinbell,https://www.phygitals.com/pokemon/70,1,$0.34,$0.34,,,,$0.34
Weepinbell,https://www.phygitals.com/pokemon/70,1,Market Price$0.33,$0.33,,,,Market Price$0.33
Weepinbell,https://www.phygitals.com/pokemon/70,1,$0.33,$0.33,,,,$0.33
Weepinbell,https://www.phygitals.com/pokemon/70,1,Market Price$0.32,$0.32,,,,Market Price$0.32
Weepinbell,https://www.phygitals.com/pokemon/70,1,$0.32,$0.32,,,,$0.32
Weepinbell,https://www.phygitals.com/pokemon/70,1,Market Price$0.31,$0.31,,,,Market Price$0.31
Weepinbell,https://www.phygitals.com/pokemon/70,1,$0.31,$0.31,,,,$0.31
Weepinbell,https://www.phygitals.com/pokemon/70,1,Market Price$0.16,$0.16,,,,Market Price$0.16
Weepinbell,https://www.phygitals.com/pokemon/70,1,$0.16,$0.16,,,,$0.16
Weepinbell,https://www.phygitals.com/pokemon/70,1,Market Price$0.15,$0.15,,,,Market Price$0.15
Weepinbell,https://www.phygitals.com/pokemon/70,1,$0.15,$0.15,,,,$0.15
Weepinbell,https://www.phygitals.com/pokemon/70,1,Market Price$0.13,$0.13,,,,Market Price$0.13
Weepinbell,https://www.phygitals.com/pokemon/70,1,$0.13,$0.13,,,,$0.13
Weepinbell,https://www.phygitals.com/pokemon/70,1,Market Price$0.11,$0.11,,,,Market Price$0.11
Weepinbell,https://www.phygitals.com/pokemon/70,1,$0.11,$0.11,,,,$0.11
Victreebel,https://www.phygitals.com/pokemon/71,1,Value,$200,,,,Value$200
Victreebel,https://www.phygitals.com/pokemon/71,1,Market Price$75.40,$75.40,,,,Market Price$75.40
Victreebel,https://www.phygitals.com/pokemon/71,1,$75.40,$75.40,,,,$75.40
Victreebel,https://www.phygitals.com/pokemon/71,1,Market Price$74.50,$74.50,,,,Market Price$74.50
Victreebel,https://www.phygitals.com/pokemon/71,1,$74.50,$74.50,,,,$74.50
Victreebel,https://www.phygitals.com/pokemon/71,1,Market Price$17.66,$17.66,,,,Market Price$17.66
Victreebel,https://www.phygitals.com/pokemon/71,1,$17.66,$17.66,,,,$17.66
Victreebel,https://www.phygitals.com/pokemon/71,1,Market Price$14.86,$14.86,,,,Market Price$14.86
Victreebel,https://www.phygitals.com/pokemon/71,1,$14.86,$14.86,,,,$14.86
Victreebel,https://www.phygitals.com/pokemon/71,1,Market Price$7.56,$7.56,,,,Market Price$7.56
Victreebel,https://www.phygitals.com/pokemon/71,1,$7.56,$7.56,,,,$7.56
Victreebel,https://www.phygitals.com/pokemon/71,1,Market Price$2.80,$2.80,,,,Market Price$2.80
Victreebel,https://www.phygitals.com/pokemon/71,1,$2.80,$2.80,,,,$2.80
Victreebel,https://www.phygitals.com/pokemon/71,1,Market Price$2.56,$2.56,,,,Market Price$2.56
Victreebel,https://www.phygitals.com/pokemon/71,1,$2.56,$2.56,,,,$2.56
Victreebel,https://www.phygitals.com/pokemon/71,1,Market Price$1.73,$1.73,,,,Market Price$1.73
Victreebel,https://www.phygitals.com/pokemon/71,1,$1.73,$1.73,,,,$1.73
Victreebel,https://www.phygitals.com/pokemon/71,1,Market Price$0.88,$0.88,,,,Market Price$0.88
Victreebel,https://www.phygitals.com/pokemon/71,1,$0.88,$0.88,,,,$0.88
Victreebel,https://www.phygitals.com/pokemon/71,1,Market Price$0.83,$0.83,,,,Market Price$0.83
Victreebel,https://www.phygitals.com/pokemon/71,1,$0.83,$0.83,,,,$0.83
Victreebel,https://www.phygitals.com/pokemon/71,1,Market Price$0.48,$0.48,,,,Market Price$0.48
Victreebel,https://www.phygitals.com/pokemon/71,1,$0.48,$0.48,,,,$0.48
Victreebel,https://www.phygitals.com/pokemon/71,1,Market Price$0.27,$0.27,,,,Market Price$0.27
Victreebel,https://www.phygitals.com/pokemon/71,1,$0.27,$0.27,,,,$0.27
Victreebel,https://www.phygitals.com/pokemon/71,1,Market Price$0.17,$0.17,,,,Market Price$0.17
Victreebel,https://www.phygitals.com/pokemon/71,1,$0.17,$0.17,,,,$0.17
Victreebel,https://www.phygitals.com/pokemon/71,1,Market Price$0.08,$0.08,,,,Market Price$0.08
Victreebel,https://www.phygitals.com/pokemon/71,1,$0.08,$0.08,,,,$0.08
Tentacool,https://www.phygitals.com/pokemon/72,1,Value,$5,,,,Value$5
Tentacool,https://www.phygitals.com/pokemon/72,1,Market Price$1.62,$1.62,,,,Market Price$1.62
Tentacool,https://www.phygitals.com/pokemon/72,1,$1.62,$1.62,,,,$1.62
Tentacool,https://www.phygitals.com/pokemon/72,1,Market Price$0.64,$0.64,,,,Market Price$0.64
Tentacool,https://www.phygitals.com/pokemon/72,1,$0.64,$0.64,,,,$0.64
Tentacool,https://www.phygitals.com/pokemon/72,1,Market Price$0.52,$0.52,,,,Market Price$0.52
Tentacool,https://www.phygitals.com/pokemon/72,1,$0.52,$0.52,,,,$0.52
Tentacool,https://www.phygitals.com/pokemon/72,1,Market Price$0.51,$0.51,,,,Market Price$0.51
Tentacool,https://www.phygitals.com/pokemon/72,1,$0.51,$0.51,,,,$0.51
Tentacool,https://www.phygitals.com/pokemon/72,1,Market Price$0.38,$0.38,,,,Market Price$0.38
Tentacool,https://www.phygitals.com/pokemon/72,1,$0.38,$0.38,,,,$0.38
Tentacool,https://www.phygitals.com/pokemon/72,1,Market Price$0.35,$0.35,,,,Market Price$0.35
Tentacool,https://www.phygitals.com/pokemon/72,1,$0.35,$0.35,,,,$0.35
Tentacool,https://www.phygitals.com/pokemon/72,1,Market Price$0.32,$0.32,,,,Market Price$0.32
Tentacool,https://www.phygitals.com/pokemon/72,1,$0.32,$0.32,,,,$0.32
Tentacool,https://www.phygitals.com/pokemon/72,1,Market Price$0.13,$0.13,,,,Market Price$0.13
Tentacool,https://www.phygitals.com/pokemon/72,1,$0.13,$0.13,,,,$0.13
Tentacool,https://www.phygitals.com/pokemon/72,1,Market Price$0.12,$0.12,,,,Market Price$0.12
Tentacool,https://www.phygitals.com/pokemon/72,1,$0.12,$0.12,,,,$0.12
Tentacool,https://www.phygitals.com/pokemon/72,1,Market Price$0.06,$0.06,,,,Market Price$0.06
Tentacool,https://www.phygitals.com/pokemon/72,1,$0.06,$0.06,,,,$0.06
Geodude,https://www.phygitals.com/pokemon/74,1,Value,$7,,,,Value$7
Geodude,https://www.phygitals.com/pokemon/74,1,Market Price$2.23,$2.23,,,,Market Price$2.23
Geodude,https://www.phygitals.com/pokemon/74,1,$2.23,$2.23,,,,$2.23
Geodude,https://www.phygitals.com/pokemon/74,1,Market Price$0.82,$0.82,,,,Market Price$0.82
Geodude,https://www.phygitals.com/pokemon/74,1,$0.82,$0.82,,,,$0.82
Geodude,https://www.phygitals.com/pokemon/74,1,Market Price$0.62,$0.62,,,,Market Price$0.62
Geodude,https://www.phygitals.com/pokemon/74,1,$0.62,$0.62,,,,$0.62
Geodude,https://www.phygitals.com/pokemon/74,1,Market Price$0.57,$0.57,,,,Market Price$0.57
Geodude,https://www.phygitals.com/pokemon/74,1,$0.57,$0.57,,,,$0.57
Geodude,https://www.phygitals.com/pokemon/74,1,Market Price$0.47,$0.47,,,,Market Price$0.47
Geodude,https://www.phygitals.com/pokemon/74,1,$0.47,$0.47,,,,$0.47
Geodude,https://www.phygitals.com/pokemon/74,1,Market Price$0.28,$0.28,,,,Market Price$0.28
Geodude,https://www.phygitals.com/pokemon/74,1,$0.28,$0.28,,,,$0.28
Geodude,https://www.phygitals.com/pokemon/74,1,Market Price$0.27,$0.27,,,,Market Price$0.27
Geodude,https://www.phygitals.com/pokemon/74,1,$0.27,$0.27,,,,$0.27
Geodude,https://www.phygitals.com/pokemon/74,1,Market Price$0.23,$0.23,,,,Market Price$0.23
Geodude,https://www.phygitals.com/pokemon/74,1,$0.23,$0.23,,,,$0.23
Geodude,https://www.phygitals.com/pokemon/74,1,Market Price$0.22,$0.22,,,,Market Price$0.22
Geodude,https://www.phygitals.com/pokemon/74,1,$0.22,$0.22,,,,$0.22
Geodude,https://www.phygitals.com/pokemon/74,1,Market Price$0.21,$0.21,,,,Market Price$0.21
Geodude,https://www.phygitals.com/pokemon/74,1,$0.21,$0.21,,,,$0.21
Geodude,https://www.phygitals.com/pokemon/74,1,Market Price$0.20,$0.20,,,,Market Price$0.20
Geodude,https://www.phygitals.com/pokemon/74,1,$0.20,$0.20,,,,$0.20
Geodude,https://www.phygitals.com/pokemon/74,1,Market Price$0.16,$0.16,,,,Market Price$0.16
Geodude,https://www.phygitals.com/pokemon/74,1,$0.16,$0.16,,,,$0.16
Geodude,https://www.phygitals.com/pokemon/74,1,Market Price$0.15,$0.15,,,,Market Price$0.15
Geodude,https://www.phygitals.com/pokemon/74,1,$0.15,$0.15,,,,$0.15
Geodude,https://www.phygitals.com/pokemon/74,1,Market Price$0.14,$0.14,,,,Market Price$0.14
Geodude,https://www.phygitals.com/pokemon/74,1,$0.14,$0.14,,,,$0.14
Geodude,https://www.phygitals.com/pokemon/74,1,Market Price$0.08,$0.08,,,,Market Price$0.08
Geodude,https://www.phygitals.com/pokemon/74,1,$0.08,$0.08,,,,$0.08
Geodude,https://www.phygitals.com/pokemon/74,1,Market Price$0.06,$0.06,,,,Market Price$0.06
Geodude,https://www.phygitals.com/pokemon/74,1,$0.06,$0.06,,,,$0.06
Geodude,https://www.phygitals.com/pokemon/74,1,Market Price$0.04,$0.04,,,,Market Price$0.04
Geodude,https://www.phygitals.com/pokemon/74,1,$0.04,$0.04,,,,$0.04
Golem,https://www.phygitals.com/pokemon/76,1,Value,$541,,,,Value$541
Golem,https://www.phygitals.com/pokemon/76,1,Market Price$359.99,$359.99,,,,Market Price$359.99
Golem,https://www.phygitals.com/pokemon/76,1,$359.99,$359.99,,,,$359.99
Golem,https://www.phygitals.com/pokemon/76,1,Market Price$49.40,$49.40,,,,Market Price$49.40
Golem,https://www.phygitals.com/pokemon/76,1,$49.40,$49.40,,,,$49.40
Golem,https://www.phygitals.com/pokemon/76,1,Market Price$48.37,$48.37,,,,Market Price$48.37
Golem,https://www.phygitals.com/pokemon/76,1,$48.37,$48.37,,,,$48.37
Golem,https://www.phygitals.com/pokemon/76,1,Market Price$35.00,$35.00,,,,Market Price$35.00
Golem,https://www.phygitals.com/pokemon/76,1,$35.00,$35.00,,,,$35.00
Golem,https://www.phygitals.com/pokemon/76,1,Market Price$10.02,$10.02,,,,Market Price$10.02
Golem,https://www.phygitals.com/pokemon/76,1,$10.02,$10.02,,,,$10.02
Golem,https://www.phygitals.com/pokemon/76,1,Market Price$7.75,$7.75,,,,Market Price$7.75
Golem,https://www.phygitals.com/pokemon/76,1,$7.75,$7.75,,,,$7.75
Golem,https://www.phygitals.com/pokemon/76,1,Market Price$5.95,$5.95,,,,Market Price$5.95
Golem,https://www.phygitals.com/pokemon/76,1,$5.95,$5.95,,,,$5.95
Golem,https://www.phygitals.com/pokemon/76,1,Market Price$4.75,$4.75,,,,Market Price$4.75
Golem,https://www.phygitals.com/pokemon/76,1,$4.75,$4.75,,,,$4.75
Golem,https://www.phygitals.com/pokemon/76,1,Market Price$3.76,$3.76,,,,Market Price$3.76
Golem,https://www.phygitals.com/pokemon/76,1,$3.76,$3.76,,,,$3.76
Golem,https://www.phygitals.com/pokemon/76,1,Market Price$3.37,$3.37,,,,Market Price$3.37
Golem,https://www.phygitals.com/pokemon/76,1,$3.37,$3.37,,,,$3.37
Golem,https://www.phygitals.com/pokemon/76,1,Market Price$1.95,$1.95,,,,Market Price$1.95
Golem,https://www.phygitals.com/pokemon/76,1,$1.95,$1.95,,,,$1.95
Golem,https://www.phygitals.com/pokemon/76,1,Market Price$1.84,$1.84,,,,Market Price$1.84
Golem,https://www.phygitals.com/pokemon/76,1,$1.84,$1.84,,,,$1.84
Golem,https://www.phygitals.com/pokemon/76,1,Market Price$1.57,$1.57,,,,Market Price$1.57
Golem,https://www.phygitals.com/pokemon/76,1,$1.57,$1.57,,,,$1.57
Golem,https://www.phygitals.com/pokemon/76,1,Market Price$1.28,$1.28,,,,Market Price$1.28
Golem,https://www.phygitals.com/pokemon/76,1,$1.28,$1.28,,,,$1.28
Golem,https://www.phygitals.com/pokemon/76,1,Market Price$1.27,$1.27,,,,Market Price$1.27
Golem,https://www.phygitals.com/pokemon/76,1,$1.27,$1.27,,,,$1.27
Golem,https://www.phygitals.com/pokemon/76,1,Market Price$1.19,$1.19,,,,Market Price$1.19
Golem,https://www.phygitals.com/pokemon/76,1,$1.19,$1.19,,,,$1.19
Golem,https://www.phygitals.com/pokemon/76,1,Market Price$0.84,$0.84,,,,Market Price$0.84
Golem,https://www.phygitals.com/pokemon/76,1,$0.84,$0.84,,,,$0.84
Golem,https://www.phygitals.com/pokemon/76,1,Market Price$0.57,$0.57,,,,Market Price$0.57
Golem,https://www.phygitals.com/pokemon/76,1,$0.57,$0.57,,,,$0.57
Golem,https://www.phygitals.com/pokemon/76,1,Market Price$0.56,$0.56,,,,Market Price$0.56
Golem,https://www.phygitals.com/pokemon/76,1,$0.56,$0.56,,,,$0.56
Golem,https://www.phygitals.com/pokemon/76,1,Market Price$0.52,$0.52,,,,Market Price$0.52
Golem,https://www.phygitals.com/pokemon/76,1,$0.52,$0.52,,,,$0.52
Golem,https://www.phygitals.com/pokemon/76,1,Market Price$0.45,$0.45,,,,Market Price$0.45
Golem,https://www.phygitals.com/pokemon/76,1,$0.45,$0.45,,,,$0.45
Golem,https://www.phygitals.com/pokemon/76,1,Market Price$0.19,$0.19,,,,Market Price$0.19
Golem,https://www.phygitals.com/pokemon/76,1,$0.19,$0.19,,,,$0.19
Golem,https://www.phygitals.com/pokemon/76,1,Market Price$0.18,$0.18,,,,Market Price$0.18
Golem,https://www.phygitals.com/pokemon/76,1,$0.18,$0.18,,,,$0.18
Golem,https://www.phygitals.com/pokemon/76,1,Market Price$0.05,$0.05,,,,Market Price$0.05
Golem,https://www.phygitals.com/pokemon/76,1,$0.05,$0.05,,,,$0.05
Ponyta,https://www.phygitals.com/pokemon/77,1,Value,$181,,,,Value$181
Ponyta,https://www.phygitals.com/pokemon/77,1,Market Price$154.90,$154.90,,,,Market Price$154.90
Ponyta,https://www.phygitals.com/pokemon/77,1,$154.90,$154.90,,,,$154.90
Ponyta,https://www.phygitals.com/pokemon/77,1,Market Price$8.87,$8.87,,,,Market Price$8.87
Ponyta,https://www.phygitals.com/pokemon/77,1,$8.87,$8.87,,,,$8.87
Ponyta,https://www.phygitals.com/pokemon/77,1,Market Price$6.87,$6.87,,,,Market Price$6.87
Ponyta,https://www.phygitals.com/pokemon/77,1,$6.87,$6.87,,,,$6.87
Ponyta,https://www.phygitals.com/pokemon/77,1,Market Price$2.94,$2.94,,,,Market Price$2.94
Ponyta,https://www.phygitals.com/pokemon/77,1,$2.94,$2.94,,,,$2.94
Ponyta,https://www.phygitals.com/pokemon/77,1,Market Price$2.24,$2.24,,,,Market Price$2.24
Ponyta,https://www.phygitals.com/pokemon/77,1,$2.24,$2.24,,,,$2.24
Ponyta,https://www.phygitals.com/pokemon/77,1,Market Price$0.76,$0.76,,,,Market Price$0.76
Ponyta,https://www.phygitals.com/pokemon/77,1,$0.76,$0.76,,,,$0.76
Ponyta,https://www.phygitals.com/pokemon/77,1,Market Price$0.53,$0.53,,,,Market Price$0.53
Ponyta,https://www.phygitals.com/pokemon/77,1,$0.53,$0.53,,,,$0.53
Ponyta,https://www.phygitals.com/pokemon/77,1,Market Price$0.43,$0.43,,,,Market Price$0.43
Ponyta,https://www.phygitals.com/pokemon/77,1,$0.43,$0.43,,,,$0.43
Ponyta,https://www.phygitals.com/pokemon/77,1,Market Price$0.42,$0.42,,,,Market Price$0.42
Ponyta,https://www.phygitals.com/pokemon/77,1,$0.42,$0.42,,,,$0.42
Ponyta,https://www.phygitals.com/pokemon/77,1,Market Price$0.38,$0.38,,,,Market Price$0.38
Ponyta,https://www.phygitals.com/pokemon/77,1,$0.38,$0.38,,,,$0.38
Ponyta,https://www.phygitals.com/pokemon/77,1,Market Price$0.34,$0.34,,,,Market Price$0.34
Ponyta,https://www.phygitals.com/pokemon/77,1,$0.34,$0.34,,,,$0.34
Ponyta,https://www.phygitals.com/pokemon/77,1,Market Price$0.30,$0.30,,,,Market Price$0.30
Ponyta,https://www.phygitals.com/pokemon/77,1,$0.30,$0.30,,,,$0.30
Ponyta,https://www.phygitals.com/pokemon/77,1,Market Price$0.27,$0.27,,,,Market Price$0.27
Ponyta,https://www.phygitals.com/pokemon/77,1,$0.27,$0.27,,,,$0.27
Ponyta,https://www.phygitals.com/pokemon/77,1,Market Price$0.25,$0.25,,,,Market Price$0.25
Ponyta,https://www.phygitals.com/pokemon/77,1,$0.25,$0.25,,,,$0.25
Ponyta,https://www.phygitals.com/pokemon/77,1,Market Price$0.20,$0.20,,,,Market Price$0.20
Ponyta,https://www.phygitals.com/pokemon/77,1,$0.20,$0.20,,,,$0.20
Ponyta,https://www.phygitals.com/pokemon/77,1,Market Price$0.18,$0.18,,,,Market Price$0.18
Ponyta,https://www.phygitals.com/pokemon/77,1,$0.18,$0.18,,,,$0.18
Ponyta,https://www.phygitals.com/pokemon/77,1,Market Price$0.17,$0.17,,,,Market Price$0.17
Ponyta,https://www.phygitals.com/pokemon/77,1,$0.17,$0.17,,,,$0.17
Ponyta,https://www.phygitals.com/pokemon/77,1,Market Price$0.16,$0.16,,,,Market Price$0.16
Ponyta,https://www.phygitals.com/pokemon/77,1,$0.16,$0.16,,,,$0.16
Ponyta,https://www.phygitals.com/pokemon/77,1,Market Price$0.13,$0.13,,,,Market Price$0.13
Ponyta,https://www.phygitals.com/pokemon/77,1,$0.13,$0.13,,,,$0.13
Ponyta,https://www.phygitals.com/pokemon/77,1,Market Price$0.12,$0.12,,,,Market Price$0.12
Ponyta,https://www.phygitals.com/pokemon/77,1,$0.12,$0.12,,,,$0.12
Ponyta,https://www.phygitals.com/pokemon/77,1,Market Price$0.10,$0.10,,,,Market Price$0.10
Ponyta,https://www.phygitals.com/pokemon/77,1,$0.10,$0.10,,,,$0.10
Ponyta,https://www.phygitals.com/pokemon/77,1,Market Price$0.09,$0.09,,,,Market Price$0.09
Ponyta,https://www.phygitals.com/pokemon/77,1,$0.09,$0.09,,,,$0.09
Ponyta,https://www.phygitals.com/pokemon/77,1,Market Price$0.07,$0.07,,,,Market Price$0.07
Ponyta,https://www.phygitals.com/pokemon/77,1,$0.07,$0.07,,,,$0.07
Ponyta,https://www.phygitals.com/pokemon/77,1,Market Price$0.06,$0.06,,,,Market Price$0.06
Ponyta,https://www.phygitals.com/pokemon/77,1,$0.06,$0.06,,,,$0.06
Rapidash,https://www.phygitals.com/pokemon/78,1,Value,$259,,,,Value$259
Rapidash,https://www.phygitals.com/pokemon/78,1,Market Price$57.64,$57.64,,,,Market Price$57.64
Rapidash,https://www.phygitals.com/pokemon/78,1,$57.64,$57.64,,,,$57.64
Rapidash,https://www.phygitals.com/pokemon/78,1,Market Price$56.74,$56.74,,,,Market Price$56.74
Rapidash,https://www.phygitals.com/pokemon/78,1,$56.74,$56.74,,,,$56.74
Rapidash,https://www.phygitals.com/pokemon/78,1,Market Price$36.49,$36.49,,,,Market Price$36.49
Rapidash,https://www.phygitals.com/pokemon/78,1,$36.49,$36.49,,,,$36.49
Rapidash,https://www.phygitals.com/pokemon/78,1,Market Price$20.92,$20.92,,,,Market Price$20.92
Rapidash,https://www.phygitals.com/pokemon/78,1,$20.92,$20.92,,,,$20.92
Rapidash,https://www.phygitals.com/pokemon/78,1,Market Price$20.29,$20.29,,,,Market Price$20.29
Rapidash,https://www.phygitals.com/pokemon/78,1,$20.29,$20.29,,,,$20.29
Rapidash,https://www.phygitals.com/pokemon/78,1,Market Price$10.79,$10.79,,,,Market Price$10.79
Rapidash,https://www.phygitals.com/pokemon/78,1,$10.79,$10.79,,,,$10.79
Rapidash,https://www.phygitals.com/pokemon/78,1,Market Price$10.38,$10.38,,,,Market Price$10.38
Rapidash,https://www.phygitals.com/pokemon/78,1,$10.38,$10.38,,,,$10.38
Rapidash,https://www.phygitals.com/pokemon/78,1,Market Price$9.39,$9.39,,,,Market Price$9.39
Rapidash,https://www.phygitals.com/pokemon/78,1,$9.39,$9.39,,,,$9.39
Rapidash,https://www.phygitals.com/pokemon/78,1,Market Price$8.98,$8.98,,,,Market Price$8.98
Rapidash,https://www.phygitals.com/pokemon/78,1,$8.98,$8.98,,,,$8.98
Rapidash,https://www.phygitals.com/pokemon/78,1,Market Price$6.95,$6.95,,,,Market Price$6.95
Rapidash,https://www.phygitals.com/pokemon/78,1,$6.95,$6.95,,,,$6.95
Rapidash,https://www.phygitals.com/pokemon/78,1,Market Price$6.27,$6.27,,,,Market Price$6.27
Rapidash,https://www.phygitals.com/pokemon/78,1,$6.27,$6.27,,,,$6.27
Rapidash,https://www.phygitals.com/pokemon/78,1,Market Price$3.06,$3.06,,,,Market Price$3.06
Rapidash,https://www.phygitals.com/pokemon/78,1,$3.06,$3.06,,,,$3.06
Rapidash,https://www.phygitals.com/pokemon/78,1,Market Price$1.85,$1.85,,,,Market Price$1.85
Rapidash,https://www.phygitals.com/pokemon/78,1,$1.85,$1.85,,,,$1.85
Rapidash,https://www.phygitals.com/pokemon/78,1,Market Price$1.50,$1.50,,,,Market Price$1.50
Rapidash,https://www.phygitals.com/pokemon/78,1,$1.50,$1.50,,,,$1.50
Rapidash,https://www.phygitals.com/pokemon/78,1,Market Price$1.46,$1.46,,,,Market Price$1.46
Rapidash,https://www.phygitals.com/pokemon/78,1,$1.46,$1.46,,,,$1.46
Rapidash,https://www.phygitals.com/pokemon/78,1,Market Price$1.13,$1.13,,,,Market Price$1.13
Rapidash,https://www.phygitals.com/pokemon/78,1,$1.13,$1.13,,,,$1.13
Rapidash,https://www.phygitals.com/pokemon/78,1,Market Price$0.81,$0.81,,,,Market Price$0.81
Rapidash,https://www.phygitals.com/pokemon/78,1,$0.81,$0.81,,,,$0.81
Rapidash,https://www.phygitals.com/pokemon/78,1,Market Price$0.80,$0.80,,,,Market Price$0.80
Rapidash,https://www.phygitals.com/pokemon/78,1,$0.80,$0.80,,,,$0.80
Rapidash,https://www.phygitals.com/pokemon/78,1,Market Price$0.79,$0.79,,,,Market Price$0.79
Rapidash,https://www.phygitals.com/pokemon/78,1,$0.79,$0.79,,,,$0.79
Rapidash,https://www.phygitals.com/pokemon/78,1,Market Price$0.47,$0.47,,,,Market Price$0.47
Rapidash,https://www.phygitals.com/pokemon/78,1,$0.47,$0.47,,,,$0.47
Rapidash,https://www.phygitals.com/pokemon/78,1,Market Price$0.46,$0.46,,,,Market Price$0.46
Rapidash,https://www.phygitals.com/pokemon/78,1,$0.46,$0.46,,,,$0.46
Rapidash,https://www.phygitals.com/pokemon/78,1,Market Price$0.41,$0.41,,,,Market Price$0.41
Rapidash,https://www.phygitals.com/pokemon/78,1,$0.41,$0.41,,,,$0.41
Rapidash,https://www.phygitals.com/pokemon/78,1,Market Price$0.20,$0.20,,,,Market Price$0.20
Rapidash,https://www.phygitals.com/pokemon/78,1,$0.20,$0.20,,,,$0.20
Rapidash,https://www.phygitals.com/pokemon/78,1,Market Price$0.18,$0.18,,,,Market Price$0.18
Rapidash,https://www.phygitals.com/pokemon/78,1,$0.18,$0.18,,,,$0.18
Rapidash,https://www.phygitals.com/pokemon/78,1,Market Price$0.16,$0.16,,,,Market Price$0.16
Rapidash,https://www.phygitals.com/pokemon/78,1,$0.16,$0.16,,,,$0.16
Rapidash,https://www.phygitals.com/pokemon/78,1,Market Price$0.14,$0.14,,,,Market Price$0.14
Rapidash,https://www.phygitals.com/pokemon/78,1,$0.14,$0.14,,,,$0.14
Rapidash,https://www.phygitals.com/pokemon/78,1,Market Price$0.13,$0.13,,,,Market Price$0.13
Rapidash,https://www.phygitals.com/pokemon/78,1,$0.13,$0.13,,,,$0.13
Rapidash,https://www.phygitals.com/pokemon/78,1,Market Price$0.09,$0.09,,,,Market Price$0.09
Rapidash,https://www.phygitals.com/pokemon/78,1,$0.09,$0.09,,,,$0.09
Rapidash,https://www.phygitals.com/pokemon/78,1,Market Price$0.08,$0.08,,,,Market Price$0.08
Rapidash,https://www.phygitals.com/pokemon/78,1,$0.08,$0.08,,,,$0.08
Slowpoke,https://www.phygitals.com/pokemon/79,1,Value,$632,,,,Value$632
Slowpoke,https://www.phygitals.com/pokemon/79,1,Market Price$226.96,$226.96,,,,Market Price$226.96
Slowpoke,https://www.phygitals.com/pokemon/79,1,$226.96,$226.96,,,,$226.96
Slowpoke,https://www.phygitals.com/pokemon/79,1,Market Price$150.40,$150.40,,,,Market Price$150.40
Slowpoke,https://www.phygitals.com/pokemon/79,1,$150.40,$150.40,,,,$150.40
Slowpoke,https://www.phygitals.com/pokemon/79,1,Market Price$91.11,$91.11,,,,Market Price$91.11
Slowpoke,https://www.phygitals.com/pokemon/79,1,$91.11,$91.11,,,,$91.11
Slowpoke,https://www.phygitals.com/pokemon/79,1,Market Price$77.98,$77.98,,,,Market Price$77.98
Slowpoke,https://www.phygitals.com/pokemon/79,1,$77.98,$77.98,,,,$77.98
Slowpoke,https://www.phygitals.com/pokemon/79,1,Market Price$25.15,$25.15,,,,Market Price$25.15
Slowpoke,https://www.phygitals.com/pokemon/79,1,$25.15,$25.15,,,,$25.15
Slowpoke,https://www.phygitals.com/pokemon/79,1,Market Price$16.43,$16.43,,,,Market Price$16.43
Slowpoke,https://www.phygitals.com/pokemon/79,1,$16.43,$16.43,,,,$16.43
Slowpoke,https://www.phygitals.com/pokemon/79,1,Market Price$7.85,$7.85,,,,Market Price$7.85
Slowpoke,https://www.phygitals.com/pokemon/79,1,$7.85,$7.85,,,,$7.85
Slowpoke,https://www.phygitals.com/pokemon/79,1,Market Price$6.43,$6.43,,,,Market Price$6.43
Slowpoke,https://www.phygitals.com/pokemon/79,1,$6.43,$6.43,,,,$6.43
Slowpoke,https://www.phygitals.com/pokemon/79,1,Market Price$6.15,$6.15,,,,Market Price$6.15
Slowpoke,https://www.phygitals.com/pokemon/79,1,$6.15,$6.15,,,,$6.15
Slowpoke,https://www.phygitals.com/pokemon/79,1,Market Price$5.82,$5.82,,,,Market Price$5.82
Slowpoke,https://www.phygitals.com/pokemon/79,1,$5.82,$5.82,,,,$5.82
Slowpoke,https://www.phygitals.com/pokemon/79,1,Market Price$3.61,$3.61,,,,Market Price$3.61
Slowpoke,https://www.phygitals.com/pokemon/79,1,$3.61,$3.61,,,,$3.61
Slowpoke,https://www.phygitals.com/pokemon/79,1,Market Price$3.15,$3.15,,,,Market Price$3.15
Slowpoke,https://www.phygitals.com/pokemon/79,1,$3.15,$3.15,,,,$3.15
Slowpoke,https://www.phygitals.com/pokemon/79,1,Market Price$2.83,$2.83,,,,Market Price$2.83
Slowpoke,https://www.phygitals.com/pokemon/79,1,$2.83,$2.83,,,,$2.83
Slowpoke,https://www.phygitals.com/pokemon/79,1,Market Price$1.67,$1.67,,,,Market Price$1.67
Slowpoke,https://www.phygitals.com/pokemon/79,1,$1.67,$1.67,,,,$1.67
Slowpoke,https://www.phygitals.com/pokemon/79,1,Market Price$0.97,$0.97,,,,Market Price$0.97
Slowpoke,https://www.phygitals.com/pokemon/79,1,$0.97,$0.97,,,,$0.97
Slowpoke,https://www.phygitals.com/pokemon/79,1,Market Price$0.94,$0.94,,,,Market Price$0.94
Slowpoke,https://www.phygitals.com/pokemon/79,1,$0.94,$0.94,,,,$0.94
Slowpoke,https://www.phygitals.com/pokemon/79,1,Market Price$0.72,$0.72,,,,Market Price$0.72
Slowpoke,https://www.phygitals.com/pokemon/79,1,$0.72,$0.72,,,,$0.72
Slowpoke,https://www.phygitals.com/pokemon/79,1,Market Price$0.69,$0.69,,,,Market Price$0.69
Slowpoke,https://www.phygitals.com/pokemon/79,1,$0.69,$0.69,,,,$0.69
Slowpoke,https://www.phygitals.com/pokemon/79,1,Market Price$0.66,$0.66,,,,Market Price$0.66
Slowpoke,https://www.phygitals.com/pokemon/79,1,$0.66,$0.66,,,,$0.66
Slowpoke,https://www.phygitals.com/pokemon/79,1,Market Price$0.50,$0.50,,,,Market Price$0.50
Slowpoke,https://www.phygitals.com/pokemon/79,1,$0.50,$0.50,,,,$0.50
Slowpoke,https://www.phygitals.com/pokemon/79,1,Market Price$0.33,$0.33,,,,Market Price$0.33
Slowpoke,https://www.phygitals.com/pokemon/79,1,$0.33,$0.33,,,,$0.33
Slowpoke,https://www.phygitals.com/pokemon/79,1,Market Price$0.24,$0.24,,,,Market Price$0.24
Slowpoke,https://www.phygitals.com/pokemon/79,1,$0.24,$0.24,,,,$0.24
Slowpoke,https://www.phygitals.com/pokemon/79,1,Market Price$0.23,$0.23,,,,Market Price$0.23
Slowpoke,https://www.phygitals.com/pokemon/79,1,$0.23,$0.23,,,,$0.23
Slowpoke,https://www.phygitals.com/pokemon/79,1,Market Price$0.16,$0.16,,,,Market Price$0.16
Slowpoke,https://www.phygitals.com/pokemon/79,1,$0.16,$0.16,,,,$0.16
Slowpoke,https://www.phygitals.com/pokemon/79,1,Market Price$0.12,$0.12,,,,Market Price$0.12
Slowpoke,https://www.phygitals.com/pokemon/79,1,$0.12,$0.12,,,,$0.12
Slowpoke,https://www.phygitals.com/pokemon/79,1,Market Price$0.11,$0.11,,,,Market Price$0.11
Slowpoke,https://www.phygitals.com/pokemon/79,1,$0.11,$0.11,,,,$0.11
Slowpoke,https://www.phygitals.com/pokemon/79,1,Market Price$0.10,$0.10,,,,Market Price$0.10
Slowpoke,https://www.phygitals.com/pokemon/79,1,$0.10,$0.10,,,,$0.10
Slowpoke,https://www.phygitals.com/pokemon/79,1,Market Price$0.09,$0.09,,,,Market Price$0.09
Slowpoke,https://www.phygitals.com/pokemon/79,1,$0.09,$0.09,,,,$0.09
Slowpoke,https://www.phygitals.com/pokemon/79,1,Market Price$0.08,$0.08,,,,Market Price$0.08
Slowpoke,https://www.phygitals.com/pokemon/79,1,$0.08,$0.08,,,,$0.08
Slowpoke,https://www.phygitals.com/pokemon/79,1,Market Price$0.06,$0.06,,,,Market Price$0.06
Slowpoke,https://www.phygitals.com/pokemon/79,1,$0.06,$0.06,,,,$0.06
Slowbro,https://www.phygitals.com/pokemon/80,1,Value,$232,,,,Value$232
Slowbro,https://www.phygitals.com/pokemon/80,1,Market Price$85.61,$85.61,,,,Market Price$85.61
Slowbro,https://www.phygitals.com/pokemon/80,1,$85.61,$85.61,,,,$85.61
Slowbro,https://www.phygitals.com/pokemon/80,1,Market Price$42.44,$42.44,,,,Market Price$42.44
Slowbro,https://www.phygitals.com/pokemon/80,1,$42.44,$42.44,,,,$42.44
Slowbro,https://www.phygitals.com/pokemon/80,1,Market Price$33.62,$33.62,,,,Market Price$33.62
Slowbro,https://www.phygitals.com/pokemon/80,1,$33.62,$33.62,,,,$33.62
Slowbro,https://www.phygitals.com/pokemon/80,1,Market Price$25.84,$25.84,,,,Market Price$25.84
Slowbro,https://www.phygitals.com/pokemon/80,1,$25.84,$25.84,,,,$25.84
Slowbro,https://www.phygitals.com/pokemon/80,1,Market Price$18.44,$18.44,,,,Market Price$18.44
Slowbro,https://www.phygitals.com/pokemon/80,1,$18.44,$18.44,,,,$18.44
Slowbro,https://www.phygitals.com/pokemon/80,1,Market Price$10.98,$10.98,,,,Market Price$10.98
Slowbro,https://www.phygitals.com/pokemon/80,1,$10.98,$10.98,,,,$10.98
Slowbro,https://www.phygitals.com/pokemon/80,1,Market Price$5.64,$5.64,,,,Market Price$5.64
Slowbro,https://www.phygitals.com/pokemon/80,1,$5.64,$5.64,,,,$5.64
Slowbro,https://www.phygitals.com/pokemon/80,1,Market Price$1.83,$1.83,,,,Market Price$1.83
Slowbro,https://www.phygitals.com/pokemon/80,1,$1.83,$1.83,,,,$1.83
Slowbro,https://www.phygitals.com/pokemon/80,1,Market Price$1.25,$1.25,,,,Market Price$1.25
Slowbro,https://www.phygitals.com/pokemon/80,1,$1.25,$1.25,,,,$1.25
Slowbro,https://www.phygitals.com/pokemon/80,1,Market Price$0.89,$0.89,,,,Market Price$0.89
Slowbro,https://www.phygitals.com/pokemon/80,1,$0.89,$0.89,,,,$0.89
Slowbro,https://www.phygitals.com/pokemon/80,1,Market Price$0.83,$0.83,,,,Market Price$0.83
Slowbro,https://www.phygitals.com/pokemon/80,1,$0.83,$0.83,,,,$0.83
Slowbro,https://www.phygitals.com/pokemon/80,1,Market Price$0.69,$0.69,,,,Market Price$0.69
Slowbro,https://www.phygitals.com/pokemon/80,1,$0.69,$0.69,,,,$0.69
Slowbro,https://www.phygitals.com/pokemon/80,1,Market Price$0.58,$0.58,,,,Market Price$0.58
Slowbro,https://www.phygitals.com/pokemon/80,1,$0.58,$0.58,,,,$0.58
Slowbro,https://www.phygitals.com/pokemon/80,1,Market Price$0.34,$0.34,,,,Market Price$0.34
Slowbro,https://www.phygitals.com/pokemon/80,1,$0.34,$0.34,,,,$0.34
Slowbro,https://www.phygitals.com/pokemon/80,1,Market Price$0.26,$0.26,,,,Market Price$0.26
Slowbro,https://www.phygitals.com/pokemon/80,1,$0.26,$0.26,,,,$0.26
Slowbro,https://www.phygitals.com/pokemon/80,1,Market Price$0.21,$0.21,,,,Market Price$0.21
Slowbro,https://www.phygitals.com/pokemon/80,1,$0.21,$0.21,,,,$0.21
Slowbro,https://www.phygitals.com/pokemon/80,1,Market Price$0.18,$0.18,,,,Market Price$0.18
Slowbro,https://www.phygitals.com/pokemon/80,1,$0.18,$0.18,,,,$0.18
Slowbro,https://www.phygitals.com/pokemon/80,1,Market Price$0.09,$0.09,,,,Market Price$0.09
Slowbro,https://www.phygitals.com/pokemon/80,1,$0.09,$0.09,,,,$0.09
Magnemite,https://www.phygitals.com/pokemon/81,1,Value,$110,,,,Value$110
Magnemite,https://www.phygitals.com/pokemon/81,1,Market Price$70.15,$70.15,,,,Market Price$70.15
Magnemite,https://www.phygitals.com/pokemon/81,1,$70.15,$70.15,,,,$70.15
Magnemite,https://www.phygitals.com/pokemon/81,1,Market Price$11.91,$11.91,,,,Market Price$11.91
Magnemite,https://www.phygitals.com/pokemon/81,1,$11.91,$11.91,,,,$11.91
Magnemite,https://www.phygitals.com/pokemon/81,1,Market Price$7.84,$7.84,,,,Market Price$7.84
Magnemite,https://www.phygitals.com/pokemon/81,1,$7.84,$7.84,,,,$7.84
Magnemite,https://www.phygitals.com/pokemon/81,1,Market Price$4.15,$4.15,,,,Market Price$4.15
Magnemite,https://www.phygitals.com/pokemon/81,1,$4.15,$4.15,,,,$4.15
Magnemite,https://www.phygitals.com/pokemon/81,1,Market Price$2.56,$2.56,,,,Market Price$2.56
Magnemite,https://www.phygitals.com/pokemon/81,1,$2.56,$2.56,,,,$2.56
Magnemite,https://www.phygitals.com/pokemon/81,1,Market Price$2.02,$2.02,,,,Market Price$2.02
Magnemite,https://www.phygitals.com/pokemon/81,1,$2.02,$2.02,,,,$2.02
Magnemite,https://www.phygitals.com/pokemon/81,1,Market Price$1.51,$1.51,,,,Market Price$1.51
Magnemite,https://www.phygitals.com/pokemon/81,1,$1.51,$1.51,,,,$1.51
Magnemite,https://www.phygitals.com/pokemon/81,1,Market Price$0.84,$0.84,,,,Market Price$0.84
Magnemite,https://www.phygitals.com/pokemon/81,1,$0.84,$0.84,,,,$0.84
Magnemite,https://www.phygitals.com/pokemon/81,1,Market Price$0.77,$0.77,,,,Market Price$0.77
Magnemite,https://www.phygitals.com/pokemon/81,1,$0.77,$0.77,,,,$0.77
Magnemite,https://www.phygitals.com/pokemon/81,1,Market Price$0.70,$0.70,,,,Market Price$0.70
Magnemite,https://www.phygitals.com/pokemon/81,1,$0.70,$0.70,,,,$0.70
Magnemite,https://www.phygitals.com/pokemon/81,1,Market Price$0.59,$0.59,,,,Market Price$0.59
Magnemite,https://www.phygitals.com/pokemon/81,1,$0.59,$0.59,,,,$0.59
Magnemite,https://www.phygitals.com/pokemon/81,1,Market Price$0.49,$0.49,,,,Market Price$0.49
Magnemite,https://www.phygitals.com/pokemon/81,1,$0.49,$0.49,,,,$0.49
Magnemite,https://www.phygitals.com/pokemon/81,1,Market Price$0.40,$0.40,,,,Market Price$0.40
Magnemite,https://www.phygitals.com/pokemon/81,1,$0.40,$0.40,,,,$0.40
Magnemite,https://www.phygitals.com/pokemon/81,1,Market Price$0.39,$0.39,,,,Market Price$0.39
Magnemite,https://www.phygitals.com/pokemon/81,1,$0.39,$0.39,,,,$0.39
Magnemite,https://www.phygitals.com/pokemon/81,1,Market Price$0.37,$0.37,,,,Market Price$0.37
Magnemite,https://www.phygitals.com/pokemon/81,1,$0.37,$0.37,,,,$0.37
Magnemite,https://www.phygitals.com/pokemon/81,1,Market Price$0.35,$0.35,,,,Market Price$0.35
Magnemite,https://www.phygitals.com/pokemon/81,1,$0.35,$0.35,,,,$0.35
Magnemite,https://www.phygitals.com/pokemon/81,1,Market Price$0.34,$0.34,,,,Market Price$0.34
Magnemite,https://www.phygitals.com/pokemon/81,1,$0.34,$0.34,,,,$0.34
Magnemite,https://www.phygitals.com/pokemon/81,1,Market Price$0.31,$0.31,,,,Market Price$0.31
Magnemite,https://www.phygitals.com/pokemon/81,1,$0.31,$0.31,,,,$0.31
Magnemite,https://www.phygitals.com/pokemon/81,1,Market Price$0.28,$0.28,,,,Market Price$0.28
Magnemite,https://www.phygitals.com/pokemon/81,1,$0.28,$0.28,,,,$0.28
Magnemite,https://www.phygitals.com/pokemon/81,1,Market Price$0.25,$0.25,,,,Market Price$0.25
Magnemite,https://www.phygitals.com/pokemon/81,1,$0.25,$0.25,,,,$0.25
Magnemite,https://www.phygitals.com/pokemon/81,1,Market Price$0.23,$0.23,,,,Market Price$0.23
Magnemite,https://www.phygitals.com/pokemon/81,1,$0.23,$0.23,,,,$0.23
Magnemite,https://www.phygitals.com/pokemon/81,1,Market Price$0.21,$0.21,,,,Market Price$0.21
Magnemite,https://www.phygitals.com/pokemon/81,1,$0.21,$0.21,,,,$0.21
Magnemite,https://www.phygitals.com/pokemon/81,1,Market Price$0.18,$0.18,,,,Market Price$0.18
Magnemite,https://www.phygitals.com/pokemon/81,1,$0.18,$0.18,,,,$0.18
Magnemite,https://www.phygitals.com/pokemon/81,1,Market Price$0.16,$0.16,,,,Market Price$0.16
Magnemite,https://www.phygitals.com/pokemon/81,1,$0.16,$0.16,,,,$0.16
Magnemite,https://www.phygitals.com/pokemon/81,1,Market Price$0.13,$0.13,,,,Market Price$0.13
Magnemite,https://www.phygitals.com/pokemon/81,1,$0.13,$0.13,,,,$0.13
Magnemite,https://www.phygitals.com/pokemon/81,1,Market Price$0.10,$0.10,,,,Market Price$0.10
Magnemite,https://www.phygitals.com/pokemon/81,1,$0.10,$0.10,,,,$0.10
Magnemite,https://www.phygitals.com/pokemon/81,1,Market Price$0.08,$0.08,,,,Market Price$0.08
Magnemite,https://www.phygitals.com/pokemon/81,1,$0.08,$0.08,,,,$0.08
Magnemite,https://www.phygitals.com/pokemon/81,1,Market Price$0.07,$0.07,,,,Market Price$0.07
Magnemite,https://www.phygitals.com/pokemon/81,1,$0.07,$0.07,,,,$0.07
Magnemite,https://www.phygitals.com/pokemon/81,1,Market Price$0.06,$0.06,,,,Market Price$0.06
Magnemite,https://www.phygitals.com/pokemon/81,1,$0.06,$0.06,,,,$0.06
Magnemite,https://www.phygitals.com/pokemon/81,1,Market Price$0.04,$0.04,,,,Market Price$0.04
Magnemite,https://www.phygitals.com/pokemon/81,1,$0.04,$0.04,,,,$0.04
Magneton,https://www.phygitals.com/pokemon/82,1,Value,$775,,,,Value$775
Magneton,https://www.phygitals.com/pokemon/82,1,Market Price$180.00,$180.00,,,,Market Price$180.00
Magneton,https://www.phygitals.com/pokemon/82,1,$180.00,$180.00,,,,$180.00
Magneton,https://www.phygitals.com/pokemon/82,1,Market Price$110.82,$110.82,,,,Market Price$110.82
Magneton,https://www.phygitals.com/pokemon/82,1,$110.82,$110.82,,,,$110.82
Magneton,https://www.phygitals.com/pokemon/82,1,Market Price$103.33,$103.33,,,,Market Price$103.33
Magneton,https://www.phygitals.com/pokemon/82,1,$103.33,$103.33,,,,$103.33
Magneton,https://www.phygitals.com/pokemon/82,1,Market Price$88.39,$88.39,,,,Market Price$88.39
Magneton,https://www.phygitals.com/pokemon/82,1,$88.39,$88.39,,,,$88.39
Magneton,https://www.phygitals.com/pokemon/82,1,Market Price$73.30,$73.30,,,,Market Price$73.30
Magneton,https://www.phygitals.com/pokemon/82,1,$73.30,$73.30,,,,$73.30
Magneton,https://www.phygitals.com/pokemon/82,1,Market Price$66.99,$66.99,,,,Market Price$66.99
Magneton,https://www.phygitals.com/pokemon/82,1,$66.99,$66.99,,,,$66.99
Magneton,https://www.phygitals.com/pokemon/82,1,Market Price$42.34,$42.34,,,,Market Price$42.34
Magneton,https://www.phygitals.com/pokemon/82,1,$42.34,$42.34,,,,$42.34
Magneton,https://www.phygitals.com/pokemon/82,1,Market Price$20.29,$20.29,,,,Market Price$20.29
Magneton,https://www.phygitals.com/pokemon/82,1,$20.29,$20.29,,,,$20.29
Magneton,https://www.phygitals.com/pokemon/82,1,Market Price$17.07,$17.07,,,,Market Price$17.07
Magneton,https://www.phygitals.com/pokemon/82,1,$17.07,$17.07,,,,$17.07
Magneton,https://www.phygitals.com/pokemon/82,1,Market Price$12.14,$12.14,,,,Market Price$12.14
Magneton,https://www.phygitals.com/pokemon/82,1,$12.14,$12.14,,,,$12.14
Magneton,https://www.phygitals.com/pokemon/82,1,Market Price$12.07,$12.07,,,,Market Price$12.07
Magneton,https://www.phygitals.com/pokemon/82,1,$12.07,$12.07,,,,$12.07
Magneton,https://www.phygitals.com/pokemon/82,1,Market Price$11.67,$11.67,,,,Market Price$11.67
Magneton,https://www.phygitals.com/pokemon/82,1,$11.67,$11.67,,,,$11.67
Magneton,https://www.phygitals.com/pokemon/82,1,Market Price$6.57,$6.57,,,,Market Price$6.57
Magneton,https://www.phygitals.com/pokemon/82,1,$6.57,$6.57,,,,$6.57
Magneton,https://www.phygitals.com/pokemon/82,1,Market Price$4.95,$4.95,,,,Market Price$4.95
Magneton,https://www.phygitals.com/pokemon/82,1,$4.95,$4.95,,,,$4.95
Magneton,https://www.phygitals.com/pokemon/82,1,Market Price$4.53,$4.53,,,,Market Price$4.53
Magneton,https://www.phygitals.com/pokemon/82,1,$4.53,$4.53,,,,$4.53
Magneton,https://www.phygitals.com/pokemon/82,1,Market Price$2.73,$2.73,,,,Market Price$2.73
Magneton,https://www.phygitals.com/pokemon/82,1,$2.73,$2.73,,,,$2.73
Magneton,https://www.phygitals.com/pokemon/82,1,Market Price$2.50,$2.50,,,,Market Price$2.50
Magneton,https://www.phygitals.com/pokemon/82,1,$2.50,$2.50,,,,$2.50
Magneton,https://www.phygitals.com/pokemon/82,1,Market Price$2.46,$2.46,,,,Market Price$2.46
Magneton,https://www.phygitals.com/pokemon/82,1,$2.46,$2.46,,,,$2.46
Magneton,https://www.phygitals.com/pokemon/82,1,Market Price$2.41,$2.41,,,,Market Price$2.41
Magneton,https://www.phygitals.com/pokemon/82,1,$2.41,$2.41,,,,$2.41
Magneton,https://www.phygitals.com/pokemon/82,1,Market Price$1.35,$1.35,,,,Market Price$1.35
Magneton,https://www.phygitals.com/pokemon/82,1,$1.35,$1.35,,,,$1.35
Magneton,https://www.phygitals.com/pokemon/82,1,Market Price$1.22,$1.22,,,,Market Price$1.22
Magneton,https://www.phygitals.com/pokemon/82,1,$1.22,$1.22,,,,$1.22
Magneton,https://www.phygitals.com/pokemon/82,1,Market Price$1.05,$1.05,,,,Market Price$1.05
Magneton,https://www.phygitals.com/pokemon/82,1,$1.05,$1.05,,,,$1.05
Magneton,https://www.phygitals.com/pokemon/82,1,Market Price$0.95,$0.95,,,,Market Price$0.95
Magneton,https://www.phygitals.com/pokemon/82,1,$0.95,$0.95,,,,$0.95
Magneton,https://www.phygitals.com/pokemon/82,1,Market Price$0.83,$0.83,,,,Market Price$0.83
Magneton,https://www.phygitals.com/pokemon/82,1,$0.83,$0.83,,,,$0.83
Magneton,https://www.phygitals.com/pokemon/82,1,Market Price$0.65,$0.65,,,,Market Price$0.65
Magneton,https://www.phygitals.com/pokemon/82,1,$0.65,$0.65,,,,$0.65
Magneton,https://www.phygitals.com/pokemon/82,1,Market Price$0.58,$0.58,,,,Market Price$0.58
Magneton,https://www.phygitals.com/pokemon/82,1,$0.58,$0.58,,,,$0.58
Magneton,https://www.phygitals.com/pokemon/82,1,Market Price$0.57,$0.57,,,,Market Price$0.57
Magneton,https://www.phygitals.com/pokemon/82,1,$0.57,$0.57,,,,$0.57
Magneton,https://www.phygitals.com/pokemon/82,1,Market Price$0.52,$0.52,,,,Market Price$0.52
Magneton,https://www.phygitals.com/pokemon/82,1,$0.52,$0.52,,,,$0.52
Magneton,https://www.phygitals.com/pokemon/82,1,Market Price$0.47,$0.47,,,,Market Price$0.47
Magneton,https://www.phygitals.com/pokemon/82,1,$0.47,$0.47,,,,$0.47
Magneton,https://www.phygitals.com/pokemon/82,1,Market Price$0.33,$0.33,,,,Market Price$0.33
Magneton,https://www.phygitals.com/pokemon/82,1,$0.33,$0.33,,,,$0.33
Magneton,https://www.phygitals.com/pokemon/82,1,Market Price$0.30,$0.30,,,,Market Price$0.30
Magneton,https://www.phygitals.com/pokemon/82,1,$0.30,$0.30,,,,$0.30
Magneton,https://www.phygitals.com/pokemon/82,1,Market Price$0.29,$0.29,,,,Market Price$0.29
Magneton,https://www.phygitals.com/pokemon/82,1,$0.29,$0.29,,,,$0.29
Magneton,https://www.phygitals.com/pokemon/82,1,Market Price$0.27,$0.27,,,,Market Price$0.27
Magneton,https://www.phygitals.com/pokemon/82,1,$0.27,$0.27,,,,$0.27
Magneton,https://www.phygitals.com/pokemon/82,1,Market Price$0.20,$0.20,,,,Market Price$0.20
Magneton,https://www.phygitals.com/pokemon/82,1,$0.20,$0.20,,,,$0.20
Magneton,https://www.phygitals.com/pokemon/82,1,Market Price$0.19,$0.19,,,,Market Price$0.19
Magneton,https://www.phygitals.com/pokemon/82,1,$0.19,$0.19,,,,$0.19
Magneton,https://www.phygitals.com/pokemon/82,1,Market Price$0.11,$0.11,,,,Market Price$0.11
Magneton,https://www.phygitals.com/pokemon/82,1,$0.11,$0.11,,,,$0.11
Magneton,https://www.phygitals.com/pokemon/82,1,Market Price$0.09,$0.09,,,,Market Price$0.09
Magneton,https://www.phygitals.com/pokemon/82,1,$0.09,$0.09,,,,$0.09
Magneton,https://www.phygitals.com/pokemon/82,1,Market Price$0.08,$0.08,,,,Market Price$0.08
Magneton,https://www.phygitals.com/pokemon/82,1,$0.08,$0.08,,,,$0.08
Magneton,https://www.phygitals.com/pokemon/82,1,Market Price$0.07,$0.07,,,,Market Price$0.07
Magneton,https://www.phygitals.com/pokemon/82,1,$0.07,$0.07,,,,$0.07
Doduo,https://www.phygitals.com/pokemon/84,1,Value,$14,,,,Value$14
Doduo,https://www.phygitals.com/pokemon/84,1,Market Price$3.63,$3.63,,,,Market Price$3.63
Doduo,https://www.phygitals.com/pokemon/84,1,$3.63,$3.63,,,,$3.63
Doduo,https://www.phygitals.com/pokemon/84,1,Market Price$3.21,$3.21,,,,Market Price$3.21
Doduo,https://www.phygitals.com/pokemon/84,1,$3.21,$3.21,,,,$3.21
Doduo,https://www.phygitals.com/pokemon/84,1,Market Price$2.39,$2.39,,,,Market Price$2.39
Doduo,https://www.phygitals.com/pokemon/84,1,$2.39,$2.39,,,,$2.39
Doduo,https://www.phygitals.com/pokemon/84,1,Market Price$0.93,$0.93,,,,Market Price$0.93
Doduo,https://www.phygitals.com/pokemon/84,1,$0.93,$0.93,,,,$0.93
Doduo,https://www.phygitals.com/pokemon/84,1,Market Price$0.67,$0.67,,,,Market Price$0.67
Doduo,https://www.phygitals.com/pokemon/84,1,$0.67,$0.67,,,,$0.67
Doduo,https://www.phygitals.com/pokemon/84,1,Market Price$0.49,$0.49,,,,Market Price$0.49
Doduo,https://www.phygitals.com/pokemon/84,1,$0.49,$0.49,,,,$0.49
Doduo,https://www.phygitals.com/pokemon/84,1,Market Price$0.44,$0.44,,,,Market Price$0.44
Doduo,https://www.phygitals.com/pokemon/84,1,$0.44,$0.44,,,,$0.44
Doduo,https://www.phygitals.com/pokemon/84,1,Market Price$0.42,$0.42,,,,Market Price$0.42
Doduo,https://www.phygitals.com/pokemon/84,1,$0.42,$0.42,,,,$0.42
Doduo,https://www.phygitals.com/pokemon/84,1,Market Price$0.31,$0.31,,,,Market Price$0.31
Doduo,https://www.phygitals.com/pokemon/84,1,$0.31,$0.31,,,,$0.31
Doduo,https://www.phygitals.com/pokemon/84,1,Market Price$0.26,$0.26,,,,Market Price$0.26
Doduo,https://www.phygitals.com/pokemon/84,1,$0.26,$0.26,,,,$0.26
Doduo,https://www.phygitals.com/pokemon/84,1,Market Price$0.25,$0.25,,,,Market Price$0.25
Doduo,https://www.phygitals.com/pokemon/84,1,$0.25,$0.25,,,,$0.25
Doduo,https://www.phygitals.com/pokemon/84,1,Market Price$0.24,$0.24,,,,Market Price$0.24
Doduo,https://www.phygitals.com/pokemon/84,1,$0.24,$0.24,,,,$0.24
Doduo,https://www.phygitals.com/pokemon/84,1,Market Price$0.23,$0.23,,,,Market Price$0.23
Doduo,https://www.phygitals.com/pokemon/84,1,$0.23,$0.23,,,,$0.23
Doduo,https://www.phygitals.com/pokemon/84,1,Market Price$0.18,$0.18,,,,Market Price$0.18
Doduo,https://www.phygitals.com/pokemon/84,1,$0.18,$0.18,,,,$0.18
Doduo,https://www.phygitals.com/pokemon/84,1,Market Price$0.16,$0.16,,,,Market Price$0.16
Doduo,https://www.phygitals.com/pokemon/84,1,$0.16,$0.16,,,,$0.16
Doduo,https://www.phygitals.com/pokemon/84,1,Market Price$0.15,$0.15,,,,Market Price$0.15
Doduo,https://www.phygitals.com/pokemon/84,1,$0.15,$0.15,,,,$0.15
Doduo,https://www.phygitals.com/pokemon/84,1,Market Price$0.14,$0.14,,,,Market Price$0.14
Doduo,https://www.phygitals.com/pokemon/84,1,$0.14,$0.14,,,,$0.14
Doduo,https://www.phygitals.com/pokemon/84,1,Market Price$0.08,$0.08,,,,Market Price$0.08
Doduo,https://www.phygitals.com/pokemon/84,1,$0.08,$0.08,,,,$0.08
Doduo,https://www.phygitals.com/pokemon/84,1,Market Price$0.05,$0.05,,,,Market Price$0.05
Doduo,https://www.phygitals.com/pokemon/84,1,$0.05,$0.05,,,,$0.05
Dewgong,https://www.phygitals.com/pokemon/87,1,Value,$39,,,,Value$39
Dewgong,https://www.phygitals.com/pokemon/87,1,Market Price$18.32,$18.32,,,,Market Price$18.32
Dewgong,https://www.phygitals.com/pokemon/87,1,$18.32,$18.32,,,,$18.32
Dewgong,https://www.phygitals.com/pokemon/87,1,Market Price$10.00,$10.00,,,,Market Price$10.00
Dewgong,https://www.phygitals.com/pokemon/87,1,$10.00,$10.00,,,,$10.00
Dewgong,https://www.phygitals.com/pokemon/87,1,Market Price$2.29,$2.29,,,,Market Price$2.29
Dewgong,https://www.phygitals.com/pokemon/87,1,$2.29,$2.29,,,,$2.29
Dewgong,https://www.phygitals.com/pokemon/87,1,Market Price$2.22,$2.22,,,,Market Price$2.22
Dewgong,https://www.phygitals.com/pokemon/87,1,$2.22,$2.22,,,,$2.22
Dewgong,https://www.phygitals.com/pokemon/87,1,Market Price$1.89,$1.89,,,,Market Price$1.89
Dewgong,https://www.phygitals.com/pokemon/87,1,$1.89,$1.89,,,,$1.89
Dewgong,https://www.phygitals.com/pokemon/87,1,Market Price$1.34,$1.34,,,,Market Price$1.34
Dewgong,https://www.phygitals.com/pokemon/87,1,$1.34,$1.34,,,,$1.34
Dewgong,https://www.phygitals.com/pokemon/87,1,Market Price$1.23,$1.23,,,,Market Price$1.23
Dewgong,https://www.phygitals.com/pokemon/87,1,$1.23,$1.23,,,,$1.23
Dewgong,https://www.phygitals.com/pokemon/87,1,Market Price$0.43,$0.43,,,,Market Price$0.43
Dewgong,https://www.phygitals.com/pokemon/87,1,$0.43,$0.43,,,,$0.43
Dewgong,https://www.phygitals.com/pokemon/87,1,Market Price$0.32,$0.32,,,,Market Price$0.32
Dewgong,https://www.phygitals.com/pokemon/87,1,$0.32,$0.32,,,,$0.32
Dewgong,https://www.phygitals.com/pokemon/87,1,Market Price$0.20,$0.20,,,,Market Price$0.20
Dewgong,https://www.phygitals.com/pokemon/87,1,$0.20,$0.20,,,,$0.20
Dewgong,https://www.phygitals.com/pokemon/87,1,Market Price$0.16,$0.16,,,,Market Price$0.16
Dewgong,https://www.phygitals.com/pokemon/87,1,$0.16,$0.16,,,,$0.16
Dewgong,https://www.phygitals.com/pokemon/87,1,Market Price$0.13,$0.13,,,,Market Price$0.13
Dewgong,https://www.phygitals.com/pokemon/87,1,$0.13,$0.13,,,,$0.13
Dewgong,https://www.phygitals.com/pokemon/87,1,Market Price$0.08,$0.08,,,,Market Price$0.08
Dewgong,https://www.phygitals.com/pokemon/87,1,$0.08,$0.08,,,,$0.08
Grimer,https://www.phygitals.com/pokemon/88,1,Value,$18,,,,Value$18
Grimer,https://www.phygitals.com/pokemon/88,1,Market Price$10.25,$10.25,,,,Market Price$10.25
Grimer,https://www.phygitals.com/pokemon/88,1,$10.25,$10.25,,,,$10.25
Grimer,https://www.phygitals.com/pokemon/88,1,Market Price$1.92,$1.92,,,,Market Price$1.92
Grimer,https://www.phygitals.com/pokemon/88,1,$1.92,$1.92,,,,$1.92
Grimer,https://www.phygitals.com/pokemon/88,1,Market Price$0.96,$0.96,,,,Market Price$0.96
Grimer,https://www.phygitals.com/pokemon/88,1,$0.96,$0.96,,,,$0.96
Grimer,https://www.phygitals.com/pokemon/88,1,Market Price$0.92,$0.92,,,,Market Price$0.92
Grimer,https://www.phygitals.com/pokemon/88,1,$0.92,$0.92,,,,$0.92
Grimer,https://www.phygitals.com/pokemon/88,1,Market Price$0.84,$0.84,,,,Market Price$0.84
Grimer,https://www.phygitals.com/pokemon/88,1,$0.84,$0.84,,,,$0.84
Grimer,https://www.phygitals.com/pokemon/88,1,Market Price$0.53,$0.53,,,,Market Price$0.53
Grimer,https://www.phygitals.com/pokemon/88,1,$0.53,$0.53,,,,$0.53
Grimer,https://www.phygitals.com/pokemon/88,1,Market Price$0.38,$0.38,,,,Market Price$0.38
Grimer,https://www.phygitals.com/pokemon/88,1,$0.38,$0.38,,,,$0.38
Grimer,https://www.phygitals.com/pokemon/88,1,Market Price$0.29,$0.29,,,,Market Price$0.29
Grimer,https://www.phygitals.com/pokemon/88,1,$0.29,$0.29,,,,$0.29
Grimer,https://www.phygitals.com/pokemon/88,1,Market Price$0.25,$0.25,,,,Market Price$0.25
Grimer,https://www.phygitals.com/pokemon/88,1,$0.25,$0.25,,,,$0.25
Grimer,https://www.phygitals.com/pokemon/88,1,Market Price$0.24,$0.24,,,,Market Price$0.24
Grimer,https://www.phygitals.com/pokemon/88,1,$0.24,$0.24,,,,$0.24
Grimer,https://www.phygitals.com/pokemon/88,1,Market Price$0.14,$0.14,,,,Market Price$0.14
Grimer,https://www.phygitals.com/pokemon/88,1,$0.14,$0.14,,,,$0.14
Grimer,https://www.phygitals.com/pokemon/88,1,Market Price$0.13,$0.13,,,,Market Price$0.13
Grimer,https://www.phygitals.com/pokemon/88,1,$0.13,$0.13,,,,$0.13
Grimer,https://www.phygitals.com/pokemon/88,1,Market Price$0.12,$0.12,,,,Market Price$0.12
Grimer,https://www.phygitals.com/pokemon/88,1,$0.12,$0.12,,,,$0.12
Grimer,https://www.phygitals.com/pokemon/88,1,Market Price$0.11,$0.11,,,,Market Price$0.11
Grimer,https://www.phygitals.com/pokemon/88,1,$0.11,$0.11,,,,$0.11
Grimer,https://www.phygitals.com/pokemon/88,1,Market Price$0.10,$0.10,,,,Market Price$0.10
Grimer,https://www.phygitals.com/pokemon/88,1,$0.10,$0.10,,,,$0.10
Grimer,https://www.phygitals.com/pokemon/88,1,Market Price$0.09,$0.09,,,,Market Price$0.09
Grimer,https://www.phygitals.com/pokemon/88,1,$0.09,$0.09,,,,$0.09
Grimer,https://www.phygitals.com/pokemon/88,1,Market Price$0.07,$0.07,,,,Market Price$0.07
Grimer,https://www.phygitals.com/pokemon/88,1,$0.07,$0.07,,,,$0.07
Grimer,https://www.phygitals.com/pokemon/88,1,Market Price$0.06,$0.06,,,,Market Price$0.06
Grimer,https://www.phygitals.com/pokemon/88,1,$0.06,$0.06,,,,$0.06
Muk,https://www.phygitals.com/pokemon/89,1,Value,$395,,,,Value$395
Muk,https://www.phygitals.com/pokemon/89,1,Market Price$97.14,$97.14,,,,Market Price$97.14
Muk,https://www.phygitals.com/pokemon/89,1,$97.14,$97.14,,,,$97.14
Muk,https://www.phygitals.com/pokemon/89,1,Market Price$75.00,$75.00,,,,Market Price$75.00
Muk,https://www.phygitals.com/pokemon/89,1,$75.00,$75.00,,,,$75.00
Muk,https://www.phygitals.com/pokemon/89,1,Market Price$44.17,$44.17,,,,Market Price$44.17
Muk,https://www.phygitals.com/pokemon/89,1,$44.17,$44.17,,,,$44.17
Muk,https://www.phygitals.com/pokemon/89,1,Market Price$37.81,$37.81,,,,Market Price$37.81
Muk,https://www.phygitals.com/pokemon/89,1,$37.81,$37.81,,,,$37.81
Muk,https://www.phygitals.com/pokemon/89,1,Market Price$25.98,$25.98,,,,Market Price$25.98
Muk,https://www.phygitals.com/pokemon/89,1,$25.98,$25.98,,,,$25.98
Muk,https://www.phygitals.com/pokemon/89,1,Market Price$23.60,$23.60,,,,Market Price$23.60
Muk,https://www.phygitals.com/pokemon/89,1,$23.60,$23.60,,,,$23.60
Muk,https://www.phygitals.com/pokemon/89,1,Market Price$17.89,$17.89,,,,Market Price$17.89
Muk,https://www.phygitals.com/pokemon/89,1,$17.89,$17.89,,,,$17.89
Muk,https://www.phygitals.com/pokemon/89,1,Market Price$16.71,$16.71,,,,Market Price$16.71
Muk,https://www.phygitals.com/pokemon/89,1,$16.71,$16.71,,,,$16.71
Muk,https://www.phygitals.com/pokemon/89,1,Market Price$15.31,$15.31,,,,Market Price$15.31
Muk,https://www.phygitals.com/pokemon/89,1,$15.31,$15.31,,,,$15.31
Muk,https://www.phygitals.com/pokemon/89,1,Market Price$11.84,$11.84,,,,Market Price$11.84
Muk,https://www.phygitals.com/pokemon/89,1,$11.84,$11.84,,,,$11.84
Muk,https://www.phygitals.com/pokemon/89,1,Market Price$9.40,$9.40,,,,Market Price$9.40
Muk,https://www.phygitals.com/pokemon/89,1,$9.40,$9.40,,,,$9.40
Muk,https://www.phygitals.com/pokemon/89,1,Market Price$5.34,$5.34,,,,Market Price$5.34
Muk,https://www.phygitals.com/pokemon/89,1,$5.34,$5.34,,,,$5.34
Muk,https://www.phygitals.com/pokemon/89,1,Market Price$4.66,$4.66,,,,Market Price$4.66
Muk,https://www.phygitals.com/pokemon/89,1,$4.66,$4.66,,,,$4.66
Muk,https://www.phygitals.com/pokemon/89,1,Market Price$2.11,$2.11,,,,Market Price$2.11
Muk,https://www.phygitals.com/pokemon/89,1,$2.11,$2.11,,,,$2.11
Muk,https://www.phygitals.com/pokemon/89,1,Market Price$2.04,$2.04,,,,Market Price$2.04
Muk,https://www.phygitals.com/pokemon/89,1,$2.04,$2.04,,,,$2.04
Muk,https://www.phygitals.com/pokemon/89,1,Market Price$0.91,$0.91,,,,Market Price$0.91
Muk,https://www.phygitals.com/pokemon/89,1,$0.91,$0.91,,,,$0.91
Muk,https://www.phygitals.com/pokemon/89,1,Market Price$0.88,$0.88,,,,Market Price$0.88
Muk,https://www.phygitals.com/pokemon/89,1,$0.88,$0.88,,,,$0.88
Muk,https://www.phygitals.com/pokemon/89,1,Market Price$0.66,$0.66,,,,Market Price$0.66
Muk,https://www.phygitals.com/pokemon/89,1,$0.66,$0.66,,,,$0.66
Muk,https://www.phygitals.com/pokemon/89,1,Market Price$0.65,$0.65,,,,Market Price$0.65
Muk,https://www.phygitals.com/pokemon/89,1,$0.65,$0.65,,,,$0.65
Muk,https://www.phygitals.com/pokemon/89,1,Market Price$0.55,$0.55,,,,Market Price$0.55
Muk,https://www.phygitals.com/pokemon/89,1,$0.55,$0.55,,,,$0.55
Muk,https://www.phygitals.com/pokemon/89,1,Market Price$0.54,$0.54,,,,Market Price$0.54
Muk,https://www.phygitals.com/pokemon/89,1,$0.54,$0.54,,,,$0.54
Muk,https://www.phygitals.com/pokemon/89,1,Market Price$0.45,$0.45,,,,Market Price$0.45
Muk,https://www.phygitals.com/pokemon/89,1,$0.45,$0.45,,,,$0.45
Muk,https://www.phygitals.com/pokemon/89,1,Market Price$0.40,$0.40,,,,Market Price$0.40
Muk,https://www.phygitals.com/pokemon/89,1,$0.40,$0.40,,,,$0.40
Muk,https://www.phygitals.com/pokemon/89,1,Market Price$0.39,$0.39,,,,Market Price$0.39
Muk,https://www.phygitals.com/pokemon/89,1,$0.39,$0.39,,,,$0.39
Muk,https://www.phygitals.com/pokemon/89,1,Market Price$0.18,$0.18,,,,Market Price$0.18
Muk,https://www.phygitals.com/pokemon/89,1,$0.18,$0.18,,,,$0.18
Muk,https://www.phygitals.com/pokemon/89,1,Market Price$0.14,$0.14,,,,Market Price$0.14
Muk,https://www.phygitals.com/pokemon/89,1,$0.14,$0.14,,,,$0.14
Muk,https://www.phygitals.com/pokemon/89,1,Market Price$0.09,$0.09,,,,Market Price$0.09
Muk,https://www.phygitals.com/pokemon/89,1,$0.09,$0.09,,,,$0.09
Muk,https://www.phygitals.com/pokemon/89,1,Market Price$0.08,$0.08,,,,Market Price$0.08
Muk,https://www.phygitals.com/pokemon/89,1,$0.08,$0.08,,,,$0.08
Muk,https://www.phygitals.com/pokemon/89,1,Market Price$0.07,$0.07,,,,Market Price$0.07
Muk,https://www.phygitals.com/pokemon/89,1,$0.07,$0.07,,,,$0.07
Shellder,https://www.phygitals.com/pokemon/90,1,Value,$4,,,,Value$4
Shellder,https://www.phygitals.com/pokemon/90,1,Market Price$2.04,$2.04,,,,Market Price$2.04
Shellder,https://www.phygitals.com/pokemon/90,1,$2.04,$2.04,,,,$2.04
Shellder,https://www.phygitals.com/pokemon/90,1,Market Price$0.61,$0.61,,,,Market Price$0.61
Shellder,https://www.phygitals.com/pokemon/90,1,$0.61,$0.61,,,,$0.61
Shellder,https://www.phygitals.com/pokemon/90,1,Market Price$0.43,$0.43,,,,Market Price$0.43
Shellder,https://www.phygitals.com/pokemon/90,1,$0.43,$0.43,,,,$0.43
Shellder,https://www.phygitals.com/pokemon/90,1,Market Price$0.29,$0.29,,,,Market Price$0.29
Shellder,https://www.phygitals.com/pokemon/90,1,$0.29,$0.29,,,,$0.29
Shellder,https://www.phygitals.com/pokemon/90,1,Market Price$0.15,$0.15,,,,Market Price$0.15
Shellder,https://www.phygitals.com/pokemon/90,1,$0.15,$0.15,,,,$0.15
Shellder,https://www.phygitals.com/pokemon/90,1,Market Price$0.12,$0.12,,,,Market Price$0.12
Shellder,https://www.phygitals.com/pokemon/90,1,$0.12,$0.12,,,,$0.12
Shellder,https://www.phygitals.com/pokemon/90,1,Market Price$0.11,$0.11,,,,Market Price$0.11
Shellder,https://www.phygitals.com/pokemon/90,1,$0.11,$0.11,,,,$0.11
Shellder,https://www.phygitals.com/pokemon/90,1,Market Price$0.07,$0.07,,,,Market Price$0.07
Shellder,https://www.phygitals.com/pokemon/90,1,$0.07,$0.07,,,,$0.07
Shellder,https://www.phygitals.com/pokemon/90,1,Market Price$0.05,$0.05,,,,Market Price$0.05
Shellder,https://www.phygitals.com/pokemon/90,1,$0.05,$0.05,,,,$0.05
Gastly,https://www.phygitals.com/pokemon/92,1,Value,$110,,,,Value$110
Gastly,https://www.phygitals.com/pokemon/92,1,Market Price$72.46,$72.46,,,,Market Price$72.46
Gastly,https://www.phygitals.com/pokemon/92,1,$72.46,$72.46,,,,$72.46
Gastly,https://www.phygitals.com/pokemon/92,1,Market Price$11.02,$11.02,,,,Market Price$11.02
Gastly,https://www.phygitals.com/pokemon/92,1,$11.02,$11.02,,,,$11.02
Gastly,https://www.phygitals.com/pokemon/92,1,Market Price$9.55,$9.55,,,,Market Price$9.55
Gastly,https://www.phygitals.com/pokemon/92,1,$9.55,$9.55,,,,$9.55
Gastly,https://www.phygitals.com/pokemon/92,1,Market Price$5.07,$5.07,,,,Market Price$5.07
Gastly,https://www.phygitals.com/pokemon/92,1,$5.07,$5.07,,,,$5.07
Gastly,https://www.phygitals.com/pokemon/92,1,Market Price$1.57,$1.57,,,,Market Price$1.57
Gastly,https://www.phygitals.com/pokemon/92,1,$1.57,$1.57,,,,$1.57
Gastly,https://www.phygitals.com/pokemon/92,1,Market Price$1.56,$1.56,,,,Market Price$1.56
Gastly,https://www.phygitals.com/pokemon/92,1,$1.56,$1.56,,,,$1.56
Gastly,https://www.phygitals.com/pokemon/92,1,Market Price$1.20,$1.20,,,,Market Price$1.20
Gastly,https://www.phygitals.com/pokemon/92,1,$1.20,$1.20,,,,$1.20
Gastly,https://www.phygitals.com/pokemon/92,1,Market Price$1.04,$1.04,,,,Market Price$1.04
Gastly,https://www.phygitals.com/pokemon/92,1,$1.04,$1.04,,,,$1.04
Gastly,https://www.phygitals.com/pokemon/92,1,Market Price$1.01,$1.01,,,,Market Price$1.01
Gastly,https://www.phygitals.com/pokemon/92,1,$1.01,$1.01,,,,$1.01
Gastly,https://www.phygitals.com/pokemon/92,1,Market Price$0.76,$0.76,,,,Market Price$0.76
Gastly,https://www.phygitals.com/pokemon/92,1,$0.76,$0.76,,,,$0.76
Gastly,https://www.phygitals.com/pokemon/92,1,Market Price$0.59,$0.59,,,,Market Price$0.59
Gastly,https://www.phygitals.com/pokemon/92,1,$0.59,$0.59,,,,$0.59
Gastly,https://www.phygitals.com/pokemon/92,1,Market Price$0.56,$0.56,,,,Market Price$0.56
Gastly,https://www.phygitals.com/pokemon/92,1,$0.56,$0.56,,,,$0.56
Gastly,https://www.phygitals.com/pokemon/92,1,Market Price$0.51,$0.51,,,,Market Price$0.51
Gastly,https://www.phygitals.com/pokemon/92,1,$0.51,$0.51,,,,$0.51
Gastly,https://www.phygitals.com/pokemon/92,1,Market Price$0.47,$0.47,,,,Market Price$0.47
Gastly,https://www.phygitals.com/pokemon/92,1,$0.47,$0.47,,,,$0.47
Gastly,https://www.phygitals.com/pokemon/92,1,Market Price$0.38,$0.38,,,,Market Price$0.38
Gastly,https://www.phygitals.com/pokemon/92,1,$0.38,$0.38,,,,$0.38
Gastly,https://www.phygitals.com/pokemon/92,1,Market Price$0.35,$0.35,,,,Market Price$0.35
Gastly,https://www.phygitals.com/pokemon/92,1,$0.35,$0.35,,,,$0.35
Gastly,https://www.phygitals.com/pokemon/92,1,Market Price$0.23,$0.23,,,,Market Price$0.23
Gastly,https://www.phygitals.com/pokemon/92,1,$0.23,$0.23,,,,$0.23
Gastly,https://www.phygitals.com/pokemon/92,1,Market Price$0.18,$0.18,,,,Market Price$0.18
Gastly,https://www.phygitals.com/pokemon/92,1,$0.18,$0.18,,,,$0.18
Gastly,https://www.phygitals.com/pokemon/92,1,Market Price$0.16,$0.16,,,,Market Price$0.16
Gastly,https://www.phygitals.com/pokemon/92,1,$0.16,$0.16,,,,$0.16
Gastly,https://www.phygitals.com/pokemon/92,1,Market Price$0.13,$0.13,,,,Market Price$0.13
Gastly,https://www.phygitals.com/pokemon/92,1,$0.13,$0.13,,,,$0.13
Gastly,https://www.phygitals.com/pokemon/92,1,Market Price$0.12,$0.12,,,,Market Price$0.12
Gastly,https://www.phygitals.com/pokemon/92,1,$0.12,$0.12,,,,$0.12
Gastly,https://www.phygitals.com/pokemon/92,1,Market Price$0.09,$0.09,,,,Market Price$0.09
Gastly,https://www.phygitals.com/pokemon/92,1,$0.09,$0.09,,,,$0.09
Gastly,https://www.phygitals.com/pokemon/92,1,Market Price$0.06,$0.06,,,,Market Price$0.06
Gastly,https://www.phygitals.com/pokemon/92,1,$0.06,$0.06,,,,$0.06
Gengar,https://www.phygitals.com/pokemon/94,1,Value,"$7,727",,,,"Value$7,727"
Gengar,https://www.phygitals.com/pokemon/94,1,Market Price$969.48,$969.48,,,,Market Price$969.48
Gengar,https://www.phygitals.com/pokemon/94,1,$969.48,$969.48,,,,$969.48
Gengar,https://www.phygitals.com/pokemon/94,1,Market Price$774.65,$774.65,,,,Market Price$774.65
Gengar,https://www.phygitals.com/pokemon/94,1,$774.65,$774.65,,,,$774.65
Gengar,https://www.phygitals.com/pokemon/94,1,Market Price$716.63,$716.63,,,,Market Price$716.63
Gengar,https://www.phygitals.com/pokemon/94,1,$716.63,$716.63,,,,$716.63
Gengar,https://www.phygitals.com/pokemon/94,1,Market Price$599.25,$599.25,,,,Market Price$599.25
Gengar,https://www.phygitals.com/pokemon/94,1,$599.25,$599.25,,,,$599.25
Gengar,https://www.phygitals.com/pokemon/94,1,Market Price$555.00,$555.00,,,,Market Price$555.00
Gengar,https://www.phygitals.com/pokemon/94,1,$555.00,$555.00,,,,$555.00
Gengar,https://www.phygitals.com/pokemon/94,1,Market Price$485.10,$485.10,,,,Market Price$485.10
Gengar,https://www.phygitals.com/pokemon/94,1,$485.10,$485.10,,,,$485.10
Gengar,https://www.phygitals.com/pokemon/94,1,Market Price$407.77,$407.77,,,,Market Price$407.77
Gengar,https://www.phygitals.com/pokemon/94,1,$407.77,$407.77,,,,$407.77
Gengar,https://www.phygitals.com/pokemon/94,1,Market Price$330.89,$330.89,,,,Market Price$330.89
Gengar,https://www.phygitals.com/pokemon/94,1,$330.89,$330.89,,,,$330.89
Gengar,https://www.phygitals.com/pokemon/94,1,Market Price$315.31,$315.31,,,,Market Price$315.31
Gengar,https://www.phygitals.com/pokemon/94,1,$315.31,$315.31,,,,$315.31
Gengar,https://www.phygitals.com/pokemon/94,1,Market Price$305.55,$305.55,,,,Market Price$305.55
Gengar,https://www.phygitals.com/pokemon/94,1,$305.55,$305.55,,,,$305.55
Gengar,https://www.phygitals.com/pokemon/94,1,Market Price$287.97,$287.97,,,,Market Price$287.97
Gengar,https://www.phygitals.com/pokemon/94,1,$287.97,$287.97,,,,$287.97
Gengar,https://www.phygitals.com/pokemon/94,1,Market Price$267.95,$267.95,,,,Market Price$267.95
Gengar,https://www.phygitals.com/pokemon/94,1,$267.95,$267.95,,,,$267.95
Gengar,https://www.phygitals.com/pokemon/94,1,Market Price$253.42,$253.42,,,,Market Price$253.42
Gengar,https://www.phygitals.com/pokemon/94,1,$253.42,$253.42,,,,$253.42
Gengar,https://www.phygitals.com/pokemon/94,1,Market Price$246.36,$246.36,,,,Market Price$246.36
Gengar,https://www.phygitals.com/pokemon/94,1,$246.36,$246.36,,,,$246.36
Gengar,https://www.phygitals.com/pokemon/94,1,Market Price$242.99,$242.99,,,,Market Price$242.99
Gengar,https://www.phygitals.com/pokemon/94,1,$242.99,$242.99,,,,$242.99
Gengar,https://www.phygitals.com/pokemon/94,1,Market Price$150.85,$150.85,,,,Market Price$150.85
Gengar,https://www.phygitals.com/pokemon/94,1,$150.85,$150.85,,,,$150.85
Gengar,https://www.phygitals.com/pokemon/94,1,Market Price$142.98,$142.98,,,,Market Price$142.98
Gengar,https://www.phygitals.com/pokemon/94,1,$142.98,$142.98,,,,$142.98
Gengar,https://www.phygitals.com/pokemon/94,1,Market Price$91.52,$91.52,,,,Market Price$91.52
Gengar,https://www.phygitals.com/pokemon/94,1,$91.52,$91.52,,,,$91.52
Gengar,https://www.phygitals.com/pokemon/94,1,Market Price$87.12,$87.12,,,,Market Price$87.12
Gengar,https://www.phygitals.com/pokemon/94,1,$87.12,$87.12,,,,$87.12
Gengar,https://www.phygitals.com/pokemon/94,1,Market Price$78.50,$78.50,,,,Market Price$78.50
Gengar,https://www.phygitals.com/pokemon/94,1,$78.50,$78.50,,,,$78.50
Gengar,https://www.phygitals.com/pokemon/94,1,Market Price$60.35,$60.35,,,,Market Price$60.35
Gengar,https://www.phygitals.com/pokemon/94,1,$60.35,$60.35,,,,$60.35
Gengar,https://www.phygitals.com/pokemon/94,1,Market Price$42.14,$42.14,,,,Market Price$42.14
Gengar,https://www.phygitals.com/pokemon/94,1,$42.14,$42.14,,,,$42.14
Gengar,https://www.phygitals.com/pokemon/94,1,Market Price$40.93,$40.93,,,,Market Price$40.93
Gengar,https://www.phygitals.com/pokemon/94,1,$40.93,$40.93,,,,$40.93
Gengar,https://www.phygitals.com/pokemon/94,1,Market Price$38.26,$38.26,,,,Market Price$38.26
Gengar,https://www.phygitals.com/pokemon/94,1,$38.26,$38.26,,,,$38.26
Gengar,https://www.phygitals.com/pokemon/94,1,Market Price$34.01,$34.01,,,,Market Price$34.01
Gengar,https://www.phygitals.com/pokemon/94,1,$34.01,$34.01,,,,$34.01
Gengar,https://www.phygitals.com/pokemon/94,1,Market Price$29.82,$29.82,,,,Market Price$29.82
Gengar,https://www.phygitals.com/pokemon/94,1,$29.82,$29.82,,,,$29.82
Gengar,https://www.phygitals.com/pokemon/94,1,Market Price$28.10,$28.10,,,,Market Price$28.10
Gengar,https://www.phygitals.com/pokemon/94,1,$28.10,$28.10,,,,$28.10
Gengar,https://www.phygitals.com/pokemon/94,1,Market Price$26.60,$26.60,,,,Market Price$26.60
Gengar,https://www.phygitals.com/pokemon/94,1,$26.60,$26.60,,,,$26.60
Gengar,https://www.phygitals.com/pokemon/94,1,Market Price$23.90,$23.90,,,,Market Price$23.90
Gengar,https://www.phygitals.com/pokemon/94,1,$23.90,$23.90,,,,$23.90
Gengar,https://www.phygitals.com/pokemon/94,1,Market Price$20.82,$20.82,,,,Market Price$20.82
Gengar,https://www.phygitals.com/pokemon/94,1,$20.82,$20.82,,,,$20.82
Gengar,https://www.phygitals.com/pokemon/94,1,Market Price$20.09,$20.09,,,,Market Price$20.09
Gengar,https://www.phygitals.com/pokemon/94,1,$20.09,$20.09,,,,$20.09
Gengar,https://www.phygitals.com/pokemon/94,1,Market Price$15.27,$15.27,,,,Market Price$15.27
Gengar,https://www.phygitals.com/pokemon/94,1,$15.27,$15.27,,,,$15.27
Gengar,https://www.phygitals.com/pokemon/94,1,Market Price$10.34,$10.34,,,,Market Price$10.34
Gengar,https://www.phygitals.com/pokemon/94,1,$10.34,$10.34,,,,$10.34
Gengar,https://www.phygitals.com/pokemon/94,1,Market Price$8.56,$8.56,,,,Market Price$8.56
Gengar,https://www.phygitals.com/pokemon/94,1,$8.56,$8.56,,,,$8.56
Gengar,https://www.phygitals.com/pokemon/94,1,Market Price$7.09,$7.09,,,,Market Price$7.09
Gengar,https://www.phygitals.com/pokemon/94,1,$7.09,$7.09,,,,$7.09
Gengar,https://www.phygitals.com/pokemon/94,1,Market Price$3.88,$3.88,,,,Market Price$3.88
Gengar,https://www.phygitals.com/pokemon/94,1,$3.88,$3.88,,,,$3.88
Gengar,https://www.phygitals.com/pokemon/94,1,Market Price$3.34,$3.34,,,,Market Price$3.34
Gengar,https://www.phygitals.com/pokemon/94,1,$3.34,$3.34,,,,$3.34
Gengar,https://www.phygitals.com/pokemon/94,1,Market Price$1.65,$1.65,,,,Market Price$1.65
Gengar,https://www.phygitals.com/pokemon/94,1,$1.65,$1.65,,,,$1.65
Gengar,https://www.phygitals.com/pokemon/94,1,Market Price$1.55,$1.55,,,,Market Price$1.55
Gengar,https://www.phygitals.com/pokemon/94,1,$1.55,$1.55,,,,$1.55
Gengar,https://www.phygitals.com/pokemon/94,1,Market Price$1.08,$1.08,,,,Market Price$1.08
Gengar,https://www.phygitals.com/pokemon/94,1,$1.08,$1.08,,,,$1.08
Gengar,https://www.phygitals.com/pokemon/94,1,Market Price$0.21,$0.21,,,,Market Price$0.21
Gengar,https://www.phygitals.com/pokemon/94,1,$0.21,$0.21,,,,$0.21
Onix,https://www.phygitals.com/pokemon/95,1,Value,$48,,,,Value$48
Onix,https://www.phygitals.com/pokemon/95,1,Market Price$27.82,$27.82,,,,Market Price$27.82
Onix,https://www.phygitals.com/pokemon/95,1,$27.82,$27.82,,,,$27.82
Onix,https://www.phygitals.com/pokemon/95,1,Market Price$6.23,$6.23,,,,Market Price$6.23
Onix,https://www.phygitals.com/pokemon/95,1,$6.23,$6.23,,,,$6.23
Onix,https://www.phygitals.com/pokemon/95,1,Market Price$3.76,$3.76,,,,Market Price$3.76
Onix,https://www.phygitals.com/pokemon/95,1,$3.76,$3.76,,,,$3.76
Onix,https://www.phygitals.com/pokemon/95,1,Market Price$2.18,$2.18,,,,Market Price$2.18
Onix,https://www.phygitals.com/pokemon/95,1,$2.18,$2.18,,,,$2.18
Onix,https://www.phygitals.com/pokemon/95,1,Market Price$1.72,$1.72,,,,Market Price$1.72
Onix,https://www.phygitals.com/pokemon/95,1,$1.72,$1.72,,,,$1.72
Onix,https://www.phygitals.com/pokemon/95,1,Market Price$0.83,$0.83,,,,Market Price$0.83
Onix,https://www.phygitals.com/pokemon/95,1,$0.83,$0.83,,,,$0.83
Onix,https://www.phygitals.com/pokemon/95,1,Market Price$0.77,$0.77,,,,Market Price$0.77
Onix,https://www.phygitals.com/pokemon/95,1,$0.77,$0.77,,,,$0.77
Onix,https://www.phygitals.com/pokemon/95,1,Market Price$0.61,$0.61,,,,Market Price$0.61
Onix,https://www.phygitals.com/pokemon/95,1,$0.61,$0.61,,,,$0.61
Onix,https://www.phygitals.com/pokemon/95,1,Market Price$0.50,$0.50,,,,Market Price$0.50
Onix,https://www.phygitals.com/pokemon/95,1,$0.50,$0.50,,,,$0.50
Onix,https://www.phygitals.com/pokemon/95,1,Market Price$0.48,$0.48,,,,Market Price$0.48
Onix,https://www.phygitals.com/pokemon/95,1,$0.48,$0.48,,,,$0.48
Onix,https://www.phygitals.com/pokemon/95,1,Market Price$0.47,$0.47,,,,Market Price$0.47
Onix,https://www.phygitals.com/pokemon/95,1,$0.47,$0.47,,,,$0.47
Onix,https://www.phygitals.com/pokemon/95,1,Market Price$0.38,$0.38,,,,Market Price$0.38
Onix,https://www.phygitals.com/pokemon/95,1,$0.38,$0.38,,,,$0.38
Onix,https://www.phygitals.com/pokemon/95,1,Market Price$0.37,$0.37,,,,Market Price$0.37
Onix,https://www.phygitals.com/pokemon/95,1,$0.37,$0.37,,,,$0.37
Onix,https://www.phygitals.com/pokemon/95,1,Market Price$0.29,$0.29,,,,Market Price$0.29
Onix,https://www.phygitals.com/pokemon/95,1,$0.29,$0.29,,,,$0.29
Onix,https://www.phygitals.com/pokemon/95,1,Market Price$0.27,$0.27,,,,Market Price$0.27
Onix,https://www.phygitals.com/pokemon/95,1,$0.27,$0.27,,,,$0.27
Onix,https://www.phygitals.com/pokemon/95,1,Market Price$0.26,$0.26,,,,Market Price$0.26
Onix,https://www.phygitals.com/pokemon/95,1,$0.26,$0.26,,,,$0.26
Onix,https://www.phygitals.com/pokemon/95,1,Market Price$0.25,$0.25,,,,Market Price$0.25
Onix,https://www.phygitals.com/pokemon/95,1,$0.25,$0.25,,,,$0.25
Onix,https://www.phygitals.com/pokemon/95,1,Market Price$0.23,$0.23,,,,Market Price$0.23
Onix,https://www.phygitals.com/pokemon/95,1,$0.23,$0.23,,,,$0.23
Onix,https://www.phygitals.com/pokemon/95,1,Market Price$0.14,$0.14,,,,Market Price$0.14
Onix,https://www.phygitals.com/pokemon/95,1,$0.14,$0.14,,,,$0.14
Onix,https://www.phygitals.com/pokemon/95,1,Market Price$0.11,$0.11,,,,Market Price$0.11
Onix,https://www.phygitals.com/pokemon/95,1,$0.11,$0.11,,,,$0.11
Onix,https://www.phygitals.com/pokemon/95,1,Market Price$0.09,$0.09,,,,Market Price$0.09
Onix,https://www.phygitals.com/pokemon/95,1,$0.09,$0.09,,,,$0.09
Onix,https://www.phygitals.com/pokemon/95,1,Market Price$0.08,$0.08,,,,Market Price$0.08
Onix,https://www.phygitals.com/pokemon/95,1,$0.08,$0.08,,,,$0.08
Onix,https://www.phygitals.com/pokemon/95,1,Market Price$0.04,$0.04,,,,Market Price$0.04
Onix,https://www.phygitals.com/pokemon/95,1,$0.04,$0.04,,,,$0.04
Drowzee,https://www.phygitals.com/pokemon/96,1,Value,$43,,,,Value$43
Drowzee,https://www.phygitals.com/pokemon/96,1,Market Price$31.90,$31.90,,,,Market Price$31.90
Drowzee,https://www.phygitals.com/pokemon/96,1,$31.90,$31.90,,,,$31.90
Drowzee,https://www.phygitals.com/pokemon/96,1,Market Price$3.04,$3.04,,,,Market Price$3.04
Drowzee,https://www.phygitals.com/pokemon/96,1,$3.04,$3.04,,,,$3.04
Drowzee,https://www.phygitals.com/pokemon/96,1,Market Price$2.40,$2.40,,,,Market Price$2.40
Drowzee,https://www.phygitals.com/pokemon/96,1,$2.40,$2.40,,,,$2.40
Drowzee,https://www.phygitals.com/pokemon/96,1,Market Price$2.03,$2.03,,,,Market Price$2.03
Drowzee,https://www.phygitals.com/pokemon/96,1,$2.03,$2.03,,,,$2.03
Drowzee,https://www.phygitals.com/pokemon/96,1,Market Price$0.61,$0.61,,,,Market Price$0.61
Drowzee,https://www.phygitals.com/pokemon/96,1,$0.61,$0.61,,,,$0.61
Drowzee,https://www.phygitals.com/pokemon/96,1,Market Price$0.58,$0.58,,,,Market Price$0.58
Drowzee,https://www.phygitals.com/pokemon/96,1,$0.58,$0.58,,,,$0.58
Drowzee,https://www.phygitals.com/pokemon/96,1,Market Price$0.44,$0.44,,,,Market Price$0.44
Drowzee,https://www.phygitals.com/pokemon/96,1,$0.44,$0.44,,,,$0.44
Drowzee,https://www.phygitals.com/pokemon/96,1,Market Price$0.41,$0.41,,,,Market Price$0.41
Drowzee,https://www.phygitals.com/pokemon/96,1,$0.41,$0.41,,,,$0.41
Drowzee,https://www.phygitals.com/pokemon/96,1,Market Price$0.38,$0.38,,,,Market Price$0.38
Drowzee,https://www.phygitals.com/pokemon/96,1,$0.38,$0.38,,,,$0.38
Drowzee,https://www.phygitals.com/pokemon/96,1,Market Price$0.30,$0.30,,,,Market Price$0.30
Drowzee,https://www.phygitals.com/pokemon/96,1,$0.30,$0.30,,,,$0.30
Drowzee,https://www.phygitals.com/pokemon/96,1,Market Price$0.18,$0.18,,,,Market Price$0.18
Drowzee,https://www.phygitals.com/pokemon/96,1,$0.18,$0.18,,,,$0.18
Drowzee,https://www.phygitals.com/pokemon/96,1,Market Price$0.15,$0.15,,,,Market Price$0.15
Drowzee,https://www.phygitals.com/pokemon/96,1,$0.15,$0.15,,,,$0.15
Drowzee,https://www.phygitals.com/pokemon/96,1,Market Price$0.14,$0.14,,,,Market Price$0.14
Drowzee,https://www.phygitals.com/pokemon/96,1,$0.14,$0.14,,,,$0.14
Drowzee,https://www.phygitals.com/pokemon/96,1,Market Price$0.10,$0.10,,,,Market Price$0.10
Drowzee,https://www.phygitals.com/pokemon/96,1,$0.10,$0.10,,,,$0.10
Drowzee,https://www.phygitals.com/pokemon/96,1,Market Price$0.09,$0.09,,,,Market Price$0.09
Drowzee,https://www.phygitals.com/pokemon/96,1,$0.09,$0.09,,,,$0.09
Drowzee,https://www.phygitals.com/pokemon/96,1,Market Price$0.08,$0.08,,,,Market Price$0.08
Drowzee,https://www.phygitals.com/pokemon/96,1,$0.08,$0.08,,,,$0.08
Drowzee,https://www.phygitals.com/pokemon/96,1,Market Price$0.07,$0.07,,,,Market Price$0.07
Drowzee,https://www.phygitals.com/pokemon/96,1,$0.07,$0.07,,,,$0.07
Hypno,https://www.phygitals.com/pokemon/97,1,Value,$345,,,,Value$345
Hypno,https://www.phygitals.com/pokemon/97,1,Market Price$105.99,$105.99,,,,Market Price$105.99
Hypno,https://www.phygitals.com/pokemon/97,1,$105.99,$105.99,,,,$105.99
Hypno,https://www.phygitals.com/pokemon/97,1,Market Price$87.85,$87.85,,,,Market Price$87.85
Hypno,https://www.phygitals.com/pokemon/97,1,$87.85,$87.85,,,,$87.85
Hypno,https://www.phygitals.com/pokemon/97,1,Market Price$54.53,$54.53,,,,Market Price$54.53
Hypno,https://www.phygitals.com/pokemon/97,1,$54.53,$54.53,,,,$54.53
Hypno,https://www.phygitals.com/pokemon/97,1,Market Price$54.16,$54.16,,,,Market Price$54.16
Hypno,https://www.phygitals.com/pokemon/97,1,$54.16,$54.16,,,,$54.16
Hypno,https://www.phygitals.com/pokemon/97,1,Market Price$28.30,$28.30,,,,Market Price$28.30
Hypno,https://www.phygitals.com/pokemon/97,1,$28.30,$28.30,,,,$28.30
Hypno,https://www.phygitals.com/pokemon/97,1,Market Price$6.24,$6.24,,,,Market Price$6.24
Hypno,https://www.phygitals.com/pokemon/97,1,$6.24,$6.24,,,,$6.24
Hypno,https://www.phygitals.com/pokemon/97,1,Market Price$1.87,$1.87,,,,Market Price$1.87
Hypno,https://www.phygitals.com/pokemon/97,1,$1.87,$1.87,,,,$1.87
Hypno,https://www.phygitals.com/pokemon/97,1,Market Price$1.41,$1.41,,,,Market Price$1.41
Hypno,https://www.phygitals.com/pokemon/97,1,$1.41,$1.41,,,,$1.41
Hypno,https://www.phygitals.com/pokemon/97,1,Market Price$1.11,$1.11,,,,Market Price$1.11
Hypno,https://www.phygitals.com/pokemon/97,1,$1.11,$1.11,,,,$1.11
Hypno,https://www.phygitals.com/pokemon/97,1,Market Price$1.00,$1.00,,,,Market Price$1.00
Hypno,https://www.phygitals.com/pokemon/97,1,$1.00,$1.00,,,,$1.00
Hypno,https://www.phygitals.com/pokemon/97,1,Market Price$0.77,$0.77,,,,Market Price$0.77
Hypno,https://www.phygitals.com/pokemon/97,1,$0.77,$0.77,,,,$0.77
Hypno,https://www.phygitals.com/pokemon/97,1,Market Price$0.36,$0.36,,,,Market Price$0.36
Hypno,https://www.phygitals.com/pokemon/97,1,$0.36,$0.36,,,,$0.36
Hypno,https://www.phygitals.com/pokemon/97,1,Market Price$0.29,$0.29,,,,Market Price$0.29
Hypno,https://www.phygitals.com/pokemon/97,1,$0.29,$0.29,,,,$0.29
Hypno,https://www.phygitals.com/pokemon/97,1,Market Price$0.12,$0.12,,,,Market Price$0.12
Hypno,https://www.phygitals.com/pokemon/97,1,$0.12,$0.12,,,,$0.12
Hypno,https://www.phygitals.com/pokemon/97,1,Market Price$0.11,$0.11,,,,Market Price$0.11
Hypno,https://www.phygitals.com/pokemon/97,1,$0.11,$0.11,,,,$0.11
Hypno,https://www.phygitals.com/pokemon/97,1,Market Price$0.10,$0.10,,,,Market Price$0.10
Hypno,https://www.phygitals.com/pokemon/97,1,$0.10,$0.10,,,,$0.10
Hypno,https://www.phygitals.com/pokemon/97,1,Market Price$0.09,$0.09,,,,Market Price$0.09
Hypno,https://www.phygitals.com/pokemon/97,1,$0.09,$0.09,,,,$0.09
Hypno,https://www.phygitals.com/pokemon/97,1,Market Price$0.06,$0.06,,,,Market Price$0.06
Hypno,https://www.phygitals.com/pokemon/97,1,$0.06,$0.06,,,,$0.06
Krabby,https://www.phygitals.com/pokemon/98,1,Value,$3,,,,Value$3
Krabby,https://www.phygitals.com/pokemon/98,1,Market Price$1.35,$1.35,,,,Market Price$1.35
Krabby,https://www.phygitals.com/pokemon/98,1,$1.35,$1.35,,,,$1.35
Krabby,https://www.phygitals.com/pokemon/98,1,Market Price$0.59,$0.59,,,,Market Price$0.59
Krabby,https://www.phygitals.com/pokemon/98,1,$0.59,$0.59,,,,$0.59
Krabby,https://www.phygitals.com/pokemon/98,1,Market Price$0.37,$0.37,,,,Market Price$0.37
Krabby,https://www.phygitals.com/pokemon/98,1,$0.37,$0.37,,,,$0.37
Krabby,https://www.phygitals.com/pokemon/98,1,Market Price$0.28,$0.28,,,,Market Price$0.28
Krabby,https://www.phygitals.com/pokemon/98,1,$0.28,$0.28,,,,$0.28
Krabby,https://www.phygitals.com/pokemon/98,1,Market Price$0.19,$0.19,,,,Market Price$0.19
Krabby,https://www.phygitals.com/pokemon/98,1,$0.19,$0.19,,,,$0.19
Krabby,https://www.phygitals.com/pokemon/98,1,Market Price$0.15,$0.15,,,,Market Price$0.15
Krabby,https://www.phygitals.com/pokemon/98,1,$0.15,$0.15,,,,$0.15
Krabby,https://www.phygitals.com/pokemon/98,1,Market Price$0.14,$0.14,,,,Market Price$0.14
Krabby,https://www.phygitals.com/pokemon/98,1,$0.14,$0.14,,,,$0.14
Krabby,https://www.phygitals.com/pokemon/98,1,Market Price$0.09,$0.09,,,,Market Price$0.09
Krabby,https://www.phygitals.com/pokemon/98,1,$0.09,$0.09,,,,$0.09
Krabby,https://www.phygitals.com/pokemon/98,1,Market Price$0.06,$0.06,,,,Market Price$0.06
Krabby,https://www.phygitals.com/pokemon/98,1,$0.06,$0.06,,,,$0.06
