generation,name,number,image_url,type,url
1,Bulbasaur,,https://raw.githubusercontent.com/PokeAPI/sprites/master/sprites/pokemon/other/showdown/1.gif,,
1,Ivysaur,,https://raw.githubusercontent.com/PokeAPI/sprites/master/sprites/pokemon/other/showdown/2.gif,,
1,Venusaur,,https://raw.githubusercontent.com/PokeAPI/sprites/master/sprites/pokemon/other/showdown/3.gif,,
1,Charmander,,https://raw.githubusercontent.com/PokeAPI/sprites/master/sprites/pokemon/other/showdown/4.gif,,
1,Charmeleon,,https://raw.githubusercontent.com/PokeAPI/sprites/master/sprites/pokemon/other/showdown/5.gif,,
1,Charizard,,https://raw.githubusercontent.com/PokeAPI/sprites/master/sprites/pokemon/other/showdown/6.gif,,
1,Squirtle,,https://raw.githubusercontent.com/PokeAPI/sprites/master/sprites/pokemon/other/showdown/7.gif,,
1,Wartortle,,https://raw.githubusercontent.com/PokeAPI/sprites/master/sprites/pokemon/other/showdown/8.gif,,
1,Blastoise,,https://raw.githubusercontent.com/PokeAPI/sprites/master/sprites/pokemon/other/showdown/9.gif,,
1,Caterpie,,https://raw.githubusercontent.com/PokeAPI/sprites/master/sprites/pokemon/other/showdown/10.gif,,
1,Metapod,,https://raw.githubusercontent.com/PokeAPI/sprites/master/sprites/pokemon/other/showdown/11.gif,,
1,Butterfree,,https://raw.githubusercontent.com/PokeAPI/sprites/master/sprites/pokemon/other/showdown/12.gif,,
1,Weedle,,https://raw.githubusercontent.com/PokeAPI/sprites/master/sprites/pokemon/other/showdown/13.gif,,
1,Kakuna,,https://raw.githubusercontent.com/PokeAPI/sprites/master/sprites/pokemon/other/showdown/14.gif,,
1,Beedrill,,https://raw.githubusercontent.com/PokeAPI/sprites/master/sprites/pokemon/other/showdown/15.gif,,
1,Pidgey,,https://raw.githubusercontent.com/PokeAPI/sprites/master/sprites/pokemon/other/showdown/16.gif,,
1,Pidgeotto,,https://raw.githubusercontent.com/PokeAPI/sprites/master/sprites/pokemon/other/showdown/17.gif,,
1,Pidgeot,,https://raw.githubusercontent.com/PokeAPI/sprites/master/sprites/pokemon/other/showdown/18.gif,,
1,Rattata,,https://raw.githubusercontent.com/PokeAPI/sprites/master/sprites/pokemon/other/showdown/19.gif,,
1,Raticate,,https://raw.githubusercontent.com/PokeAPI/sprites/master/sprites/pokemon/other/showdown/20.gif,,
1,Spearow,,https://raw.githubusercontent.com/PokeAPI/sprites/master/sprites/pokemon/other/showdown/21.gif,,
1,Fearow,,https://raw.githubusercontent.com/PokeAPI/sprites/master/sprites/pokemon/other/showdown/22.gif,,
1,Ekans,,https://raw.githubusercontent.com/PokeAPI/sprites/master/sprites/pokemon/other/showdown/23.gif,,
1,Arbok,,https://raw.githubusercontent.com/PokeAPI/sprites/master/sprites/pokemon/other/showdown/24.gif,,
1,Pikachu,,https://raw.githubusercontent.com/PokeAPI/sprites/master/sprites/pokemon/other/showdown/25.gif,,
1,Raichu,,https://raw.githubusercontent.com/PokeAPI/sprites/master/sprites/pokemon/other/showdown/26.gif,,
1,Sandshrew,,https://raw.githubusercontent.com/PokeAPI/sprites/master/sprites/pokemon/other/showdown/27.gif,,
1,Sandslash,,https://raw.githubusercontent.com/PokeAPI/sprites/master/sprites/pokemon/other/showdown/28.gif,,
1,Nidoran-f,,https://raw.githubusercontent.com/PokeAPI/sprites/master/sprites/pokemon/other/showdown/29.gif,,
1,Nidorina,,https://raw.githubusercontent.com/PokeAPI/sprites/master/sprites/pokemon/other/showdown/30.gif,,
1,Nidoqueen,,https://raw.githubusercontent.com/PokeAPI/sprites/master/sprites/pokemon/other/showdown/31.gif,,
1,Nidoran-m,,https://raw.githubusercontent.com/PokeAPI/sprites/master/sprites/pokemon/other/showdown/32.gif,,
1,Nidorino,,https://raw.githubusercontent.com/PokeAPI/sprites/master/sprites/pokemon/other/showdown/33.gif,,
1,Nidoking,,https://raw.githubusercontent.com/PokeAPI/sprites/master/sprites/pokemon/other/showdown/34.gif,,
1,Clefairy,,https://raw.githubusercontent.com/PokeAPI/sprites/master/sprites/pokemon/other/showdown/35.gif,,
1,Clefable,,https://raw.githubusercontent.com/PokeAPI/sprites/master/sprites/pokemon/other/showdown/36.gif,,
1,Vulpix,,https://raw.githubusercontent.com/PokeAPI/sprites/master/sprites/pokemon/other/showdown/37.gif,,
1,Ninetales,,https://raw.githubusercontent.com/PokeAPI/sprites/master/sprites/pokemon/other/showdown/38.gif,,
1,Jigglypuff,,https://raw.githubusercontent.com/PokeAPI/sprites/master/sprites/pokemon/other/showdown/39.gif,,
1,Wigglytuff,,https://raw.githubusercontent.com/PokeAPI/sprites/master/sprites/pokemon/other/showdown/40.gif,,
1,Zubat,,https://raw.githubusercontent.com/PokeAPI/sprites/master/sprites/pokemon/other/showdown/41.gif,,
1,Golbat,,https://raw.githubusercontent.com/PokeAPI/sprites/master/sprites/pokemon/other/showdown/42.gif,,
1,Oddish,,https://raw.githubusercontent.com/PokeAPI/sprites/master/sprites/pokemon/other/showdown/43.gif,,
1,Gloom,,https://raw.githubusercontent.com/PokeAPI/sprites/master/sprites/pokemon/other/showdown/44.gif,,
1,Vileplume,,https://raw.githubusercontent.com/PokeAPI/sprites/master/sprites/pokemon/other/showdown/45.gif,,
1,Paras,,https://raw.githubusercontent.com/PokeAPI/sprites/master/sprites/pokemon/other/showdown/46.gif,,
1,Parasect,,https://raw.githubusercontent.com/PokeAPI/sprites/master/sprites/pokemon/other/showdown/47.gif,,
1,Venonat,,https://raw.githubusercontent.com/PokeAPI/sprites/master/sprites/pokemon/other/showdown/48.gif,,
1,Venomoth,,https://raw.githubusercontent.com/PokeAPI/sprites/master/sprites/pokemon/other/showdown/49.gif,,
1,Diglett,,https://raw.githubusercontent.com/PokeAPI/sprites/master/sprites/pokemon/other/showdown/50.gif,,
1,Dugtrio,,https://raw.githubusercontent.com/PokeAPI/sprites/master/sprites/pokemon/other/showdown/51.gif,,
1,Meowth,,https://raw.githubusercontent.com/PokeAPI/sprites/master/sprites/pokemon/other/showdown/52.gif,,
1,Persian,,https://raw.githubusercontent.com/PokeAPI/sprites/master/sprites/pokemon/other/showdown/53.gif,,
1,Psyduck,,https://raw.githubusercontent.com/PokeAPI/sprites/master/sprites/pokemon/other/showdown/54.gif,,
1,Golduck,,https://raw.githubusercontent.com/PokeAPI/sprites/master/sprites/pokemon/other/showdown/55.gif,,
1,Mankey,,https://raw.githubusercontent.com/PokeAPI/sprites/master/sprites/pokemon/other/showdown/56.gif,,
1,Primeape,,https://raw.githubusercontent.com/PokeAPI/sprites/master/sprites/pokemon/other/showdown/57.gif,,
1,Growlithe,,https://raw.githubusercontent.com/PokeAPI/sprites/master/sprites/pokemon/other/showdown/58.gif,,
1,Arcanine,,https://raw.githubusercontent.com/PokeAPI/sprites/master/sprites/pokemon/other/showdown/59.gif,,
1,Poliwag,,https://raw.githubusercontent.com/PokeAPI/sprites/master/sprites/pokemon/other/showdown/60.gif,,
1,Poliwhirl,,https://raw.githubusercontent.com/PokeAPI/sprites/master/sprites/pokemon/other/showdown/61.gif,,
1,Poliwrath,,https://raw.githubusercontent.com/PokeAPI/sprites/master/sprites/pokemon/other/showdown/62.gif,,
1,Abra,,https://raw.githubusercontent.com/PokeAPI/sprites/master/sprites/pokemon/other/showdown/63.gif,,
1,Kadabra,,https://raw.githubusercontent.com/PokeAPI/sprites/master/sprites/pokemon/other/showdown/64.gif,,
1,Alakazam,,https://raw.githubusercontent.com/PokeAPI/sprites/master/sprites/pokemon/other/showdown/65.gif,,
1,Machop,,https://raw.githubusercontent.com/PokeAPI/sprites/master/sprites/pokemon/other/showdown/66.gif,,
1,Machoke,,https://raw.githubusercontent.com/PokeAPI/sprites/master/sprites/pokemon/other/showdown/67.gif,,
1,Machamp,,https://raw.githubusercontent.com/PokeAPI/sprites/master/sprites/pokemon/other/showdown/68.gif,,
1,Bellsprout,,https://raw.githubusercontent.com/PokeAPI/sprites/master/sprites/pokemon/other/showdown/69.gif,,
1,Weepinbell,,https://raw.githubusercontent.com/PokeAPI/sprites/master/sprites/pokemon/other/showdown/70.gif,,
1,Victreebel,,https://raw.githubusercontent.com/PokeAPI/sprites/master/sprites/pokemon/other/showdown/71.gif,,
1,Tentacool,,https://raw.githubusercontent.com/PokeAPI/sprites/master/sprites/pokemon/other/showdown/72.gif,,
1,Tentacruel,,https://raw.githubusercontent.com/PokeAPI/sprites/master/sprites/pokemon/other/showdown/73.gif,,
1,Geodude,,https://raw.githubusercontent.com/PokeAPI/sprites/master/sprites/pokemon/other/showdown/74.gif,,
1,Graveler,,https://raw.githubusercontent.com/PokeAPI/sprites/master/sprites/pokemon/other/showdown/75.gif,,
1,Golem,,https://raw.githubusercontent.com/PokeAPI/sprites/master/sprites/pokemon/other/showdown/76.gif,,
1,Ponyta,,https://raw.githubusercontent.com/PokeAPI/sprites/master/sprites/pokemon/other/showdown/77.gif,,
1,Rapidash,,https://raw.githubusercontent.com/PokeAPI/sprites/master/sprites/pokemon/other/showdown/78.gif,,
1,Slowpoke,,https://raw.githubusercontent.com/PokeAPI/sprites/master/sprites/pokemon/other/showdown/79.gif,,
1,Slowbro,,https://raw.githubusercontent.com/PokeAPI/sprites/master/sprites/pokemon/other/showdown/80.gif,,
1,Magnemite,,https://raw.githubusercontent.com/PokeAPI/sprites/master/sprites/pokemon/other/showdown/81.gif,,
1,Magneton,,https://raw.githubusercontent.com/PokeAPI/sprites/master/sprites/pokemon/other/showdown/82.gif,,
1,Farfetchd,,https://raw.githubusercontent.com/PokeAPI/sprites/master/sprites/pokemon/other/showdown/83.gif,,
1,Doduo,,https://raw.githubusercontent.com/PokeAPI/sprites/master/sprites/pokemon/other/showdown/84.gif,,
1,Dodrio,,https://raw.githubusercontent.com/PokeAPI/sprites/master/sprites/pokemon/other/showdown/85.gif,,
1,Seel,,https://raw.githubusercontent.com/PokeAPI/sprites/master/sprites/pokemon/other/showdown/86.gif,,
1,Dewgong,,https://raw.githubusercontent.com/PokeAPI/sprites/master/sprites/pokemon/other/showdown/87.gif,,
1,Grimer,,https://raw.githubusercontent.com/PokeAPI/sprites/master/sprites/pokemon/other/showdown/88.gif,,
1,Muk,,https://raw.githubusercontent.com/PokeAPI/sprites/master/sprites/pokemon/other/showdown/89.gif,,
1,Shellder,,https://raw.githubusercontent.com/PokeAPI/sprites/master/sprites/pokemon/other/showdown/90.gif,,
1,Cloyster,,https://raw.githubusercontent.com/PokeAPI/sprites/master/sprites/pokemon/other/showdown/91.gif,,
1,Gastly,,https://raw.githubusercontent.com/PokeAPI/sprites/master/sprites/pokemon/other/showdown/92.gif,,
1,Haunter,,https://raw.githubusercontent.com/PokeAPI/sprites/master/sprites/pokemon/other/showdown/93.gif,,
1,Gengar,,https://raw.githubusercontent.com/PokeAPI/sprites/master/sprites/pokemon/other/showdown/94.gif,,
1,Onix,,https://raw.githubusercontent.com/PokeAPI/sprites/master/sprites/pokemon/other/showdown/95.gif,,
1,Drowzee,,https://raw.githubusercontent.com/PokeAPI/sprites/master/sprites/pokemon/other/showdown/96.gif,,
1,Hypno,,https://raw.githubusercontent.com/PokeAPI/sprites/master/sprites/pokemon/other/showdown/97.gif,,
1,Krabby,,https://raw.githubusercontent.com/PokeAPI/sprites/master/sprites/pokemon/other/showdown/98.gif,,
1,Kingler,,https://raw.githubusercontent.com/PokeAPI/sprites/master/sprites/pokemon/other/showdown/99.gif,,
1,Voltorb,,https://raw.githubusercontent.com/PokeAPI/sprites/master/sprites/pokemon/other/showdown/100.gif,,
1,Electrode,,https://raw.githubusercontent.com/PokeAPI/sprites/master/sprites/pokemon/other/showdown/101.gif,,
1,Exeggcute,,https://raw.githubusercontent.com/PokeAPI/sprites/master/sprites/pokemon/other/showdown/102.gif,,
1,Exeggutor,,https://raw.githubusercontent.com/PokeAPI/sprites/master/sprites/pokemon/other/showdown/103.gif,,
1,Cubone,,https://raw.githubusercontent.com/PokeAPI/sprites/master/sprites/pokemon/other/showdown/104.gif,,
1,Marowak,,https://raw.githubusercontent.com/PokeAPI/sprites/master/sprites/pokemon/other/showdown/105.gif,,
1,Hitmonlee,,https://raw.githubusercontent.com/PokeAPI/sprites/master/sprites/pokemon/other/showdown/106.gif,,
1,Hitmonchan,,https://raw.githubusercontent.com/PokeAPI/sprites/master/sprites/pokemon/other/showdown/107.gif,,
1,Lickitung,,https://raw.githubusercontent.com/PokeAPI/sprites/master/sprites/pokemon/other/showdown/108.gif,,
1,Koffing,,https://raw.githubusercontent.com/PokeAPI/sprites/master/sprites/pokemon/other/showdown/109.gif,,
1,Weezing,,https://raw.githubusercontent.com/PokeAPI/sprites/master/sprites/pokemon/other/showdown/110.gif,,
1,Rhyhorn,,https://raw.githubusercontent.com/PokeAPI/sprites/master/sprites/pokemon/other/showdown/111.gif,,
1,Rhydon,,https://raw.githubusercontent.com/PokeAPI/sprites/master/sprites/pokemon/other/showdown/112.gif,,
1,Chansey,,https://raw.githubusercontent.com/PokeAPI/sprites/master/sprites/pokemon/other/showdown/113.gif,,
1,Tangela,,https://raw.githubusercontent.com/PokeAPI/sprites/master/sprites/pokemon/other/showdown/114.gif,,
1,Kangaskhan,,https://raw.githubusercontent.com/PokeAPI/sprites/master/sprites/pokemon/other/showdown/115.gif,,
1,Horsea,,https://raw.githubusercontent.com/PokeAPI/sprites/master/sprites/pokemon/other/showdown/116.gif,,
1,Seadra,,https://raw.githubusercontent.com/PokeAPI/sprites/master/sprites/pokemon/other/showdown/117.gif,,
1,Goldeen,,https://raw.githubusercontent.com/PokeAPI/sprites/master/sprites/pokemon/other/showdown/118.gif,,
1,Seaking,,https://raw.githubusercontent.com/PokeAPI/sprites/master/sprites/pokemon/other/showdown/119.gif,,
1,Staryu,,https://raw.githubusercontent.com/PokeAPI/sprites/master/sprites/pokemon/other/showdown/120.gif,,
1,Starmie,,https://raw.githubusercontent.com/PokeAPI/sprites/master/sprites/pokemon/other/showdown/121.gif,,
1,Mr-mime,,https://raw.githubusercontent.com/PokeAPI/sprites/master/sprites/pokemon/other/showdown/122.gif,,
1,Scyther,,https://raw.githubusercontent.com/PokeAPI/sprites/master/sprites/pokemon/other/showdown/123.gif,,
1,Jynx,,https://raw.githubusercontent.com/PokeAPI/sprites/master/sprites/pokemon/other/showdown/124.gif,,
1,Electabuzz,,https://raw.githubusercontent.com/PokeAPI/sprites/master/sprites/pokemon/other/showdown/125.gif,,
1,Magmar,,https://raw.githubusercontent.com/PokeAPI/sprites/master/sprites/pokemon/other/showdown/126.gif,,
1,Pinsir,,https://raw.githubusercontent.com/PokeAPI/sprites/master/sprites/pokemon/other/showdown/127.gif,,
1,Tauros,,https://raw.githubusercontent.com/PokeAPI/sprites/master/sprites/pokemon/other/showdown/128.gif,,
1,Magikarp,,https://raw.githubusercontent.com/PokeAPI/sprites/master/sprites/pokemon/other/showdown/129.gif,,
1,Gyarados,,https://raw.githubusercontent.com/PokeAPI/sprites/master/sprites/pokemon/other/showdown/130.gif,,
1,Lapras,,https://raw.githubusercontent.com/PokeAPI/sprites/master/sprites/pokemon/other/showdown/131.gif,,
1,Ditto,,https://raw.githubusercontent.com/PokeAPI/sprites/master/sprites/pokemon/other/showdown/132.gif,,
1,Eevee,,https://raw.githubusercontent.com/PokeAPI/sprites/master/sprites/pokemon/other/showdown/133.gif,,
1,Vaporeon,,https://raw.githubusercontent.com/PokeAPI/sprites/master/sprites/pokemon/other/showdown/134.gif,,
1,Jolteon,,https://raw.githubusercontent.com/PokeAPI/sprites/master/sprites/pokemon/other/showdown/135.gif,,
1,Flareon,,https://raw.githubusercontent.com/PokeAPI/sprites/master/sprites/pokemon/other/showdown/136.gif,,
1,Porygon,,https://raw.githubusercontent.com/PokeAPI/sprites/master/sprites/pokemon/other/showdown/137.gif,,
1,Omanyte,,https://raw.githubusercontent.com/PokeAPI/sprites/master/sprites/pokemon/other/showdown/138.gif,,
1,Omastar,,https://raw.githubusercontent.com/PokeAPI/sprites/master/sprites/pokemon/other/showdown/139.gif,,
1,Kabuto,,https://raw.githubusercontent.com/PokeAPI/sprites/master/sprites/pokemon/other/showdown/140.gif,,
1,Kabutops,,https://raw.githubusercontent.com/PokeAPI/sprites/master/sprites/pokemon/other/showdown/141.gif,,
1,Aerodactyl,,https://raw.githubusercontent.com/PokeAPI/sprites/master/sprites/pokemon/other/showdown/142.gif,,
1,Snorlax,,https://raw.githubusercontent.com/PokeAPI/sprites/master/sprites/pokemon/other/showdown/143.gif,,
1,Articuno,,https://raw.githubusercontent.com/PokeAPI/sprites/master/sprites/pokemon/other/showdown/144.gif,,
1,Zapdos,,https://raw.githubusercontent.com/PokeAPI/sprites/master/sprites/pokemon/other/showdown/145.gif,,
1,Moltres,,https://raw.githubusercontent.com/PokeAPI/sprites/master/sprites/pokemon/other/showdown/146.gif,,
1,Dratini,,https://raw.githubusercontent.com/PokeAPI/sprites/master/sprites/pokemon/other/showdown/147.gif,,
1,Dragonair,,https://raw.githubusercontent.com/PokeAPI/sprites/master/sprites/pokemon/other/showdown/148.gif,,
1,Dragonite,,https://raw.githubusercontent.com/PokeAPI/sprites/master/sprites/pokemon/other/showdown/149.gif,,
1,Mewtwo,,https://raw.githubusercontent.com/PokeAPI/sprites/master/sprites/pokemon/other/showdown/150.gif,,
1,Mew,,https://raw.githubusercontent.com/PokeAPI/sprites/master/sprites/pokemon/other/showdown/151.gif,,
2,Chikorita,,https://raw.githubusercontent.com/PokeAPI/sprites/master/sprites/pokemon/other/showdown/152.gif,,
2,Bayleef,,https://raw.githubusercontent.com/PokeAPI/sprites/master/sprites/pokemon/other/showdown/153.gif,,
2,Meganium,,https://raw.githubusercontent.com/PokeAPI/sprites/master/sprites/pokemon/other/showdown/154.gif,,
2,Cyndaquil,,https://raw.githubusercontent.com/PokeAPI/sprites/master/sprites/pokemon/other/showdown/155.gif,,
2,Quilava,,https://raw.githubusercontent.com/PokeAPI/sprites/master/sprites/pokemon/other/showdown/156.gif,,
2,Typhlosion,,https://raw.githubusercontent.com/PokeAPI/sprites/master/sprites/pokemon/other/showdown/157.gif,,
2,Totodile,,https://raw.githubusercontent.com/PokeAPI/sprites/master/sprites/pokemon/other/showdown/158.gif,,
2,Croconaw,,https://raw.githubusercontent.com/PokeAPI/sprites/master/sprites/pokemon/other/showdown/159.gif,,
2,Feraligatr,,https://raw.githubusercontent.com/PokeAPI/sprites/master/sprites/pokemon/other/showdown/160.gif,,
2,Sentret,,https://raw.githubusercontent.com/PokeAPI/sprites/master/sprites/pokemon/other/showdown/161.gif,,
2,Furret,,https://raw.githubusercontent.com/PokeAPI/sprites/master/sprites/pokemon/other/showdown/162.gif,,
2,Hoothoot,,https://raw.githubusercontent.com/PokeAPI/sprites/master/sprites/pokemon/other/showdown/163.gif,,
2,Noctowl,,https://raw.githubusercontent.com/PokeAPI/sprites/master/sprites/pokemon/other/showdown/164.gif,,
2,Ledyba,,https://raw.githubusercontent.com/PokeAPI/sprites/master/sprites/pokemon/other/showdown/165.gif,,
2,Ledian,,https://raw.githubusercontent.com/PokeAPI/sprites/master/sprites/pokemon/other/showdown/166.gif,,
2,Spinarak,,https://raw.githubusercontent.com/PokeAPI/sprites/master/sprites/pokemon/other/showdown/167.gif,,
2,Ariados,,https://raw.githubusercontent.com/PokeAPI/sprites/master/sprites/pokemon/other/showdown/168.gif,,
2,Crobat,,https://raw.githubusercontent.com/PokeAPI/sprites/master/sprites/pokemon/other/showdown/169.gif,,
2,Chinchou,,https://raw.githubusercontent.com/PokeAPI/sprites/master/sprites/pokemon/other/showdown/170.gif,,
2,Lanturn,,https://raw.githubusercontent.com/PokeAPI/sprites/master/sprites/pokemon/other/showdown/171.gif,,
2,Pichu,,https://raw.githubusercontent.com/PokeAPI/sprites/master/sprites/pokemon/other/showdown/172.gif,,
2,Cleffa,,https://raw.githubusercontent.com/PokeAPI/sprites/master/sprites/pokemon/other/showdown/173.gif,,
2,Igglybuff,,https://raw.githubusercontent.com/PokeAPI/sprites/master/sprites/pokemon/other/showdown/174.gif,,
2,Togepi,,https://raw.githubusercontent.com/PokeAPI/sprites/master/sprites/pokemon/other/showdown/175.gif,,
2,Togetic,,https://raw.githubusercontent.com/PokeAPI/sprites/master/sprites/pokemon/other/showdown/176.gif,,
2,Natu,,https://raw.githubusercontent.com/PokeAPI/sprites/master/sprites/pokemon/other/showdown/177.gif,,
2,Xatu,,https://raw.githubusercontent.com/PokeAPI/sprites/master/sprites/pokemon/other/showdown/178.gif,,
2,Mareep,,https://raw.githubusercontent.com/PokeAPI/sprites/master/sprites/pokemon/other/showdown/179.gif,,
2,Flaaffy,,https://raw.githubusercontent.com/PokeAPI/sprites/master/sprites/pokemon/other/showdown/180.gif,,
2,Ampharos,,https://raw.githubusercontent.com/PokeAPI/sprites/master/sprites/pokemon/other/showdown/181.gif,,
2,Bellossom,,https://raw.githubusercontent.com/PokeAPI/sprites/master/sprites/pokemon/other/showdown/182.gif,,
2,Marill,,https://raw.githubusercontent.com/PokeAPI/sprites/master/sprites/pokemon/other/showdown/183.gif,,
2,Azumarill,,https://raw.githubusercontent.com/PokeAPI/sprites/master/sprites/pokemon/other/showdown/184.gif,,
2,Sudowoodo,,https://raw.githubusercontent.com/PokeAPI/sprites/master/sprites/pokemon/other/showdown/185.gif,,
2,Politoed,,https://raw.githubusercontent.com/PokeAPI/sprites/master/sprites/pokemon/other/showdown/186.gif,,
2,Hoppip,,https://raw.githubusercontent.com/PokeAPI/sprites/master/sprites/pokemon/other/showdown/187.gif,,
2,Skiploom,,https://raw.githubusercontent.com/PokeAPI/sprites/master/sprites/pokemon/other/showdown/188.gif,,
2,Jumpluff,,https://raw.githubusercontent.com/PokeAPI/sprites/master/sprites/pokemon/other/showdown/189.gif,,
2,Aipom,,https://raw.githubusercontent.com/PokeAPI/sprites/master/sprites/pokemon/other/showdown/190.gif,,
2,Sunkern,,https://raw.githubusercontent.com/PokeAPI/sprites/master/sprites/pokemon/other/showdown/191.gif,,
2,Sunflora,,https://raw.githubusercontent.com/PokeAPI/sprites/master/sprites/pokemon/other/showdown/192.gif,,
2,Yanma,,https://raw.githubusercontent.com/PokeAPI/sprites/master/sprites/pokemon/other/showdown/193.gif,,
2,Wooper,,https://raw.githubusercontent.com/PokeAPI/sprites/master/sprites/pokemon/other/showdown/194.gif,,
2,Quagsire,,https://raw.githubusercontent.com/PokeAPI/sprites/master/sprites/pokemon/other/showdown/195.gif,,
2,Espeon,,https://raw.githubusercontent.com/PokeAPI/sprites/master/sprites/pokemon/other/showdown/196.gif,,
2,Umbreon,,https://raw.githubusercontent.com/PokeAPI/sprites/master/sprites/pokemon/other/showdown/197.gif,,
2,Murkrow,,https://raw.githubusercontent.com/PokeAPI/sprites/master/sprites/pokemon/other/showdown/198.gif,,
2,Slowking,,https://raw.githubusercontent.com/PokeAPI/sprites/master/sprites/pokemon/other/showdown/199.gif,,
2,Misdreavus,,https://raw.githubusercontent.com/PokeAPI/sprites/master/sprites/pokemon/other/showdown/200.gif,,
2,Unown,,https://raw.githubusercontent.com/PokeAPI/sprites/master/sprites/pokemon/other/showdown/201.gif,,
2,Wobbuffet,,https://raw.githubusercontent.com/PokeAPI/sprites/master/sprites/pokemon/other/showdown/202.gif,,
2,Girafarig,,https://raw.githubusercontent.com/PokeAPI/sprites/master/sprites/pokemon/other/showdown/203.gif,,
2,Pineco,,https://raw.githubusercontent.com/PokeAPI/sprites/master/sprites/pokemon/other/showdown/204.gif,,
2,Forretress,,https://raw.githubusercontent.com/PokeAPI/sprites/master/sprites/pokemon/other/showdown/205.gif,,
2,Dunsparce,,https://raw.githubusercontent.com/PokeAPI/sprites/master/sprites/pokemon/other/showdown/206.gif,,
2,Gligar,,https://raw.githubusercontent.com/PokeAPI/sprites/master/sprites/pokemon/other/showdown/207.gif,,
2,Steelix,,https://raw.githubusercontent.com/PokeAPI/sprites/master/sprites/pokemon/other/showdown/208.gif,,
2,Snubbull,,https://raw.githubusercontent.com/PokeAPI/sprites/master/sprites/pokemon/other/showdown/209.gif,,
2,Granbull,,https://raw.githubusercontent.com/PokeAPI/sprites/master/sprites/pokemon/other/showdown/210.gif,,
2,Qwilfish,,https://raw.githubusercontent.com/PokeAPI/sprites/master/sprites/pokemon/other/showdown/211.gif,,
2,Scizor,,https://raw.githubusercontent.com/PokeAPI/sprites/master/sprites/pokemon/other/showdown/212.gif,,
2,Shuckle,,https://raw.githubusercontent.com/PokeAPI/sprites/master/sprites/pokemon/other/showdown/213.gif,,
2,Heracross,,https://raw.githubusercontent.com/PokeAPI/sprites/master/sprites/pokemon/other/showdown/214.gif,,
2,Sneasel,,https://raw.githubusercontent.com/PokeAPI/sprites/master/sprites/pokemon/other/showdown/215.gif,,
2,Teddiursa,,https://raw.githubusercontent.com/PokeAPI/sprites/master/sprites/pokemon/other/showdown/216.gif,,
2,Ursaring,,https://raw.githubusercontent.com/PokeAPI/sprites/master/sprites/pokemon/other/showdown/217.gif,,
2,Slugma,,https://raw.githubusercontent.com/PokeAPI/sprites/master/sprites/pokemon/other/showdown/218.gif,,
2,Magcargo,,https://raw.githubusercontent.com/PokeAPI/sprites/master/sprites/pokemon/other/showdown/219.gif,,
2,Swinub,,https://raw.githubusercontent.com/PokeAPI/sprites/master/sprites/pokemon/other/showdown/220.gif,,
2,Piloswine,,https://raw.githubusercontent.com/PokeAPI/sprites/master/sprites/pokemon/other/showdown/221.gif,,
2,Corsola,,https://raw.githubusercontent.com/PokeAPI/sprites/master/sprites/pokemon/other/showdown/222.gif,,
2,Remoraid,,https://raw.githubusercontent.com/PokeAPI/sprites/master/sprites/pokemon/other/showdown/223.gif,,
2,Octillery,,https://raw.githubusercontent.com/PokeAPI/sprites/master/sprites/pokemon/other/showdown/224.gif,,
2,Delibird,,https://raw.githubusercontent.com/PokeAPI/sprites/master/sprites/pokemon/other/showdown/225.gif,,
2,Mantine,,https://raw.githubusercontent.com/PokeAPI/sprites/master/sprites/pokemon/other/showdown/226.gif,,
2,Skarmory,,https://raw.githubusercontent.com/PokeAPI/sprites/master/sprites/pokemon/other/showdown/227.gif,,
2,Houndour,,https://raw.githubusercontent.com/PokeAPI/sprites/master/sprites/pokemon/other/showdown/228.gif,,
2,Houndoom,,https://raw.githubusercontent.com/PokeAPI/sprites/master/sprites/pokemon/other/showdown/229.gif,,
2,Kingdra,,https://raw.githubusercontent.com/PokeAPI/sprites/master/sprites/pokemon/other/showdown/230.gif,,
2,Phanpy,,https://raw.githubusercontent.com/PokeAPI/sprites/master/sprites/pokemon/other/showdown/231.gif,,
2,Donphan,,https://raw.githubusercontent.com/PokeAPI/sprites/master/sprites/pokemon/other/showdown/232.gif,,
2,Porygon2,,https://raw.githubusercontent.com/PokeAPI/sprites/master/sprites/pokemon/other/showdown/233.gif,,
2,Stantler,,https://raw.githubusercontent.com/PokeAPI/sprites/master/sprites/pokemon/other/showdown/234.gif,,
2,Smeargle,,https://raw.githubusercontent.com/PokeAPI/sprites/master/sprites/pokemon/other/showdown/235.gif,,
2,Tyrogue,,https://raw.githubusercontent.com/PokeAPI/sprites/master/sprites/pokemon/other/showdown/236.gif,,
2,Hitmontop,,https://raw.githubusercontent.com/PokeAPI/sprites/master/sprites/pokemon/other/showdown/237.gif,,
2,Smoochum,,https://raw.githubusercontent.com/PokeAPI/sprites/master/sprites/pokemon/other/showdown/238.gif,,
2,Elekid,,https://raw.githubusercontent.com/PokeAPI/sprites/master/sprites/pokemon/other/showdown/239.gif,,
2,Magby,,https://raw.githubusercontent.com/PokeAPI/sprites/master/sprites/pokemon/other/showdown/240.gif,,
2,Miltank,,https://raw.githubusercontent.com/PokeAPI/sprites/master/sprites/pokemon/other/showdown/241.gif,,
2,Blissey,,https://raw.githubusercontent.com/PokeAPI/sprites/master/sprites/pokemon/other/showdown/242.gif,,
2,Raikou,,https://raw.githubusercontent.com/PokeAPI/sprites/master/sprites/pokemon/other/showdown/243.gif,,
2,Entei,,https://raw.githubusercontent.com/PokeAPI/sprites/master/sprites/pokemon/other/showdown/244.gif,,
2,Suicune,,https://raw.githubusercontent.com/PokeAPI/sprites/master/sprites/pokemon/other/showdown/245.gif,,
2,Larvitar,,https://raw.githubusercontent.com/PokeAPI/sprites/master/sprites/pokemon/other/showdown/246.gif,,
2,Pupitar,,https://raw.githubusercontent.com/PokeAPI/sprites/master/sprites/pokemon/other/showdown/247.gif,,
2,Tyranitar,,https://raw.githubusercontent.com/PokeAPI/sprites/master/sprites/pokemon/other/showdown/248.gif,,
2,Lugia,,https://raw.githubusercontent.com/PokeAPI/sprites/master/sprites/pokemon/other/showdown/249.gif,,
2,Ho-oh,,https://raw.githubusercontent.com/PokeAPI/sprites/master/sprites/pokemon/other/showdown/250.gif,,
2,Celebi,,https://raw.githubusercontent.com/PokeAPI/sprites/master/sprites/pokemon/other/showdown/251.gif,,
3,Treecko,,https://raw.githubusercontent.com/PokeAPI/sprites/master/sprites/pokemon/other/showdown/252.gif,,
3,Grovyle,,https://raw.githubusercontent.com/PokeAPI/sprites/master/sprites/pokemon/other/showdown/253.gif,,
3,Sceptile,,https://raw.githubusercontent.com/PokeAPI/sprites/master/sprites/pokemon/other/showdown/254.gif,,
3,Torchic,,https://raw.githubusercontent.com/PokeAPI/sprites/master/sprites/pokemon/other/showdown/255.gif,,
3,Combusken,,https://raw.githubusercontent.com/PokeAPI/sprites/master/sprites/pokemon/other/showdown/256.gif,,
3,Blaziken,,https://raw.githubusercontent.com/PokeAPI/sprites/master/sprites/pokemon/other/showdown/257.gif,,
3,Mudkip,,https://raw.githubusercontent.com/PokeAPI/sprites/master/sprites/pokemon/other/showdown/258.gif,,
3,Marshtomp,,https://raw.githubusercontent.com/PokeAPI/sprites/master/sprites/pokemon/other/showdown/259.gif,,
3,Swampert,,https://raw.githubusercontent.com/PokeAPI/sprites/master/sprites/pokemon/other/showdown/260.gif,,
3,Poochyena,,https://raw.githubusercontent.com/PokeAPI/sprites/master/sprites/pokemon/other/showdown/261.gif,,
3,Mightyena,,https://raw.githubusercontent.com/PokeAPI/sprites/master/sprites/pokemon/other/showdown/262.gif,,
3,Zigzagoon,,https://raw.githubusercontent.com/PokeAPI/sprites/master/sprites/pokemon/other/showdown/263.gif,,
3,Linoone,,https://raw.githubusercontent.com/PokeAPI/sprites/master/sprites/pokemon/other/showdown/264.gif,,
3,Wurmple,,https://raw.githubusercontent.com/PokeAPI/sprites/master/sprites/pokemon/other/showdown/265.gif,,
3,Silcoon,,https://raw.githubusercontent.com/PokeAPI/sprites/master/sprites/pokemon/other/showdown/266.gif,,
3,Beautifly,,https://raw.githubusercontent.com/PokeAPI/sprites/master/sprites/pokemon/other/showdown/267.gif,,
3,Cascoon,,https://raw.githubusercontent.com/PokeAPI/sprites/master/sprites/pokemon/other/showdown/268.gif,,
3,Dustox,,https://raw.githubusercontent.com/PokeAPI/sprites/master/sprites/pokemon/other/showdown/269.gif,,
3,Lotad,,https://raw.githubusercontent.com/PokeAPI/sprites/master/sprites/pokemon/other/showdown/270.gif,,
3,Lombre,,https://raw.githubusercontent.com/PokeAPI/sprites/master/sprites/pokemon/other/showdown/271.gif,,
3,Ludicolo,,https://raw.githubusercontent.com/PokeAPI/sprites/master/sprites/pokemon/other/showdown/272.gif,,
3,Seedot,,https://raw.githubusercontent.com/PokeAPI/sprites/master/sprites/pokemon/other/showdown/273.gif,,
3,Nuzleaf,,https://raw.githubusercontent.com/PokeAPI/sprites/master/sprites/pokemon/other/showdown/274.gif,,
3,Shiftry,,https://raw.githubusercontent.com/PokeAPI/sprites/master/sprites/pokemon/other/showdown/275.gif,,
3,Taillow,,https://raw.githubusercontent.com/PokeAPI/sprites/master/sprites/pokemon/other/showdown/276.gif,,
3,Swellow,,https://raw.githubusercontent.com/PokeAPI/sprites/master/sprites/pokemon/other/showdown/277.gif,,
3,Wingull,,https://raw.githubusercontent.com/PokeAPI/sprites/master/sprites/pokemon/other/showdown/278.gif,,
3,Pelipper,,https://raw.githubusercontent.com/PokeAPI/sprites/master/sprites/pokemon/other/showdown/279.gif,,
3,Ralts,,https://raw.githubusercontent.com/PokeAPI/sprites/master/sprites/pokemon/other/showdown/280.gif,,
3,Kirlia,,https://raw.githubusercontent.com/PokeAPI/sprites/master/sprites/pokemon/other/showdown/281.gif,,
3,Gardevoir,,https://raw.githubusercontent.com/PokeAPI/sprites/master/sprites/pokemon/other/showdown/282.gif,,
3,Surskit,,https://raw.githubusercontent.com/PokeAPI/sprites/master/sprites/pokemon/other/showdown/283.gif,,
3,Masquerain,,https://raw.githubusercontent.com/PokeAPI/sprites/master/sprites/pokemon/other/showdown/284.gif,,
3,Shroomish,,https://raw.githubusercontent.com/PokeAPI/sprites/master/sprites/pokemon/other/showdown/285.gif,,
3,Breloom,,https://raw.githubusercontent.com/PokeAPI/sprites/master/sprites/pokemon/other/showdown/286.gif,,
3,Slakoth,,https://raw.githubusercontent.com/PokeAPI/sprites/master/sprites/pokemon/other/showdown/287.gif,,
3,Vigoroth,,https://raw.githubusercontent.com/PokeAPI/sprites/master/sprites/pokemon/other/showdown/288.gif,,
3,Slaking,,https://raw.githubusercontent.com/PokeAPI/sprites/master/sprites/pokemon/other/showdown/289.gif,,
3,Nincada,,https://raw.githubusercontent.com/PokeAPI/sprites/master/sprites/pokemon/other/showdown/290.gif,,
3,Ninjask,,https://raw.githubusercontent.com/PokeAPI/sprites/master/sprites/pokemon/other/showdown/291.gif,,
3,Shedinja,,https://raw.githubusercontent.com/PokeAPI/sprites/master/sprites/pokemon/other/showdown/292.gif,,
3,Whismur,,https://raw.githubusercontent.com/PokeAPI/sprites/master/sprites/pokemon/other/showdown/293.gif,,
3,Loudred,,https://raw.githubusercontent.com/PokeAPI/sprites/master/sprites/pokemon/other/showdown/294.gif,,
3,Exploud,,https://raw.githubusercontent.com/PokeAPI/sprites/master/sprites/pokemon/other/showdown/295.gif,,
3,Makuhita,,https://raw.githubusercontent.com/PokeAPI/sprites/master/sprites/pokemon/other/showdown/296.gif,,
3,Hariyama,,https://raw.githubusercontent.com/PokeAPI/sprites/master/sprites/pokemon/other/showdown/297.gif,,
3,Azurill,,https://raw.githubusercontent.com/PokeAPI/sprites/master/sprites/pokemon/other/showdown/298.gif,,
3,Nosepass,,https://raw.githubusercontent.com/PokeAPI/sprites/master/sprites/pokemon/other/showdown/299.gif,,
3,Skitty,,https://raw.githubusercontent.com/PokeAPI/sprites/master/sprites/pokemon/other/showdown/300.gif,,
3,Delcatty,,https://raw.githubusercontent.com/PokeAPI/sprites/master/sprites/pokemon/other/showdown/301.gif,,
3,Sableye,,https://raw.githubusercontent.com/PokeAPI/sprites/master/sprites/pokemon/other/showdown/302.gif,,
3,Mawile,,https://raw.githubusercontent.com/PokeAPI/sprites/master/sprites/pokemon/other/showdown/303.gif,,
3,Aron,,https://raw.githubusercontent.com/PokeAPI/sprites/master/sprites/pokemon/other/showdown/304.gif,,
3,Lairon,,https://raw.githubusercontent.com/PokeAPI/sprites/master/sprites/pokemon/other/showdown/305.gif,,
3,Aggron,,https://raw.githubusercontent.com/PokeAPI/sprites/master/sprites/pokemon/other/showdown/306.gif,,
3,Meditite,,https://raw.githubusercontent.com/PokeAPI/sprites/master/sprites/pokemon/other/showdown/307.gif,,
3,Medicham,,https://raw.githubusercontent.com/PokeAPI/sprites/master/sprites/pokemon/other/showdown/308.gif,,
3,Electrike,,https://raw.githubusercontent.com/PokeAPI/sprites/master/sprites/pokemon/other/showdown/309.gif,,
3,Manectric,,https://raw.githubusercontent.com/PokeAPI/sprites/master/sprites/pokemon/other/showdown/310.gif,,
3,Plusle,,https://raw.githubusercontent.com/PokeAPI/sprites/master/sprites/pokemon/other/showdown/311.gif,,
3,Minun,,https://raw.githubusercontent.com/PokeAPI/sprites/master/sprites/pokemon/other/showdown/312.gif,,
3,Volbeat,,https://raw.githubusercontent.com/PokeAPI/sprites/master/sprites/pokemon/other/showdown/313.gif,,
3,Illumise,,https://raw.githubusercontent.com/PokeAPI/sprites/master/sprites/pokemon/other/showdown/314.gif,,
3,Roselia,,https://raw.githubusercontent.com/PokeAPI/sprites/master/sprites/pokemon/other/showdown/315.gif,,
3,Gulpin,,https://raw.githubusercontent.com/PokeAPI/sprites/master/sprites/pokemon/other/showdown/316.gif,,
3,Swalot,,https://raw.githubusercontent.com/PokeAPI/sprites/master/sprites/pokemon/other/showdown/317.gif,,
3,Carvanha,,https://raw.githubusercontent.com/PokeAPI/sprites/master/sprites/pokemon/other/showdown/318.gif,,
3,Sharpedo,,https://raw.githubusercontent.com/PokeAPI/sprites/master/sprites/pokemon/other/showdown/319.gif,,
3,Wailmer,,https://raw.githubusercontent.com/PokeAPI/sprites/master/sprites/pokemon/other/showdown/320.gif,,
3,Wailord,,https://raw.githubusercontent.com/PokeAPI/sprites/master/sprites/pokemon/other/showdown/321.gif,,
3,Numel,,https://raw.githubusercontent.com/PokeAPI/sprites/master/sprites/pokemon/other/showdown/322.gif,,
3,Camerupt,,https://raw.githubusercontent.com/PokeAPI/sprites/master/sprites/pokemon/other/showdown/323.gif,,
3,Torkoal,,https://raw.githubusercontent.com/PokeAPI/sprites/master/sprites/pokemon/other/showdown/324.gif,,
3,Spoink,,https://raw.githubusercontent.com/PokeAPI/sprites/master/sprites/pokemon/other/showdown/325.gif,,
3,Grumpig,,https://raw.githubusercontent.com/PokeAPI/sprites/master/sprites/pokemon/other/showdown/326.gif,,
3,Spinda,,https://raw.githubusercontent.com/PokeAPI/sprites/master/sprites/pokemon/other/showdown/327.gif,,
3,Trapinch,,https://raw.githubusercontent.com/PokeAPI/sprites/master/sprites/pokemon/other/showdown/328.gif,,
3,Vibrava,,https://raw.githubusercontent.com/PokeAPI/sprites/master/sprites/pokemon/other/showdown/329.gif,,
3,Flygon,,https://raw.githubusercontent.com/PokeAPI/sprites/master/sprites/pokemon/other/showdown/330.gif,,
3,Cacnea,,https://raw.githubusercontent.com/PokeAPI/sprites/master/sprites/pokemon/other/showdown/331.gif,,
3,Cacturne,,https://raw.githubusercontent.com/PokeAPI/sprites/master/sprites/pokemon/other/showdown/332.gif,,
3,Swablu,,https://raw.githubusercontent.com/PokeAPI/sprites/master/sprites/pokemon/other/showdown/333.gif,,
3,Altaria,,https://raw.githubusercontent.com/PokeAPI/sprites/master/sprites/pokemon/other/showdown/334.gif,,
3,Zangoose,,https://raw.githubusercontent.com/PokeAPI/sprites/master/sprites/pokemon/other/showdown/335.gif,,
3,Seviper,,https://raw.githubusercontent.com/PokeAPI/sprites/master/sprites/pokemon/other/showdown/336.gif,,
3,Lunatone,,https://raw.githubusercontent.com/PokeAPI/sprites/master/sprites/pokemon/other/showdown/337.gif,,
3,Solrock,,https://raw.githubusercontent.com/PokeAPI/sprites/master/sprites/pokemon/other/showdown/338.gif,,
3,Barboach,,https://raw.githubusercontent.com/PokeAPI/sprites/master/sprites/pokemon/other/showdown/339.gif,,
3,Whiscash,,https://raw.githubusercontent.com/PokeAPI/sprites/master/sprites/pokemon/other/showdown/340.gif,,
3,Corphish,,https://raw.githubusercontent.com/PokeAPI/sprites/master/sprites/pokemon/other/showdown/341.gif,,
3,Crawdaunt,,https://raw.githubusercontent.com/PokeAPI/sprites/master/sprites/pokemon/other/showdown/342.gif,,
3,Baltoy,,https://raw.githubusercontent.com/PokeAPI/sprites/master/sprites/pokemon/other/showdown/343.gif,,
3,Claydol,,https://raw.githubusercontent.com/PokeAPI/sprites/master/sprites/pokemon/other/showdown/344.gif,,
3,Lileep,,https://raw.githubusercontent.com/PokeAPI/sprites/master/sprites/pokemon/other/showdown/345.gif,,
3,Cradily,,https://raw.githubusercontent.com/PokeAPI/sprites/master/sprites/pokemon/other/showdown/346.gif,,
3,Anorith,,https://raw.githubusercontent.com/PokeAPI/sprites/master/sprites/pokemon/other/showdown/347.gif,,
3,Armaldo,,https://raw.githubusercontent.com/PokeAPI/sprites/master/sprites/pokemon/other/showdown/348.gif,,
3,Feebas,,https://raw.githubusercontent.com/PokeAPI/sprites/master/sprites/pokemon/other/showdown/349.gif,,
3,Milotic,,https://raw.githubusercontent.com/PokeAPI/sprites/master/sprites/pokemon/other/showdown/350.gif,,
3,Castform,,https://raw.githubusercontent.com/PokeAPI/sprites/master/sprites/pokemon/other/showdown/351.gif,,
3,Kecleon,,https://raw.githubusercontent.com/PokeAPI/sprites/master/sprites/pokemon/other/showdown/352.gif,,
3,Shuppet,,https://raw.githubusercontent.com/PokeAPI/sprites/master/sprites/pokemon/other/showdown/353.gif,,
3,Banette,,https://raw.githubusercontent.com/PokeAPI/sprites/master/sprites/pokemon/other/showdown/354.gif,,
3,Duskull,,https://raw.githubusercontent.com/PokeAPI/sprites/master/sprites/pokemon/other/showdown/355.gif,,
3,Dusclops,,https://raw.githubusercontent.com/PokeAPI/sprites/master/sprites/pokemon/other/showdown/356.gif,,
3,Tropius,,https://raw.githubusercontent.com/PokeAPI/sprites/master/sprites/pokemon/other/showdown/357.gif,,
3,Chimecho,,https://raw.githubusercontent.com/PokeAPI/sprites/master/sprites/pokemon/other/showdown/358.gif,,
3,Absol,,https://raw.githubusercontent.com/PokeAPI/sprites/master/sprites/pokemon/other/showdown/359.gif,,
3,Wynaut,,https://raw.githubusercontent.com/PokeAPI/sprites/master/sprites/pokemon/other/showdown/360.gif,,
3,Snorunt,,https://raw.githubusercontent.com/PokeAPI/sprites/master/sprites/pokemon/other/showdown/361.gif,,
3,Glalie,,https://raw.githubusercontent.com/PokeAPI/sprites/master/sprites/pokemon/other/showdown/362.gif,,
3,Spheal,,https://raw.githubusercontent.com/PokeAPI/sprites/master/sprites/pokemon/other/showdown/363.gif,,
3,Sealeo,,https://raw.githubusercontent.com/PokeAPI/sprites/master/sprites/pokemon/other/showdown/364.gif,,
3,Walrein,,https://raw.githubusercontent.com/PokeAPI/sprites/master/sprites/pokemon/other/showdown/365.gif,,
3,Clamperl,,https://raw.githubusercontent.com/PokeAPI/sprites/master/sprites/pokemon/other/showdown/366.gif,,
3,Huntail,,https://raw.githubusercontent.com/PokeAPI/sprites/master/sprites/pokemon/other/showdown/367.gif,,
3,Gorebyss,,https://raw.githubusercontent.com/PokeAPI/sprites/master/sprites/pokemon/other/showdown/368.gif,,
3,Relicanth,,https://raw.githubusercontent.com/PokeAPI/sprites/master/sprites/pokemon/other/showdown/369.gif,,
3,Luvdisc,,https://raw.githubusercontent.com/PokeAPI/sprites/master/sprites/pokemon/other/showdown/370.gif,,
3,Bagon,,https://raw.githubusercontent.com/PokeAPI/sprites/master/sprites/pokemon/other/showdown/371.gif,,
3,Shelgon,,https://raw.githubusercontent.com/PokeAPI/sprites/master/sprites/pokemon/other/showdown/372.gif,,
3,Salamence,,https://raw.githubusercontent.com/PokeAPI/sprites/master/sprites/pokemon/other/showdown/373.gif,,
3,Beldum,,https://raw.githubusercontent.com/PokeAPI/sprites/master/sprites/pokemon/other/showdown/374.gif,,
3,Metang,,https://raw.githubusercontent.com/PokeAPI/sprites/master/sprites/pokemon/other/showdown/375.gif,,
3,Metagross,,https://raw.githubusercontent.com/PokeAPI/sprites/master/sprites/pokemon/other/showdown/376.gif,,
3,Regirock,,https://raw.githubusercontent.com/PokeAPI/sprites/master/sprites/pokemon/other/showdown/377.gif,,
3,Regice,,https://raw.githubusercontent.com/PokeAPI/sprites/master/sprites/pokemon/other/showdown/378.gif,,
3,Registeel,,https://raw.githubusercontent.com/PokeAPI/sprites/master/sprites/pokemon/other/showdown/379.gif,,
3,Latias,,https://raw.githubusercontent.com/PokeAPI/sprites/master/sprites/pokemon/other/showdown/380.gif,,
3,Latios,,https://raw.githubusercontent.com/PokeAPI/sprites/master/sprites/pokemon/other/showdown/381.gif,,
3,Kyogre,,https://raw.githubusercontent.com/PokeAPI/sprites/master/sprites/pokemon/other/showdown/382.gif,,
3,Groudon,,https://raw.githubusercontent.com/PokeAPI/sprites/master/sprites/pokemon/other/showdown/383.gif,,
3,Rayquaza,,https://raw.githubusercontent.com/PokeAPI/sprites/master/sprites/pokemon/other/showdown/384.gif,,
3,Jirachi,,https://raw.githubusercontent.com/PokeAPI/sprites/master/sprites/pokemon/other/showdown/385.gif,,
3,Deoxys,,https://raw.githubusercontent.com/PokeAPI/sprites/master/sprites/pokemon/other/showdown/386.gif,,
4,Turtwig,,https://raw.githubusercontent.com/PokeAPI/sprites/master/sprites/pokemon/other/showdown/387.gif,,
4,Grotle,,https://raw.githubusercontent.com/PokeAPI/sprites/master/sprites/pokemon/other/showdown/388.gif,,
4,Torterra,,https://raw.githubusercontent.com/PokeAPI/sprites/master/sprites/pokemon/other/showdown/389.gif,,
4,Chimchar,,https://raw.githubusercontent.com/PokeAPI/sprites/master/sprites/pokemon/other/showdown/390.gif,,
4,Monferno,,https://raw.githubusercontent.com/PokeAPI/sprites/master/sprites/pokemon/other/showdown/391.gif,,
4,Infernape,,https://raw.githubusercontent.com/PokeAPI/sprites/master/sprites/pokemon/other/showdown/392.gif,,
4,Piplup,,https://raw.githubusercontent.com/PokeAPI/sprites/master/sprites/pokemon/other/showdown/393.gif,,
4,Prinplup,,https://raw.githubusercontent.com/PokeAPI/sprites/master/sprites/pokemon/other/showdown/394.gif,,
4,Empoleon,,https://raw.githubusercontent.com/PokeAPI/sprites/master/sprites/pokemon/other/showdown/395.gif,,
4,Starly,,https://raw.githubusercontent.com/PokeAPI/sprites/master/sprites/pokemon/other/showdown/396.gif,,
4,Staravia,,https://raw.githubusercontent.com/PokeAPI/sprites/master/sprites/pokemon/other/showdown/397.gif,,
4,Staraptor,,https://raw.githubusercontent.com/PokeAPI/sprites/master/sprites/pokemon/other/showdown/398.gif,,
4,Bidoof,,https://raw.githubusercontent.com/PokeAPI/sprites/master/sprites/pokemon/other/showdown/399.gif,,
4,Bibarel,,https://raw.githubusercontent.com/PokeAPI/sprites/master/sprites/pokemon/other/showdown/400.gif,,
4,Kricketot,,https://raw.githubusercontent.com/PokeAPI/sprites/master/sprites/pokemon/other/showdown/401.gif,,
4,Kricketune,,https://raw.githubusercontent.com/PokeAPI/sprites/master/sprites/pokemon/other/showdown/402.gif,,
4,Shinx,,https://raw.githubusercontent.com/PokeAPI/sprites/master/sprites/pokemon/other/showdown/403.gif,,
4,Luxio,,https://raw.githubusercontent.com/PokeAPI/sprites/master/sprites/pokemon/other/showdown/404.gif,,
4,Luxray,,https://raw.githubusercontent.com/PokeAPI/sprites/master/sprites/pokemon/other/showdown/405.gif,,
4,Budew,,https://raw.githubusercontent.com/PokeAPI/sprites/master/sprites/pokemon/other/showdown/406.gif,,
4,Roserade,,https://raw.githubusercontent.com/PokeAPI/sprites/master/sprites/pokemon/other/showdown/407.gif,,
4,Cranidos,,https://raw.githubusercontent.com/PokeAPI/sprites/master/sprites/pokemon/other/showdown/408.gif,,
4,Rampardos,,https://raw.githubusercontent.com/PokeAPI/sprites/master/sprites/pokemon/other/showdown/409.gif,,
4,Shieldon,,https://raw.githubusercontent.com/PokeAPI/sprites/master/sprites/pokemon/other/showdown/410.gif,,
4,Bastiodon,,https://raw.githubusercontent.com/PokeAPI/sprites/master/sprites/pokemon/other/showdown/411.gif,,
4,Burmy,,https://raw.githubusercontent.com/PokeAPI/sprites/master/sprites/pokemon/other/showdown/412.gif,,
4,Wormadam,,https://raw.githubusercontent.com/PokeAPI/sprites/master/sprites/pokemon/other/showdown/413.gif,,
4,Mothim,,https://raw.githubusercontent.com/PokeAPI/sprites/master/sprites/pokemon/other/showdown/414.gif,,
4,Combee,,https://raw.githubusercontent.com/PokeAPI/sprites/master/sprites/pokemon/other/showdown/415.gif,,
4,Vespiquen,,https://raw.githubusercontent.com/PokeAPI/sprites/master/sprites/pokemon/other/showdown/416.gif,,
4,Pachirisu,,https://raw.githubusercontent.com/PokeAPI/sprites/master/sprites/pokemon/other/showdown/417.gif,,
4,Buizel,,https://raw.githubusercontent.com/PokeAPI/sprites/master/sprites/pokemon/other/showdown/418.gif,,
4,Floatzel,,https://raw.githubusercontent.com/PokeAPI/sprites/master/sprites/pokemon/other/showdown/419.gif,,
4,Cherubi,,https://raw.githubusercontent.com/PokeAPI/sprites/master/sprites/pokemon/other/showdown/420.gif,,
4,Cherrim,,https://raw.githubusercontent.com/PokeAPI/sprites/master/sprites/pokemon/other/showdown/421.gif,,
4,Shellos,,https://raw.githubusercontent.com/PokeAPI/sprites/master/sprites/pokemon/other/showdown/422.gif,,
4,Gastrodon,,https://raw.githubusercontent.com/PokeAPI/sprites/master/sprites/pokemon/other/showdown/423.gif,,
4,Ambipom,,https://raw.githubusercontent.com/PokeAPI/sprites/master/sprites/pokemon/other/showdown/424.gif,,
4,Drifloon,,https://raw.githubusercontent.com/PokeAPI/sprites/master/sprites/pokemon/other/showdown/425.gif,,
4,Drifblim,,https://raw.githubusercontent.com/PokeAPI/sprites/master/sprites/pokemon/other/showdown/426.gif,,
4,Buneary,,https://raw.githubusercontent.com/PokeAPI/sprites/master/sprites/pokemon/other/showdown/427.gif,,
4,Lopunny,,https://raw.githubusercontent.com/PokeAPI/sprites/master/sprites/pokemon/other/showdown/428.gif,,
4,Mismagius,,https://raw.githubusercontent.com/PokeAPI/sprites/master/sprites/pokemon/other/showdown/429.gif,,
4,Honchkrow,,https://raw.githubusercontent.com/PokeAPI/sprites/master/sprites/pokemon/other/showdown/430.gif,,
4,Glameow,,https://raw.githubusercontent.com/PokeAPI/sprites/master/sprites/pokemon/other/showdown/431.gif,,
4,Purugly,,https://raw.githubusercontent.com/PokeAPI/sprites/master/sprites/pokemon/other/showdown/432.gif,,
4,Chingling,,https://raw.githubusercontent.com/PokeAPI/sprites/master/sprites/pokemon/other/showdown/433.gif,,
4,Stunky,,https://raw.githubusercontent.com/PokeAPI/sprites/master/sprites/pokemon/other/showdown/434.gif,,
4,Skuntank,,https://raw.githubusercontent.com/PokeAPI/sprites/master/sprites/pokemon/other/showdown/435.gif,,
4,Bronzor,,https://raw.githubusercontent.com/PokeAPI/sprites/master/sprites/pokemon/other/showdown/436.gif,,
4,Bronzong,,https://raw.githubusercontent.com/PokeAPI/sprites/master/sprites/pokemon/other/showdown/437.gif,,
4,Bonsly,,https://raw.githubusercontent.com/PokeAPI/sprites/master/sprites/pokemon/other/showdown/438.gif,,
4,Mime-jr,,https://raw.githubusercontent.com/PokeAPI/sprites/master/sprites/pokemon/other/showdown/439.gif,,
4,Happiny,,https://raw.githubusercontent.com/PokeAPI/sprites/master/sprites/pokemon/other/showdown/440.gif,,
4,Chatot,,https://raw.githubusercontent.com/PokeAPI/sprites/master/sprites/pokemon/other/showdown/441.gif,,
4,Spiritomb,,https://raw.githubusercontent.com/PokeAPI/sprites/master/sprites/pokemon/other/showdown/442.gif,,
4,Gible,,https://raw.githubusercontent.com/PokeAPI/sprites/master/sprites/pokemon/other/showdown/443.gif,,
4,Gabite,,https://raw.githubusercontent.com/PokeAPI/sprites/master/sprites/pokemon/other/showdown/444.gif,,
4,Garchomp,,https://raw.githubusercontent.com/PokeAPI/sprites/master/sprites/pokemon/other/showdown/445.gif,,
4,Munchlax,,https://raw.githubusercontent.com/PokeAPI/sprites/master/sprites/pokemon/other/showdown/446.gif,,
4,Riolu,,https://raw.githubusercontent.com/PokeAPI/sprites/master/sprites/pokemon/other/showdown/447.gif,,
4,Lucario,,https://raw.githubusercontent.com/PokeAPI/sprites/master/sprites/pokemon/other/showdown/448.gif,,
4,Hippopotas,,https://raw.githubusercontent.com/PokeAPI/sprites/master/sprites/pokemon/other/showdown/449.gif,,
4,Hippowdon,,https://raw.githubusercontent.com/PokeAPI/sprites/master/sprites/pokemon/other/showdown/450.gif,,
4,Skorupi,,https://raw.githubusercontent.com/PokeAPI/sprites/master/sprites/pokemon/other/showdown/451.gif,,
4,Drapion,,https://raw.githubusercontent.com/PokeAPI/sprites/master/sprites/pokemon/other/showdown/452.gif,,
4,Croagunk,,https://raw.githubusercontent.com/PokeAPI/sprites/master/sprites/pokemon/other/showdown/453.gif,,
4,Toxicroak,,https://raw.githubusercontent.com/PokeAPI/sprites/master/sprites/pokemon/other/showdown/454.gif,,
4,Carnivine,,https://raw.githubusercontent.com/PokeAPI/sprites/master/sprites/pokemon/other/showdown/455.gif,,
4,Finneon,,https://raw.githubusercontent.com/PokeAPI/sprites/master/sprites/pokemon/other/showdown/456.gif,,
4,Lumineon,,https://raw.githubusercontent.com/PokeAPI/sprites/master/sprites/pokemon/other/showdown/457.gif,,
4,Mantyke,,https://raw.githubusercontent.com/PokeAPI/sprites/master/sprites/pokemon/other/showdown/458.gif,,
4,Snover,,https://raw.githubusercontent.com/PokeAPI/sprites/master/sprites/pokemon/other/showdown/459.gif,,
4,Abomasnow,,https://raw.githubusercontent.com/PokeAPI/sprites/master/sprites/pokemon/other/showdown/460.gif,,
4,Weavile,,https://raw.githubusercontent.com/PokeAPI/sprites/master/sprites/pokemon/other/showdown/461.gif,,
4,Magnezone,,https://raw.githubusercontent.com/PokeAPI/sprites/master/sprites/pokemon/other/showdown/462.gif,,
4,Lickilicky,,https://raw.githubusercontent.com/PokeAPI/sprites/master/sprites/pokemon/other/showdown/463.gif,,
4,Rhyperior,,https://raw.githubusercontent.com/PokeAPI/sprites/master/sprites/pokemon/other/showdown/464.gif,,
4,Tangrowth,,https://raw.githubusercontent.com/PokeAPI/sprites/master/sprites/pokemon/other/showdown/465.gif,,
4,Electivire,,https://raw.githubusercontent.com/PokeAPI/sprites/master/sprites/pokemon/other/showdown/466.gif,,
4,Magmortar,,https://raw.githubusercontent.com/PokeAPI/sprites/master/sprites/pokemon/other/showdown/467.gif,,
4,Togekiss,,https://raw.githubusercontent.com/PokeAPI/sprites/master/sprites/pokemon/other/showdown/468.gif,,
4,Yanmega,,https://raw.githubusercontent.com/PokeAPI/sprites/master/sprites/pokemon/other/showdown/469.gif,,
4,Leafeon,,https://raw.githubusercontent.com/PokeAPI/sprites/master/sprites/pokemon/other/showdown/470.gif,,
4,Glaceon,,https://raw.githubusercontent.com/PokeAPI/sprites/master/sprites/pokemon/other/showdown/471.gif,,
4,Gliscor,,https://raw.githubusercontent.com/PokeAPI/sprites/master/sprites/pokemon/other/showdown/472.gif,,
4,Mamoswine,,https://raw.githubusercontent.com/PokeAPI/sprites/master/sprites/pokemon/other/showdown/473.gif,,
4,Porygon-z,,https://raw.githubusercontent.com/PokeAPI/sprites/master/sprites/pokemon/other/showdown/474.gif,,
4,Gallade,,https://raw.githubusercontent.com/PokeAPI/sprites/master/sprites/pokemon/other/showdown/475.gif,,
4,Probopass,,https://raw.githubusercontent.com/PokeAPI/sprites/master/sprites/pokemon/other/showdown/476.gif,,
4,Dusknoir,,https://raw.githubusercontent.com/PokeAPI/sprites/master/sprites/pokemon/other/showdown/477.gif,,
4,Froslass,,https://raw.githubusercontent.com/PokeAPI/sprites/master/sprites/pokemon/other/showdown/478.gif,,
4,Rotom,,https://raw.githubusercontent.com/PokeAPI/sprites/master/sprites/pokemon/other/showdown/479.gif,,
4,Uxie,,https://raw.githubusercontent.com/PokeAPI/sprites/master/sprites/pokemon/other/showdown/480.gif,,
4,Mesprit,,https://raw.githubusercontent.com/PokeAPI/sprites/master/sprites/pokemon/other/showdown/481.gif,,
4,Azelf,,https://raw.githubusercontent.com/PokeAPI/sprites/master/sprites/pokemon/other/showdown/482.gif,,
4,Dialga,,https://raw.githubusercontent.com/PokeAPI/sprites/master/sprites/pokemon/other/showdown/483.gif,,
4,Palkia,,https://raw.githubusercontent.com/PokeAPI/sprites/master/sprites/pokemon/other/showdown/484.gif,,
4,Heatran,,https://raw.githubusercontent.com/PokeAPI/sprites/master/sprites/pokemon/other/showdown/485.gif,,
4,Regigigas,,https://raw.githubusercontent.com/PokeAPI/sprites/master/sprites/pokemon/other/showdown/486.gif,,
4,Giratina,,https://raw.githubusercontent.com/PokeAPI/sprites/master/sprites/pokemon/other/showdown/487.gif,,
4,Cresselia,,https://raw.githubusercontent.com/PokeAPI/sprites/master/sprites/pokemon/other/showdown/488.gif,,
4,Phione,,https://raw.githubusercontent.com/PokeAPI/sprites/master/sprites/pokemon/other/showdown/489.gif,,
4,Manaphy,,https://raw.githubusercontent.com/PokeAPI/sprites/master/sprites/pokemon/other/showdown/490.gif,,
4,Darkrai,,https://raw.githubusercontent.com/PokeAPI/sprites/master/sprites/pokemon/other/showdown/491.gif,,
4,Shaymin,,https://raw.githubusercontent.com/PokeAPI/sprites/master/sprites/pokemon/other/showdown/492.gif,,
4,Arceus,,https://raw.githubusercontent.com/PokeAPI/sprites/master/sprites/pokemon/other/showdown/493.gif,,
5,Victini,,https://raw.githubusercontent.com/PokeAPI/sprites/master/sprites/pokemon/other/showdown/494.gif,,
5,Snivy,,https://raw.githubusercontent.com/PokeAPI/sprites/master/sprites/pokemon/other/showdown/495.gif,,
5,Servine,,https://raw.githubusercontent.com/PokeAPI/sprites/master/sprites/pokemon/other/showdown/496.gif,,
5,Serperior,,https://raw.githubusercontent.com/PokeAPI/sprites/master/sprites/pokemon/other/showdown/497.gif,,
5,Tepig,,https://raw.githubusercontent.com/PokeAPI/sprites/master/sprites/pokemon/other/showdown/498.gif,,
5,Pignite,,https://raw.githubusercontent.com/PokeAPI/sprites/master/sprites/pokemon/other/showdown/499.gif,,
5,Emboar,,https://raw.githubusercontent.com/PokeAPI/sprites/master/sprites/pokemon/other/showdown/500.gif,,
5,Oshawott,,https://raw.githubusercontent.com/PokeAPI/sprites/master/sprites/pokemon/other/showdown/501.gif,,
5,Dewott,,https://raw.githubusercontent.com/PokeAPI/sprites/master/sprites/pokemon/other/showdown/502.gif,,
5,Samurott,,https://raw.githubusercontent.com/PokeAPI/sprites/master/sprites/pokemon/other/showdown/503.gif,,
5,Patrat,,https://raw.githubusercontent.com/PokeAPI/sprites/master/sprites/pokemon/other/showdown/504.gif,,
5,Watchog,,https://raw.githubusercontent.com/PokeAPI/sprites/master/sprites/pokemon/other/showdown/505.gif,,
5,Lillipup,,https://raw.githubusercontent.com/PokeAPI/sprites/master/sprites/pokemon/other/showdown/506.gif,,
5,Herdier,,https://raw.githubusercontent.com/PokeAPI/sprites/master/sprites/pokemon/other/showdown/507.gif,,
5,Stoutland,,https://raw.githubusercontent.com/PokeAPI/sprites/master/sprites/pokemon/other/showdown/508.gif,,
5,Purrloin,,https://raw.githubusercontent.com/PokeAPI/sprites/master/sprites/pokemon/other/showdown/509.gif,,
5,Liepard,,https://raw.githubusercontent.com/PokeAPI/sprites/master/sprites/pokemon/other/showdown/510.gif,,
5,Pansage,,https://raw.githubusercontent.com/PokeAPI/sprites/master/sprites/pokemon/other/showdown/511.gif,,
5,Simisage,,https://raw.githubusercontent.com/PokeAPI/sprites/master/sprites/pokemon/other/showdown/512.gif,,
5,Pansear,,https://raw.githubusercontent.com/PokeAPI/sprites/master/sprites/pokemon/other/showdown/513.gif,,
5,Simisear,,https://raw.githubusercontent.com/PokeAPI/sprites/master/sprites/pokemon/other/showdown/514.gif,,
5,Panpour,,https://raw.githubusercontent.com/PokeAPI/sprites/master/sprites/pokemon/other/showdown/515.gif,,
5,Simipour,,https://raw.githubusercontent.com/PokeAPI/sprites/master/sprites/pokemon/other/showdown/516.gif,,
5,Munna,,https://raw.githubusercontent.com/PokeAPI/sprites/master/sprites/pokemon/other/showdown/517.gif,,
5,Musharna,,https://raw.githubusercontent.com/PokeAPI/sprites/master/sprites/pokemon/other/showdown/518.gif,,
5,Pidove,,https://raw.githubusercontent.com/PokeAPI/sprites/master/sprites/pokemon/other/showdown/519.gif,,
5,Tranquill,,https://raw.githubusercontent.com/PokeAPI/sprites/master/sprites/pokemon/other/showdown/520.gif,,
5,Unfezant,,https://raw.githubusercontent.com/PokeAPI/sprites/master/sprites/pokemon/other/showdown/521.gif,,
5,Blitzle,,https://raw.githubusercontent.com/PokeAPI/sprites/master/sprites/pokemon/other/showdown/522.gif,,
5,Zebstrika,,https://raw.githubusercontent.com/PokeAPI/sprites/master/sprites/pokemon/other/showdown/523.gif,,
5,Roggenrola,,https://raw.githubusercontent.com/PokeAPI/sprites/master/sprites/pokemon/other/showdown/524.gif,,
5,Boldore,,https://raw.githubusercontent.com/PokeAPI/sprites/master/sprites/pokemon/other/showdown/525.gif,,
5,Gigalith,,https://raw.githubusercontent.com/PokeAPI/sprites/master/sprites/pokemon/other/showdown/526.gif,,
5,Woobat,,https://raw.githubusercontent.com/PokeAPI/sprites/master/sprites/pokemon/other/showdown/527.gif,,
5,Swoobat,,https://raw.githubusercontent.com/PokeAPI/sprites/master/sprites/pokemon/other/showdown/528.gif,,
5,Drilbur,,https://raw.githubusercontent.com/PokeAPI/sprites/master/sprites/pokemon/other/showdown/529.gif,,
5,Excadrill,,https://raw.githubusercontent.com/PokeAPI/sprites/master/sprites/pokemon/other/showdown/530.gif,,
5,Audino,,https://raw.githubusercontent.com/PokeAPI/sprites/master/sprites/pokemon/other/showdown/531.gif,,
5,Timburr,,https://raw.githubusercontent.com/PokeAPI/sprites/master/sprites/pokemon/other/showdown/532.gif,,
5,Gurdurr,,https://raw.githubusercontent.com/PokeAPI/sprites/master/sprites/pokemon/other/showdown/533.gif,,
5,Conkeldurr,,https://raw.githubusercontent.com/PokeAPI/sprites/master/sprites/pokemon/other/showdown/534.gif,,
5,Tympole,,https://raw.githubusercontent.com/PokeAPI/sprites/master/sprites/pokemon/other/showdown/535.gif,,
5,Palpitoad,,https://raw.githubusercontent.com/PokeAPI/sprites/master/sprites/pokemon/other/showdown/536.gif,,
5,Seismitoad,,https://raw.githubusercontent.com/PokeAPI/sprites/master/sprites/pokemon/other/showdown/537.gif,,
5,Throh,,https://raw.githubusercontent.com/PokeAPI/sprites/master/sprites/pokemon/other/showdown/538.gif,,
5,Sawk,,https://raw.githubusercontent.com/PokeAPI/sprites/master/sprites/pokemon/other/showdown/539.gif,,
5,Sewaddle,,https://raw.githubusercontent.com/PokeAPI/sprites/master/sprites/pokemon/other/showdown/540.gif,,
5,Swadloon,,https://raw.githubusercontent.com/PokeAPI/sprites/master/sprites/pokemon/other/showdown/541.gif,,
5,Leavanny,,https://raw.githubusercontent.com/PokeAPI/sprites/master/sprites/pokemon/other/showdown/542.gif,,
5,Venipede,,https://raw.githubusercontent.com/PokeAPI/sprites/master/sprites/pokemon/other/showdown/543.gif,,
5,Whirlipede,,https://raw.githubusercontent.com/PokeAPI/sprites/master/sprites/pokemon/other/showdown/544.gif,,
5,Scolipede,,https://raw.githubusercontent.com/PokeAPI/sprites/master/sprites/pokemon/other/showdown/545.gif,,
5,Cottonee,,https://raw.githubusercontent.com/PokeAPI/sprites/master/sprites/pokemon/other/showdown/546.gif,,
5,Whimsicott,,https://raw.githubusercontent.com/PokeAPI/sprites/master/sprites/pokemon/other/showdown/547.gif,,
5,Petilil,,https://raw.githubusercontent.com/PokeAPI/sprites/master/sprites/pokemon/other/showdown/548.gif,,
5,Lilligant,,https://raw.githubusercontent.com/PokeAPI/sprites/master/sprites/pokemon/other/showdown/549.gif,,
5,Basculin,,https://raw.githubusercontent.com/PokeAPI/sprites/master/sprites/pokemon/other/showdown/550.gif,,
5,Sandile,,https://raw.githubusercontent.com/PokeAPI/sprites/master/sprites/pokemon/other/showdown/551.gif,,
5,Krokorok,,https://raw.githubusercontent.com/PokeAPI/sprites/master/sprites/pokemon/other/showdown/552.gif,,
5,Krookodile,,https://raw.githubusercontent.com/PokeAPI/sprites/master/sprites/pokemon/other/showdown/553.gif,,
5,Darumaka,,https://raw.githubusercontent.com/PokeAPI/sprites/master/sprites/pokemon/other/showdown/554.gif,,
5,Darmanitan,,https://raw.githubusercontent.com/PokeAPI/sprites/master/sprites/pokemon/other/showdown/555.gif,,
5,Maractus,,https://raw.githubusercontent.com/PokeAPI/sprites/master/sprites/pokemon/other/showdown/556.gif,,
5,Dwebble,,https://raw.githubusercontent.com/PokeAPI/sprites/master/sprites/pokemon/other/showdown/557.gif,,
5,Crustle,,https://raw.githubusercontent.com/PokeAPI/sprites/master/sprites/pokemon/other/showdown/558.gif,,
5,Scraggy,,https://raw.githubusercontent.com/PokeAPI/sprites/master/sprites/pokemon/other/showdown/559.gif,,
5,Scrafty,,https://raw.githubusercontent.com/PokeAPI/sprites/master/sprites/pokemon/other/showdown/560.gif,,
5,Sigilyph,,https://raw.githubusercontent.com/PokeAPI/sprites/master/sprites/pokemon/other/showdown/561.gif,,
5,Yamask,,https://raw.githubusercontent.com/PokeAPI/sprites/master/sprites/pokemon/other/showdown/562.gif,,
5,Cofagrigus,,https://raw.githubusercontent.com/PokeAPI/sprites/master/sprites/pokemon/other/showdown/563.gif,,
5,Tirtouga,,https://raw.githubusercontent.com/PokeAPI/sprites/master/sprites/pokemon/other/showdown/564.gif,,
5,Carracosta,,https://raw.githubusercontent.com/PokeAPI/sprites/master/sprites/pokemon/other/showdown/565.gif,,
5,Archen,,https://raw.githubusercontent.com/PokeAPI/sprites/master/sprites/pokemon/other/showdown/566.gif,,
5,Archeops,,https://raw.githubusercontent.com/PokeAPI/sprites/master/sprites/pokemon/other/showdown/567.gif,,
5,Trubbish,,https://raw.githubusercontent.com/PokeAPI/sprites/master/sprites/pokemon/other/showdown/568.gif,,
5,Garbodor,,https://raw.githubusercontent.com/PokeAPI/sprites/master/sprites/pokemon/other/showdown/569.gif,,
5,Zorua,,https://raw.githubusercontent.com/PokeAPI/sprites/master/sprites/pokemon/other/showdown/570.gif,,
5,Zoroark,,https://raw.githubusercontent.com/PokeAPI/sprites/master/sprites/pokemon/other/showdown/571.gif,,
5,Minccino,,https://raw.githubusercontent.com/PokeAPI/sprites/master/sprites/pokemon/other/showdown/572.gif,,
5,Cinccino,,https://raw.githubusercontent.com/PokeAPI/sprites/master/sprites/pokemon/other/showdown/573.gif,,
5,Gothita,,https://raw.githubusercontent.com/PokeAPI/sprites/master/sprites/pokemon/other/showdown/574.gif,,
5,Gothorita,,https://raw.githubusercontent.com/PokeAPI/sprites/master/sprites/pokemon/other/showdown/575.gif,,
5,Gothitelle,,https://raw.githubusercontent.com/PokeAPI/sprites/master/sprites/pokemon/other/showdown/576.gif,,
5,Solosis,,https://raw.githubusercontent.com/PokeAPI/sprites/master/sprites/pokemon/other/showdown/577.gif,,
5,Duosion,,https://raw.githubusercontent.com/PokeAPI/sprites/master/sprites/pokemon/other/showdown/578.gif,,
5,Reuniclus,,https://raw.githubusercontent.com/PokeAPI/sprites/master/sprites/pokemon/other/showdown/579.gif,,
5,Ducklett,,https://raw.githubusercontent.com/PokeAPI/sprites/master/sprites/pokemon/other/showdown/580.gif,,
5,Swanna,,https://raw.githubusercontent.com/PokeAPI/sprites/master/sprites/pokemon/other/showdown/581.gif,,
5,Vanillite,,https://raw.githubusercontent.com/PokeAPI/sprites/master/sprites/pokemon/other/showdown/582.gif,,
5,Vanillish,,https://raw.githubusercontent.com/PokeAPI/sprites/master/sprites/pokemon/other/showdown/583.gif,,
5,Vanilluxe,,https://raw.githubusercontent.com/PokeAPI/sprites/master/sprites/pokemon/other/showdown/584.gif,,
5,Deerling,,https://raw.githubusercontent.com/PokeAPI/sprites/master/sprites/pokemon/other/showdown/585.gif,,
5,Sawsbuck,,https://raw.githubusercontent.com/PokeAPI/sprites/master/sprites/pokemon/other/showdown/586.gif,,
5,Emolga,,https://raw.githubusercontent.com/PokeAPI/sprites/master/sprites/pokemon/other/showdown/587.gif,,
5,Karrablast,,https://raw.githubusercontent.com/PokeAPI/sprites/master/sprites/pokemon/other/showdown/588.gif,,
5,Escavalier,,https://raw.githubusercontent.com/PokeAPI/sprites/master/sprites/pokemon/other/showdown/589.gif,,
5,Foongus,,https://raw.githubusercontent.com/PokeAPI/sprites/master/sprites/pokemon/other/showdown/590.gif,,
5,Amoonguss,,https://raw.githubusercontent.com/PokeAPI/sprites/master/sprites/pokemon/other/showdown/591.gif,,
5,Frillish,,https://raw.githubusercontent.com/PokeAPI/sprites/master/sprites/pokemon/other/showdown/592.gif,,
5,Jellicent,,https://raw.githubusercontent.com/PokeAPI/sprites/master/sprites/pokemon/other/showdown/593.gif,,
5,Alomomola,,https://raw.githubusercontent.com/PokeAPI/sprites/master/sprites/pokemon/other/showdown/594.gif,,
5,Joltik,,https://raw.githubusercontent.com/PokeAPI/sprites/master/sprites/pokemon/other/showdown/595.gif,,
5,Galvantula,,https://raw.githubusercontent.com/PokeAPI/sprites/master/sprites/pokemon/other/showdown/596.gif,,
5,Ferroseed,,https://raw.githubusercontent.com/PokeAPI/sprites/master/sprites/pokemon/other/showdown/597.gif,,
5,Ferrothorn,,https://raw.githubusercontent.com/PokeAPI/sprites/master/sprites/pokemon/other/showdown/598.gif,,
5,Klink,,https://raw.githubusercontent.com/PokeAPI/sprites/master/sprites/pokemon/other/showdown/599.gif,,
5,Klang,,https://raw.githubusercontent.com/PokeAPI/sprites/master/sprites/pokemon/other/showdown/600.gif,,
5,Klinklang,,https://raw.githubusercontent.com/PokeAPI/sprites/master/sprites/pokemon/other/showdown/601.gif,,
5,Tynamo,,https://raw.githubusercontent.com/PokeAPI/sprites/master/sprites/pokemon/other/showdown/602.gif,,
5,Eelektrik,,https://raw.githubusercontent.com/PokeAPI/sprites/master/sprites/pokemon/other/showdown/603.gif,,
5,Eelektross,,https://raw.githubusercontent.com/PokeAPI/sprites/master/sprites/pokemon/other/showdown/604.gif,,
5,Elgyem,,https://raw.githubusercontent.com/PokeAPI/sprites/master/sprites/pokemon/other/showdown/605.gif,,
5,Beheeyem,,https://raw.githubusercontent.com/PokeAPI/sprites/master/sprites/pokemon/other/showdown/606.gif,,
5,Litwick,,https://raw.githubusercontent.com/PokeAPI/sprites/master/sprites/pokemon/other/showdown/607.gif,,
5,Lampent,,https://raw.githubusercontent.com/PokeAPI/sprites/master/sprites/pokemon/other/showdown/608.gif,,
5,Chandelure,,https://raw.githubusercontent.com/PokeAPI/sprites/master/sprites/pokemon/other/showdown/609.gif,,
5,Axew,,https://raw.githubusercontent.com/PokeAPI/sprites/master/sprites/pokemon/other/showdown/610.gif,,
5,Fraxure,,https://raw.githubusercontent.com/PokeAPI/sprites/master/sprites/pokemon/other/showdown/611.gif,,
5,Haxorus,,https://raw.githubusercontent.com/PokeAPI/sprites/master/sprites/pokemon/other/showdown/612.gif,,
5,Cubchoo,,https://raw.githubusercontent.com/PokeAPI/sprites/master/sprites/pokemon/other/showdown/613.gif,,
5,Beartic,,https://raw.githubusercontent.com/PokeAPI/sprites/master/sprites/pokemon/other/showdown/614.gif,,
5,Cryogonal,,https://raw.githubusercontent.com/PokeAPI/sprites/master/sprites/pokemon/other/showdown/615.gif,,
5,Shelmet,,https://raw.githubusercontent.com/PokeAPI/sprites/master/sprites/pokemon/other/showdown/616.gif,,
5,Accelgor,,https://raw.githubusercontent.com/PokeAPI/sprites/master/sprites/pokemon/other/showdown/617.gif,,
5,Stunfisk,,https://raw.githubusercontent.com/PokeAPI/sprites/master/sprites/pokemon/other/showdown/618.gif,,
5,Mienfoo,,https://raw.githubusercontent.com/PokeAPI/sprites/master/sprites/pokemon/other/showdown/619.gif,,
5,Mienshao,,https://raw.githubusercontent.com/PokeAPI/sprites/master/sprites/pokemon/other/showdown/620.gif,,
5,Druddigon,,https://raw.githubusercontent.com/PokeAPI/sprites/master/sprites/pokemon/other/showdown/621.gif,,
5,Golett,,https://raw.githubusercontent.com/PokeAPI/sprites/master/sprites/pokemon/other/showdown/622.gif,,
5,Golurk,,https://raw.githubusercontent.com/PokeAPI/sprites/master/sprites/pokemon/other/showdown/623.gif,,
5,Pawniard,,https://raw.githubusercontent.com/PokeAPI/sprites/master/sprites/pokemon/other/showdown/624.gif,,
5,Bisharp,,https://raw.githubusercontent.com/PokeAPI/sprites/master/sprites/pokemon/other/showdown/625.gif,,
5,Bouffalant,,https://raw.githubusercontent.com/PokeAPI/sprites/master/sprites/pokemon/other/showdown/626.gif,,
5,Rufflet,,https://raw.githubusercontent.com/PokeAPI/sprites/master/sprites/pokemon/other/showdown/627.gif,,
5,Braviary,,https://raw.githubusercontent.com/PokeAPI/sprites/master/sprites/pokemon/other/showdown/628.gif,,
5,Vullaby,,https://raw.githubusercontent.com/PokeAPI/sprites/master/sprites/pokemon/other/showdown/629.gif,,
5,Mandibuzz,,https://raw.githubusercontent.com/PokeAPI/sprites/master/sprites/pokemon/other/showdown/630.gif,,
5,Heatmor,,https://raw.githubusercontent.com/PokeAPI/sprites/master/sprites/pokemon/other/showdown/631.gif,,
5,Durant,,https://raw.githubusercontent.com/PokeAPI/sprites/master/sprites/pokemon/other/showdown/632.gif,,
5,Deino,,https://raw.githubusercontent.com/PokeAPI/sprites/master/sprites/pokemon/other/showdown/633.gif,,
5,Zweilous,,https://raw.githubusercontent.com/PokeAPI/sprites/master/sprites/pokemon/other/showdown/634.gif,,
5,Hydreigon,,https://raw.githubusercontent.com/PokeAPI/sprites/master/sprites/pokemon/other/showdown/635.gif,,
5,Larvesta,,https://raw.githubusercontent.com/PokeAPI/sprites/master/sprites/pokemon/other/showdown/636.gif,,
5,Volcarona,,https://raw.githubusercontent.com/PokeAPI/sprites/master/sprites/pokemon/other/showdown/637.gif,,
5,Cobalion,,https://raw.githubusercontent.com/PokeAPI/sprites/master/sprites/pokemon/other/showdown/638.gif,,
5,Terrakion,,https://raw.githubusercontent.com/PokeAPI/sprites/master/sprites/pokemon/other/showdown/639.gif,,
5,Virizion,,https://raw.githubusercontent.com/PokeAPI/sprites/master/sprites/pokemon/other/showdown/640.gif,,
5,Tornadus,,https://raw.githubusercontent.com/PokeAPI/sprites/master/sprites/pokemon/other/showdown/641.gif,,
5,Thundurus,,https://raw.githubusercontent.com/PokeAPI/sprites/master/sprites/pokemon/other/showdown/642.gif,,
5,Reshiram,,https://raw.githubusercontent.com/PokeAPI/sprites/master/sprites/pokemon/other/showdown/643.gif,,
5,Zekrom,,https://raw.githubusercontent.com/PokeAPI/sprites/master/sprites/pokemon/other/showdown/644.gif,,
5,Landorus,,https://raw.githubusercontent.com/PokeAPI/sprites/master/sprites/pokemon/other/showdown/645.gif,,
5,Kyurem,,https://raw.githubusercontent.com/PokeAPI/sprites/master/sprites/pokemon/other/showdown/646.gif,,
5,Keldeo,,https://raw.githubusercontent.com/PokeAPI/sprites/master/sprites/pokemon/other/showdown/647.gif,,
5,Meloetta,,https://raw.githubusercontent.com/PokeAPI/sprites/master/sprites/pokemon/other/showdown/648.gif,,
5,Genesect,,https://raw.githubusercontent.com/PokeAPI/sprites/master/sprites/pokemon/other/showdown/649.gif,,
6,Chespin,,https://raw.githubusercontent.com/PokeAPI/sprites/master/sprites/pokemon/other/showdown/650.gif,,
6,Quilladin,,https://raw.githubusercontent.com/PokeAPI/sprites/master/sprites/pokemon/other/showdown/651.gif,,
6,Chesnaught,,https://raw.githubusercontent.com/PokeAPI/sprites/master/sprites/pokemon/other/showdown/652.gif,,
6,Fennekin,,https://raw.githubusercontent.com/PokeAPI/sprites/master/sprites/pokemon/other/showdown/653.gif,,
6,Braixen,,https://raw.githubusercontent.com/PokeAPI/sprites/master/sprites/pokemon/other/showdown/654.gif,,
6,Delphox,,https://raw.githubusercontent.com/PokeAPI/sprites/master/sprites/pokemon/other/showdown/655.gif,,
6,Froakie,,https://raw.githubusercontent.com/PokeAPI/sprites/master/sprites/pokemon/other/showdown/656.gif,,
6,Frogadier,,https://raw.githubusercontent.com/PokeAPI/sprites/master/sprites/pokemon/other/showdown/657.gif,,
6,Greninja,,https://raw.githubusercontent.com/PokeAPI/sprites/master/sprites/pokemon/other/showdown/658.gif,,
6,Bunnelby,,https://raw.githubusercontent.com/PokeAPI/sprites/master/sprites/pokemon/other/showdown/659.gif,,
6,Diggersby,,https://raw.githubusercontent.com/PokeAPI/sprites/master/sprites/pokemon/other/showdown/660.gif,,
6,Fletchling,,https://raw.githubusercontent.com/PokeAPI/sprites/master/sprites/pokemon/other/showdown/661.gif,,
6,Fletchinder,,https://raw.githubusercontent.com/PokeAPI/sprites/master/sprites/pokemon/other/showdown/662.gif,,
6,Talonflame,,https://raw.githubusercontent.com/PokeAPI/sprites/master/sprites/pokemon/other/showdown/663.gif,,
6,Scatterbug,,https://raw.githubusercontent.com/PokeAPI/sprites/master/sprites/pokemon/other/showdown/664.gif,,
6,Spewpa,,https://raw.githubusercontent.com/PokeAPI/sprites/master/sprites/pokemon/other/showdown/665.gif,,
6,Vivillon,,https://raw.githubusercontent.com/PokeAPI/sprites/master/sprites/pokemon/other/showdown/666.gif,,
6,Litleo,,https://raw.githubusercontent.com/PokeAPI/sprites/master/sprites/pokemon/other/showdown/667.gif,,
6,Pyroar,,https://raw.githubusercontent.com/PokeAPI/sprites/master/sprites/pokemon/other/showdown/668.gif,,
6,Flabebe,,https://raw.githubusercontent.com/PokeAPI/sprites/master/sprites/pokemon/other/showdown/669.gif,,
6,Floette,,https://raw.githubusercontent.com/PokeAPI/sprites/master/sprites/pokemon/other/showdown/670.gif,,
6,Florges,,https://raw.githubusercontent.com/PokeAPI/sprites/master/sprites/pokemon/other/showdown/671.gif,,
6,Skiddo,,https://raw.githubusercontent.com/PokeAPI/sprites/master/sprites/pokemon/other/showdown/672.gif,,
6,Gogoat,,https://raw.githubusercontent.com/PokeAPI/sprites/master/sprites/pokemon/other/showdown/673.gif,,
6,Pancham,,https://raw.githubusercontent.com/PokeAPI/sprites/master/sprites/pokemon/other/showdown/674.gif,,
6,Pangoro,,https://raw.githubusercontent.com/PokeAPI/sprites/master/sprites/pokemon/other/showdown/675.gif,,
6,Furfrou,,https://raw.githubusercontent.com/PokeAPI/sprites/master/sprites/pokemon/other/showdown/676.gif,,
6,Espurr,,https://raw.githubusercontent.com/PokeAPI/sprites/master/sprites/pokemon/other/showdown/677.gif,,
6,Meowstic,,https://raw.githubusercontent.com/PokeAPI/sprites/master/sprites/pokemon/other/showdown/678.gif,,
6,Honedge,,https://raw.githubusercontent.com/PokeAPI/sprites/master/sprites/pokemon/other/showdown/679.gif,,
6,Doublade,,https://raw.githubusercontent.com/PokeAPI/sprites/master/sprites/pokemon/other/showdown/680.gif,,
6,Aegislash,,https://raw.githubusercontent.com/PokeAPI/sprites/master/sprites/pokemon/other/showdown/681.gif,,
6,Spritzee,,https://raw.githubusercontent.com/PokeAPI/sprites/master/sprites/pokemon/other/showdown/682.gif,,
6,Aromatisse,,https://raw.githubusercontent.com/PokeAPI/sprites/master/sprites/pokemon/other/showdown/683.gif,,
6,Swirlix,,https://raw.githubusercontent.com/PokeAPI/sprites/master/sprites/pokemon/other/showdown/684.gif,,
6,Slurpuff,,https://raw.githubusercontent.com/PokeAPI/sprites/master/sprites/pokemon/other/showdown/685.gif,,
6,Inkay,,https://raw.githubusercontent.com/PokeAPI/sprites/master/sprites/pokemon/other/showdown/686.gif,,
6,Malamar,,https://raw.githubusercontent.com/PokeAPI/sprites/master/sprites/pokemon/other/showdown/687.gif,,
6,Binacle,,https://raw.githubusercontent.com/PokeAPI/sprites/master/sprites/pokemon/other/showdown/688.gif,,
6,Barbaracle,,https://raw.githubusercontent.com/PokeAPI/sprites/master/sprites/pokemon/other/showdown/689.gif,,
6,Skrelp,,https://raw.githubusercontent.com/PokeAPI/sprites/master/sprites/pokemon/other/showdown/690.gif,,
6,Dragalge,,https://raw.githubusercontent.com/PokeAPI/sprites/master/sprites/pokemon/other/showdown/691.gif,,
6,Clauncher,,https://raw.githubusercontent.com/PokeAPI/sprites/master/sprites/pokemon/other/showdown/692.gif,,
6,Clawitzer,,https://raw.githubusercontent.com/PokeAPI/sprites/master/sprites/pokemon/other/showdown/693.gif,,
6,Helioptile,,https://raw.githubusercontent.com/PokeAPI/sprites/master/sprites/pokemon/other/showdown/694.gif,,
6,Heliolisk,,https://raw.githubusercontent.com/PokeAPI/sprites/master/sprites/pokemon/other/showdown/695.gif,,
6,Tyrunt,,https://raw.githubusercontent.com/PokeAPI/sprites/master/sprites/pokemon/other/showdown/696.gif,,
6,Tyrantrum,,https://raw.githubusercontent.com/PokeAPI/sprites/master/sprites/pokemon/other/showdown/697.gif,,
6,Amaura,,https://raw.githubusercontent.com/PokeAPI/sprites/master/sprites/pokemon/other/showdown/698.gif,,
6,Aurorus,,https://raw.githubusercontent.com/PokeAPI/sprites/master/sprites/pokemon/other/showdown/699.gif,,
6,Sylveon,,https://raw.githubusercontent.com/PokeAPI/sprites/master/sprites/pokemon/other/showdown/700.gif,,
6,Hawlucha,,https://raw.githubusercontent.com/PokeAPI/sprites/master/sprites/pokemon/other/showdown/701.gif,,
6,Dedenne,,https://raw.githubusercontent.com/PokeAPI/sprites/master/sprites/pokemon/other/showdown/702.gif,,
6,Carbink,,https://raw.githubusercontent.com/PokeAPI/sprites/master/sprites/pokemon/other/showdown/703.gif,,
6,Goomy,,https://raw.githubusercontent.com/PokeAPI/sprites/master/sprites/pokemon/other/showdown/704.gif,,
6,Sliggoo,,https://raw.githubusercontent.com/PokeAPI/sprites/master/sprites/pokemon/other/showdown/705.gif,,
6,Goodra,,https://raw.githubusercontent.com/PokeAPI/sprites/master/sprites/pokemon/other/showdown/706.gif,,
6,Klefki,,https://raw.githubusercontent.com/PokeAPI/sprites/master/sprites/pokemon/other/showdown/707.gif,,
6,Phantump,,https://raw.githubusercontent.com/PokeAPI/sprites/master/sprites/pokemon/other/showdown/708.gif,,
6,Trevenant,,https://raw.githubusercontent.com/PokeAPI/sprites/master/sprites/pokemon/other/showdown/709.gif,,
6,Pumpkaboo,,https://raw.githubusercontent.com/PokeAPI/sprites/master/sprites/pokemon/other/showdown/710.gif,,
6,Gourgeist,,https://raw.githubusercontent.com/PokeAPI/sprites/master/sprites/pokemon/other/showdown/711.gif,,
6,Bergmite,,https://raw.githubusercontent.com/PokeAPI/sprites/master/sprites/pokemon/other/showdown/712.gif,,
6,Avalugg,,https://raw.githubusercontent.com/PokeAPI/sprites/master/sprites/pokemon/other/showdown/713.gif,,
6,Noibat,,https://raw.githubusercontent.com/PokeAPI/sprites/master/sprites/pokemon/other/showdown/714.gif,,
6,Noivern,,https://raw.githubusercontent.com/PokeAPI/sprites/master/sprites/pokemon/other/showdown/715.gif,,
6,Xerneas,,https://raw.githubusercontent.com/PokeAPI/sprites/master/sprites/pokemon/other/showdown/716.gif,,
6,Yveltal,,https://raw.githubusercontent.com/PokeAPI/sprites/master/sprites/pokemon/other/showdown/717.gif,,
6,Zygarde,,https://raw.githubusercontent.com/PokeAPI/sprites/master/sprites/pokemon/other/showdown/718.gif,,
6,Diancie,,https://raw.githubusercontent.com/PokeAPI/sprites/master/sprites/pokemon/other/showdown/719.gif,,
6,Hoopa,,https://raw.githubusercontent.com/PokeAPI/sprites/master/sprites/pokemon/other/showdown/720.gif,,
6,Volcanion,,https://raw.githubusercontent.com/PokeAPI/sprites/master/sprites/pokemon/other/showdown/721.gif,,
7,Rowlet,,https://raw.githubusercontent.com/PokeAPI/sprites/master/sprites/pokemon/other/showdown/722.gif,,
7,Dartrix,,https://raw.githubusercontent.com/PokeAPI/sprites/master/sprites/pokemon/other/showdown/723.gif,,
7,Decidueye,,https://raw.githubusercontent.com/PokeAPI/sprites/master/sprites/pokemon/other/showdown/724.gif,,
7,Litten,,https://raw.githubusercontent.com/PokeAPI/sprites/master/sprites/pokemon/other/showdown/725.gif,,
7,Torracat,,https://raw.githubusercontent.com/PokeAPI/sprites/master/sprites/pokemon/other/showdown/726.gif,,
7,Incineroar,,https://raw.githubusercontent.com/PokeAPI/sprites/master/sprites/pokemon/other/showdown/727.gif,,
7,Popplio,,https://raw.githubusercontent.com/PokeAPI/sprites/master/sprites/pokemon/other/showdown/728.gif,,
7,Brionne,,https://raw.githubusercontent.com/PokeAPI/sprites/master/sprites/pokemon/other/showdown/729.gif,,
7,Primarina,,https://raw.githubusercontent.com/PokeAPI/sprites/master/sprites/pokemon/other/showdown/730.gif,,
7,Pikipek,,https://raw.githubusercontent.com/PokeAPI/sprites/master/sprites/pokemon/other/showdown/731.gif,,
7,Trumbeak,,https://raw.githubusercontent.com/PokeAPI/sprites/master/sprites/pokemon/other/showdown/732.gif,,
7,Toucannon,,https://raw.githubusercontent.com/PokeAPI/sprites/master/sprites/pokemon/other/showdown/733.gif,,
7,Yungoos,,https://raw.githubusercontent.com/PokeAPI/sprites/master/sprites/pokemon/other/showdown/734.gif,,
7,Gumshoos,,https://raw.githubusercontent.com/PokeAPI/sprites/master/sprites/pokemon/other/showdown/735.gif,,
7,Grubbin,,https://raw.githubusercontent.com/PokeAPI/sprites/master/sprites/pokemon/other/showdown/736.gif,,
7,Charjabug,,https://raw.githubusercontent.com/PokeAPI/sprites/master/sprites/pokemon/other/showdown/737.gif,,
7,Vikavolt,,https://raw.githubusercontent.com/PokeAPI/sprites/master/sprites/pokemon/other/showdown/738.gif,,
7,Crabrawler,,https://raw.githubusercontent.com/PokeAPI/sprites/master/sprites/pokemon/other/showdown/739.gif,,
7,Crabominable,,https://raw.githubusercontent.com/PokeAPI/sprites/master/sprites/pokemon/other/showdown/740.gif,,
7,Oricorio,,https://raw.githubusercontent.com/PokeAPI/sprites/master/sprites/pokemon/other/showdown/741.gif,,
7,Cutiefly,,https://raw.githubusercontent.com/PokeAPI/sprites/master/sprites/pokemon/other/showdown/742.gif,,
7,Ribombee,,https://raw.githubusercontent.com/PokeAPI/sprites/master/sprites/pokemon/other/showdown/743.gif,,
7,Rockruff,,https://raw.githubusercontent.com/PokeAPI/sprites/master/sprites/pokemon/other/showdown/744.gif,,
7,Lycanroc,,https://raw.githubusercontent.com/PokeAPI/sprites/master/sprites/pokemon/other/showdown/745.gif,,
7,Wishiwashi,,https://raw.githubusercontent.com/PokeAPI/sprites/master/sprites/pokemon/other/showdown/746.gif,,
7,Mareanie,,https://raw.githubusercontent.com/PokeAPI/sprites/master/sprites/pokemon/other/showdown/747.gif,,
7,Toxapex,,https://raw.githubusercontent.com/PokeAPI/sprites/master/sprites/pokemon/other/showdown/748.gif,,
7,Mudbray,,https://raw.githubusercontent.com/PokeAPI/sprites/master/sprites/pokemon/other/showdown/749.gif,,
7,Mudsdale,,https://raw.githubusercontent.com/PokeAPI/sprites/master/sprites/pokemon/other/showdown/750.gif,,
7,Dewpider,,https://raw.githubusercontent.com/PokeAPI/sprites/master/sprites/pokemon/other/showdown/751.gif,,
7,Araquanid,,https://raw.githubusercontent.com/PokeAPI/sprites/master/sprites/pokemon/other/showdown/752.gif,,
7,Fomantis,,https://raw.githubusercontent.com/PokeAPI/sprites/master/sprites/pokemon/other/showdown/753.gif,,
7,Lurantis,,https://raw.githubusercontent.com/PokeAPI/sprites/master/sprites/pokemon/other/showdown/754.gif,,
7,Morelull,,https://raw.githubusercontent.com/PokeAPI/sprites/master/sprites/pokemon/other/showdown/755.gif,,
7,Shiinotic,,https://raw.githubusercontent.com/PokeAPI/sprites/master/sprites/pokemon/other/showdown/756.gif,,
7,Salandit,,https://raw.githubusercontent.com/PokeAPI/sprites/master/sprites/pokemon/other/showdown/757.gif,,
7,Salazzle,,https://raw.githubusercontent.com/PokeAPI/sprites/master/sprites/pokemon/other/showdown/758.gif,,
7,Stufful,,https://raw.githubusercontent.com/PokeAPI/sprites/master/sprites/pokemon/other/showdown/759.gif,,
7,Bewear,,https://raw.githubusercontent.com/PokeAPI/sprites/master/sprites/pokemon/other/showdown/760.gif,,
7,Bounsweet,,https://raw.githubusercontent.com/PokeAPI/sprites/master/sprites/pokemon/other/showdown/761.gif,,
7,Steenee,,https://raw.githubusercontent.com/PokeAPI/sprites/master/sprites/pokemon/other/showdown/762.gif,,
7,Tsareena,,https://raw.githubusercontent.com/PokeAPI/sprites/master/sprites/pokemon/other/showdown/763.gif,,
7,Comfey,,https://raw.githubusercontent.com/PokeAPI/sprites/master/sprites/pokemon/other/showdown/764.gif,,
7,Oranguru,,https://raw.githubusercontent.com/PokeAPI/sprites/master/sprites/pokemon/other/showdown/765.gif,,
7,Passimian,,https://raw.githubusercontent.com/PokeAPI/sprites/master/sprites/pokemon/other/showdown/766.gif,,
7,Wimpod,,https://raw.githubusercontent.com/PokeAPI/sprites/master/sprites/pokemon/other/showdown/767.gif,,
7,Golisopod,,https://raw.githubusercontent.com/PokeAPI/sprites/master/sprites/pokemon/other/showdown/768.gif,,
7,Sandygast,,https://raw.githubusercontent.com/PokeAPI/sprites/master/sprites/pokemon/other/showdown/769.gif,,
7,Palossand,,https://raw.githubusercontent.com/PokeAPI/sprites/master/sprites/pokemon/other/showdown/770.gif,,
7,Pyukumuku,,https://raw.githubusercontent.com/PokeAPI/sprites/master/sprites/pokemon/other/showdown/771.gif,,
7,Type-null,,https://raw.githubusercontent.com/PokeAPI/sprites/master/sprites/pokemon/other/showdown/772.gif,,
7,Silvally,,https://raw.githubusercontent.com/PokeAPI/sprites/master/sprites/pokemon/other/showdown/773.gif,,
7,Minior,,https://raw.githubusercontent.com/PokeAPI/sprites/master/sprites/pokemon/other/showdown/774.gif,,
7,Komala,,https://raw.githubusercontent.com/PokeAPI/sprites/master/sprites/pokemon/other/showdown/775.gif,,
7,Turtonator,,https://raw.githubusercontent.com/PokeAPI/sprites/master/sprites/pokemon/other/showdown/776.gif,,
7,Togedemaru,,https://raw.githubusercontent.com/PokeAPI/sprites/master/sprites/pokemon/other/showdown/777.gif,,
7,Mimikyu,,https://raw.githubusercontent.com/PokeAPI/sprites/master/sprites/pokemon/other/showdown/778.gif,,
7,Bruxish,,https://raw.githubusercontent.com/PokeAPI/sprites/master/sprites/pokemon/other/showdown/779.gif,,
7,Drampa,,https://raw.githubusercontent.com/PokeAPI/sprites/master/sprites/pokemon/other/showdown/780.gif,,
7,Dhelmise,,https://raw.githubusercontent.com/PokeAPI/sprites/master/sprites/pokemon/other/showdown/781.gif,,
7,Jangmo-o,,https://raw.githubusercontent.com/PokeAPI/sprites/master/sprites/pokemon/other/showdown/782.gif,,
7,Hakamo-o,,https://raw.githubusercontent.com/PokeAPI/sprites/master/sprites/pokemon/other/showdown/783.gif,,
7,Kommo-o,,https://raw.githubusercontent.com/PokeAPI/sprites/master/sprites/pokemon/other/showdown/784.gif,,
7,Tapu-koko,,https://raw.githubusercontent.com/PokeAPI/sprites/master/sprites/pokemon/other/showdown/785.gif,,
7,Tapu-lele,,https://raw.githubusercontent.com/PokeAPI/sprites/master/sprites/pokemon/other/showdown/786.gif,,
7,Tapu-bulu,,https://raw.githubusercontent.com/PokeAPI/sprites/master/sprites/pokemon/other/showdown/787.gif,,
7,Tapu-fini,,https://raw.githubusercontent.com/PokeAPI/sprites/master/sprites/pokemon/other/showdown/788.gif,,
7,Cosmog,,https://raw.githubusercontent.com/PokeAPI/sprites/master/sprites/pokemon/other/showdown/789.gif,,
7,Cosmoem,,https://raw.githubusercontent.com/PokeAPI/sprites/master/sprites/pokemon/other/showdown/790.gif,,
7,Solgaleo,,https://raw.githubusercontent.com/PokeAPI/sprites/master/sprites/pokemon/other/showdown/791.gif,,
7,Lunala,,https://raw.githubusercontent.com/PokeAPI/sprites/master/sprites/pokemon/other/showdown/792.gif,,
7,Nihilego,,https://raw.githubusercontent.com/PokeAPI/sprites/master/sprites/pokemon/other/showdown/793.gif,,
7,Buzzwole,,https://raw.githubusercontent.com/PokeAPI/sprites/master/sprites/pokemon/other/showdown/794.gif,,
7,Pheromosa,,https://raw.githubusercontent.com/PokeAPI/sprites/master/sprites/pokemon/other/showdown/795.gif,,
7,Xurkitree,,https://raw.githubusercontent.com/PokeAPI/sprites/master/sprites/pokemon/other/showdown/796.gif,,
7,Celesteela,,https://raw.githubusercontent.com/PokeAPI/sprites/master/sprites/pokemon/other/showdown/797.gif,,
7,Kartana,,https://raw.githubusercontent.com/PokeAPI/sprites/master/sprites/pokemon/other/showdown/798.gif,,
7,Guzzlord,,https://raw.githubusercontent.com/PokeAPI/sprites/master/sprites/pokemon/other/showdown/799.gif,,
7,Necrozma,,https://raw.githubusercontent.com/PokeAPI/sprites/master/sprites/pokemon/other/showdown/800.gif,,
7,Magearna,,https://raw.githubusercontent.com/PokeAPI/sprites/master/sprites/pokemon/other/showdown/801.gif,,
7,Marshadow,,https://raw.githubusercontent.com/PokeAPI/sprites/master/sprites/pokemon/other/showdown/802.gif,,
7,Poipole,,https://raw.githubusercontent.com/PokeAPI/sprites/master/sprites/pokemon/other/showdown/803.gif,,
7,Naganadel,,https://raw.githubusercontent.com/PokeAPI/sprites/master/sprites/pokemon/other/showdown/804.gif,,
7,Stakataka,,https://raw.githubusercontent.com/PokeAPI/sprites/master/sprites/pokemon/other/showdown/805.gif,,
7,Blacephalon,,https://raw.githubusercontent.com/PokeAPI/sprites/master/sprites/pokemon/other/showdown/806.gif,,
7,Zeraora,,https://raw.githubusercontent.com/PokeAPI/sprites/master/sprites/pokemon/other/showdown/807.gif,,
7,Meltan,,https://raw.githubusercontent.com/PokeAPI/sprites/master/sprites/pokemon/other/showdown/808.gif,,
7,Melmetal,,https://raw.githubusercontent.com/PokeAPI/sprites/master/sprites/pokemon/other/showdown/809.gif,,
8,Grookey,,https://raw.githubusercontent.com/PokeAPI/sprites/master/sprites/pokemon/other/showdown/810.gif,,
8,Thwackey,,https://raw.githubusercontent.com/PokeAPI/sprites/master/sprites/pokemon/other/showdown/811.gif,,
8,Rillaboom,,https://raw.githubusercontent.com/PokeAPI/sprites/master/sprites/pokemon/other/showdown/812.gif,,
8,Scorbunny,,https://raw.githubusercontent.com/PokeAPI/sprites/master/sprites/pokemon/other/showdown/813.gif,,
8,Raboot,,https://raw.githubusercontent.com/PokeAPI/sprites/master/sprites/pokemon/other/showdown/814.gif,,
8,Cinderace,,https://raw.githubusercontent.com/PokeAPI/sprites/master/sprites/pokemon/other/showdown/815.gif,,
8,Sobble,,https://raw.githubusercontent.com/PokeAPI/sprites/master/sprites/pokemon/other/showdown/816.gif,,
8,Drizzile,,https://raw.githubusercontent.com/PokeAPI/sprites/master/sprites/pokemon/other/showdown/817.gif,,
8,Inteleon,,https://raw.githubusercontent.com/PokeAPI/sprites/master/sprites/pokemon/other/showdown/818.gif,,
8,Skwovet,,https://raw.githubusercontent.com/PokeAPI/sprites/master/sprites/pokemon/other/showdown/819.gif,,
8,Greedent,,https://raw.githubusercontent.com/PokeAPI/sprites/master/sprites/pokemon/other/showdown/820.gif,,
8,Rookidee,,https://raw.githubusercontent.com/PokeAPI/sprites/master/sprites/pokemon/other/showdown/821.gif,,
8,Corvisquire,,https://raw.githubusercontent.com/PokeAPI/sprites/master/sprites/pokemon/other/showdown/822.gif,,
8,Corviknight,,https://raw.githubusercontent.com/PokeAPI/sprites/master/sprites/pokemon/other/showdown/823.gif,,
8,Blipbug,,https://raw.githubusercontent.com/PokeAPI/sprites/master/sprites/pokemon/other/showdown/824.gif,,
8,Dottler,,https://raw.githubusercontent.com/PokeAPI/sprites/master/sprites/pokemon/other/showdown/825.gif,,
8,Orbeetle,,https://raw.githubusercontent.com/PokeAPI/sprites/master/sprites/pokemon/other/showdown/826.gif,,
8,Nickit,,https://raw.githubusercontent.com/PokeAPI/sprites/master/sprites/pokemon/other/showdown/827.gif,,
8,Thievul,,https://raw.githubusercontent.com/PokeAPI/sprites/master/sprites/pokemon/other/showdown/828.gif,,
8,Gossifleur,,https://raw.githubusercontent.com/PokeAPI/sprites/master/sprites/pokemon/other/showdown/829.gif,,
8,Eldegoss,,https://raw.githubusercontent.com/PokeAPI/sprites/master/sprites/pokemon/other/showdown/830.gif,,
8,Wooloo,,https://raw.githubusercontent.com/PokeAPI/sprites/master/sprites/pokemon/other/showdown/831.gif,,
8,Dubwool,,https://raw.githubusercontent.com/PokeAPI/sprites/master/sprites/pokemon/other/showdown/832.gif,,
8,Chewtle,,https://raw.githubusercontent.com/PokeAPI/sprites/master/sprites/pokemon/other/showdown/833.gif,,
8,Drednaw,,https://raw.githubusercontent.com/PokeAPI/sprites/master/sprites/pokemon/other/showdown/834.gif,,
8,Yamper,,https://raw.githubusercontent.com/PokeAPI/sprites/master/sprites/pokemon/other/showdown/835.gif,,
8,Boltund,,https://raw.githubusercontent.com/PokeAPI/sprites/master/sprites/pokemon/other/showdown/836.gif,,
8,Rolycoly,,https://raw.githubusercontent.com/PokeAPI/sprites/master/sprites/pokemon/other/showdown/837.gif,,
8,Carkol,,https://raw.githubusercontent.com/PokeAPI/sprites/master/sprites/pokemon/other/showdown/838.gif,,
8,Coalossal,,https://raw.githubusercontent.com/PokeAPI/sprites/master/sprites/pokemon/other/showdown/839.gif,,
8,Applin,,https://raw.githubusercontent.com/PokeAPI/sprites/master/sprites/pokemon/other/showdown/840.gif,,
8,Flapple,,https://raw.githubusercontent.com/PokeAPI/sprites/master/sprites/pokemon/other/showdown/841.gif,,
8,Appletun,,https://raw.githubusercontent.com/PokeAPI/sprites/master/sprites/pokemon/other/showdown/842.gif,,
8,Silicobra,,https://raw.githubusercontent.com/PokeAPI/sprites/master/sprites/pokemon/other/showdown/843.gif,,
8,Sandaconda,,https://raw.githubusercontent.com/PokeAPI/sprites/master/sprites/pokemon/other/showdown/844.gif,,
8,Cramorant,,https://raw.githubusercontent.com/PokeAPI/sprites/master/sprites/pokemon/other/showdown/845.gif,,
8,Arrokuda,,https://raw.githubusercontent.com/PokeAPI/sprites/master/sprites/pokemon/other/showdown/846.gif,,
8,Barraskewda,,https://raw.githubusercontent.com/PokeAPI/sprites/master/sprites/pokemon/other/showdown/847.gif,,
8,Toxel,,https://raw.githubusercontent.com/PokeAPI/sprites/master/sprites/pokemon/other/showdown/848.gif,,
8,Toxtricity,,https://raw.githubusercontent.com/PokeAPI/sprites/master/sprites/pokemon/other/showdown/849.gif,,
8,Sizzlipede,,https://raw.githubusercontent.com/PokeAPI/sprites/master/sprites/pokemon/other/showdown/850.gif,,
8,Centiskorch,,https://raw.githubusercontent.com/PokeAPI/sprites/master/sprites/pokemon/other/showdown/851.gif,,
8,Clobbopus,,https://raw.githubusercontent.com/PokeAPI/sprites/master/sprites/pokemon/other/showdown/852.gif,,
8,Grapploct,,https://raw.githubusercontent.com/PokeAPI/sprites/master/sprites/pokemon/other/showdown/853.gif,,
8,Sinistea,,https://raw.githubusercontent.com/PokeAPI/sprites/master/sprites/pokemon/other/showdown/854.gif,,
8,Polteageist,,https://raw.githubusercontent.com/PokeAPI/sprites/master/sprites/pokemon/other/showdown/855.gif,,
8,Hatenna,,https://raw.githubusercontent.com/PokeAPI/sprites/master/sprites/pokemon/other/showdown/856.gif,,
8,Hattrem,,https://raw.githubusercontent.com/PokeAPI/sprites/master/sprites/pokemon/other/showdown/857.gif,,
8,Hatterene,,https://raw.githubusercontent.com/PokeAPI/sprites/master/sprites/pokemon/other/showdown/858.gif,,
8,Impidimp,,https://raw.githubusercontent.com/PokeAPI/sprites/master/sprites/pokemon/other/showdown/859.gif,,
8,Morgrem,,https://raw.githubusercontent.com/PokeAPI/sprites/master/sprites/pokemon/other/showdown/860.gif,,
8,Grimmsnarl,,https://raw.githubusercontent.com/PokeAPI/sprites/master/sprites/pokemon/other/showdown/861.gif,,
8,Obstagoon,,https://raw.githubusercontent.com/PokeAPI/sprites/master/sprites/pokemon/other/showdown/862.gif,,
8,Perrserker,,https://raw.githubusercontent.com/PokeAPI/sprites/master/sprites/pokemon/other/showdown/863.gif,,
8,Cursola,,https://raw.githubusercontent.com/PokeAPI/sprites/master/sprites/pokemon/other/showdown/864.gif,,
8,Sirfetchd,,https://raw.githubusercontent.com/PokeAPI/sprites/master/sprites/pokemon/other/showdown/865.gif,,
8,Mr-rime,,https://raw.githubusercontent.com/PokeAPI/sprites/master/sprites/pokemon/other/showdown/866.gif,,
8,Runerigus,,https://raw.githubusercontent.com/PokeAPI/sprites/master/sprites/pokemon/other/showdown/867.gif,,
8,Milcery,,https://raw.githubusercontent.com/PokeAPI/sprites/master/sprites/pokemon/other/showdown/868.gif,,
8,Alcremie,,https://raw.githubusercontent.com/PokeAPI/sprites/master/sprites/pokemon/other/showdown/869.gif,,
8,Falinks,,https://raw.githubusercontent.com/PokeAPI/sprites/master/sprites/pokemon/other/showdown/870.gif,,
8,Pincurchin,,https://raw.githubusercontent.com/PokeAPI/sprites/master/sprites/pokemon/other/showdown/871.gif,,
8,Snom,,https://raw.githubusercontent.com/PokeAPI/sprites/master/sprites/pokemon/other/showdown/872.gif,,
8,Frosmoth,,https://raw.githubusercontent.com/PokeAPI/sprites/master/sprites/pokemon/other/showdown/873.gif,,
8,Stonjourner,,https://raw.githubusercontent.com/PokeAPI/sprites/master/sprites/pokemon/other/showdown/874.gif,,
8,Eiscue,,https://raw.githubusercontent.com/PokeAPI/sprites/master/sprites/pokemon/other/showdown/875.gif,,
8,Indeedee,,https://raw.githubusercontent.com/PokeAPI/sprites/master/sprites/pokemon/other/showdown/876.gif,,
8,Morpeko,,https://raw.githubusercontent.com/PokeAPI/sprites/master/sprites/pokemon/other/showdown/877.gif,,
8,Cufant,,https://raw.githubusercontent.com/PokeAPI/sprites/master/sprites/pokemon/other/showdown/878.gif,,
8,Copperajah,,https://raw.githubusercontent.com/PokeAPI/sprites/master/sprites/pokemon/other/showdown/879.gif,,
8,Dracozolt,,https://raw.githubusercontent.com/PokeAPI/sprites/master/sprites/pokemon/other/showdown/880.gif,,
8,Arctozolt,,https://raw.githubusercontent.com/PokeAPI/sprites/master/sprites/pokemon/other/showdown/881.gif,,
8,Dracovish,,https://raw.githubusercontent.com/PokeAPI/sprites/master/sprites/pokemon/other/showdown/882.gif,,
8,Arctovish,,https://raw.githubusercontent.com/PokeAPI/sprites/master/sprites/pokemon/other/showdown/883.gif,,
8,Duraludon,,https://raw.githubusercontent.com/PokeAPI/sprites/master/sprites/pokemon/other/showdown/884.gif,,
8,Dreepy,,https://raw.githubusercontent.com/PokeAPI/sprites/master/sprites/pokemon/other/showdown/885.gif,,
8,Drakloak,,https://raw.githubusercontent.com/PokeAPI/sprites/master/sprites/pokemon/other/showdown/886.gif,,
8,Dragapult,,https://raw.githubusercontent.com/PokeAPI/sprites/master/sprites/pokemon/other/showdown/887.gif,,
8,Zacian,,https://raw.githubusercontent.com/PokeAPI/sprites/master/sprites/pokemon/other/showdown/888.gif,,
8,Zamazenta,,https://raw.githubusercontent.com/PokeAPI/sprites/master/sprites/pokemon/other/showdown/889.gif,,
8,Eternatus,,https://raw.githubusercontent.com/PokeAPI/sprites/master/sprites/pokemon/other/showdown/890.gif,,
8,Kubfu,,https://raw.githubusercontent.com/PokeAPI/sprites/master/sprites/pokemon/other/showdown/891.gif,,
8,Urshifu,,https://raw.githubusercontent.com/PokeAPI/sprites/master/sprites/pokemon/other/showdown/892.gif,,
8,Zarude,,https://raw.githubusercontent.com/PokeAPI/sprites/master/sprites/pokemon/other/showdown/893.gif,,
8,Regieleki,,https://raw.githubusercontent.com/PokeAPI/sprites/master/sprites/pokemon/other/showdown/894.gif,,
8,Regidrago,,https://raw.githubusercontent.com/PokeAPI/sprites/master/sprites/pokemon/other/showdown/895.gif,,
8,Glastrier,,https://raw.githubusercontent.com/PokeAPI/sprites/master/sprites/pokemon/other/showdown/896.gif,,
8,Spectrier,,https://raw.githubusercontent.com/PokeAPI/sprites/master/sprites/pokemon/other/showdown/897.gif,,
8,Calyrex,,https://raw.githubusercontent.com/PokeAPI/sprites/master/sprites/pokemon/other/showdown/898.gif,,
8,Wyrdeer,,https://raw.githubusercontent.com/PokeAPI/sprites/master/sprites/pokemon/other/showdown/899.gif,,
8,Kleavor,,https://raw.githubusercontent.com/PokeAPI/sprites/master/sprites/pokemon/other/showdown/900.gif,,
8,Ursaluna,,https://raw.githubusercontent.com/PokeAPI/sprites/master/sprites/pokemon/other/showdown/901.gif,,
8,Basculegion,,https://raw.githubusercontent.com/PokeAPI/sprites/master/sprites/pokemon/other/showdown/902.gif,,
8,Sneasler,,https://raw.githubusercontent.com/PokeAPI/sprites/master/sprites/pokemon/other/showdown/903.gif,,
8,Overqwil,,https://raw.githubusercontent.com/PokeAPI/sprites/master/sprites/pokemon/other/showdown/904.gif,,
8,Enamorus,,https://raw.githubusercontent.com/PokeAPI/sprites/master/sprites/pokemon/other/showdown/905.gif,,
9,Sprigatito,,https://raw.githubusercontent.com/PokeAPI/sprites/master/sprites/pokemon/other/showdown/906.gif,,
9,Floragato,,https://raw.githubusercontent.com/PokeAPI/sprites/master/sprites/pokemon/other/showdown/907.gif,,
9,Meowscarada,,https://raw.githubusercontent.com/PokeAPI/sprites/master/sprites/pokemon/other/showdown/908.gif,,
9,Fuecoco,,https://raw.githubusercontent.com/PokeAPI/sprites/master/sprites/pokemon/other/showdown/909.gif,,
9,Crocalor,,https://raw.githubusercontent.com/PokeAPI/sprites/master/sprites/pokemon/other/showdown/910.gif,,
9,Skeledirge,,https://raw.githubusercontent.com/PokeAPI/sprites/master/sprites/pokemon/other/showdown/911.gif,,
9,Quaxly,,https://raw.githubusercontent.com/PokeAPI/sprites/master/sprites/pokemon/other/showdown/912.gif,,
9,Quaxwell,,https://raw.githubusercontent.com/PokeAPI/sprites/master/sprites/pokemon/other/showdown/913.gif,,
9,Quaquaval,,https://raw.githubusercontent.com/PokeAPI/sprites/master/sprites/pokemon/other/showdown/914.gif,,
9,Lechonk,,https://raw.githubusercontent.com/PokeAPI/sprites/master/sprites/pokemon/other/showdown/915.gif,,
9,Oinkologne,,https://raw.githubusercontent.com/PokeAPI/sprites/master/sprites/pokemon/other/showdown/916.gif,,
9,Tarountula,,https://raw.githubusercontent.com/PokeAPI/sprites/master/sprites/pokemon/other/showdown/917.gif,,
9,Spidops,,https://raw.githubusercontent.com/PokeAPI/sprites/master/sprites/pokemon/other/showdown/918.gif,,
9,Nymble,,https://raw.githubusercontent.com/PokeAPI/sprites/master/sprites/pokemon/other/showdown/919.gif,,
9,Lokix,,https://raw.githubusercontent.com/PokeAPI/sprites/master/sprites/pokemon/other/showdown/920.gif,,
9,Pawmi,,https://raw.githubusercontent.com/PokeAPI/sprites/master/sprites/pokemon/other/showdown/921.gif,,
9,Pawmo,,https://raw.githubusercontent.com/PokeAPI/sprites/master/sprites/pokemon/other/showdown/922.gif,,
9,Pawmot,,https://raw.githubusercontent.com/PokeAPI/sprites/master/sprites/pokemon/other/showdown/923.gif,,
9,Tandemaus,,https://raw.githubusercontent.com/PokeAPI/sprites/master/sprites/pokemon/other/showdown/924.gif,,
9,Maushold,,https://raw.githubusercontent.com/PokeAPI/sprites/master/sprites/pokemon/other/showdown/925.gif,,
9,Fidough,,https://raw.githubusercontent.com/PokeAPI/sprites/master/sprites/pokemon/926.png,,
9,Dachsbun,,https://raw.githubusercontent.com/PokeAPI/sprites/master/sprites/pokemon/927.png,,
9,Smoliv,,https://raw.githubusercontent.com/PokeAPI/sprites/master/sprites/pokemon/other/showdown/928.gif,,
9,Dolliv,,https://raw.githubusercontent.com/PokeAPI/sprites/master/sprites/pokemon/other/showdown/929.gif,,
9,Arboliva,,https://raw.githubusercontent.com/PokeAPI/sprites/master/sprites/pokemon/other/showdown/930.gif,,
9,Squawkabilly,,https://raw.githubusercontent.com/PokeAPI/sprites/master/sprites/pokemon/other/showdown/931.gif,,
9,Nacli,,https://raw.githubusercontent.com/PokeAPI/sprites/master/sprites/pokemon/932.png,,
9,Naclstack,,https://raw.githubusercontent.com/PokeAPI/sprites/master/sprites/pokemon/933.png,,
9,Garganacl,,https://raw.githubusercontent.com/PokeAPI/sprites/master/sprites/pokemon/934.png,,
9,Charcadet,,https://raw.githubusercontent.com/PokeAPI/sprites/master/sprites/pokemon/935.png,,
9,Armarouge,,https://raw.githubusercontent.com/PokeAPI/sprites/master/sprites/pokemon/936.png,,
9,Ceruledge,,https://raw.githubusercontent.com/PokeAPI/sprites/master/sprites/pokemon/937.png,,
9,Tadbulb,,https://raw.githubusercontent.com/PokeAPI/sprites/master/sprites/pokemon/other/showdown/938.gif,,
9,Bellibolt,,https://raw.githubusercontent.com/PokeAPI/sprites/master/sprites/pokemon/other/showdown/939.gif,,
9,Wattrel,,https://raw.githubusercontent.com/PokeAPI/sprites/master/sprites/pokemon/940.png,,
9,Kilowattrel,,https://raw.githubusercontent.com/PokeAPI/sprites/master/sprites/pokemon/941.png,,
9,Maschiff,,https://raw.githubusercontent.com/PokeAPI/sprites/master/sprites/pokemon/942.png,,
9,Mabosstiff,,https://raw.githubusercontent.com/PokeAPI/sprites/master/sprites/pokemon/943.png,,
9,Shroodle,,https://raw.githubusercontent.com/PokeAPI/sprites/master/sprites/pokemon/944.png,,
9,Grafaiai,,https://raw.githubusercontent.com/PokeAPI/sprites/master/sprites/pokemon/945.png,,
9,Bramblin,,https://raw.githubusercontent.com/PokeAPI/sprites/master/sprites/pokemon/946.png,,
9,Brambleghast,,https://raw.githubusercontent.com/PokeAPI/sprites/master/sprites/pokemon/947.png,,
9,Toedscool,,https://raw.githubusercontent.com/PokeAPI/sprites/master/sprites/pokemon/948.png,,
9,Toedscruel,,https://raw.githubusercontent.com/PokeAPI/sprites/master/sprites/pokemon/949.png,,
9,Klawf,,https://raw.githubusercontent.com/PokeAPI/sprites/master/sprites/pokemon/950.png,,
9,Capsakid,,https://raw.githubusercontent.com/PokeAPI/sprites/master/sprites/pokemon/other/showdown/951.gif,,
9,Scovillain,,https://raw.githubusercontent.com/PokeAPI/sprites/master/sprites/pokemon/other/showdown/952.gif,,
9,Rellor,,https://raw.githubusercontent.com/PokeAPI/sprites/master/sprites/pokemon/other/showdown/953.gif,,
9,Rabsca,,https://raw.githubusercontent.com/PokeAPI/sprites/master/sprites/pokemon/other/showdown/954.gif,,
9,Flittle,,https://raw.githubusercontent.com/PokeAPI/sprites/master/sprites/pokemon/other/showdown/955.gif,,
9,Espathra,,https://raw.githubusercontent.com/PokeAPI/sprites/master/sprites/pokemon/other/showdown/956.gif,,
9,Tinkatink,,https://raw.githubusercontent.com/PokeAPI/sprites/master/sprites/pokemon/other/showdown/957.gif,,
9,Tinkatuff,,https://raw.githubusercontent.com/PokeAPI/sprites/master/sprites/pokemon/other/showdown/958.gif,,
9,Tinkaton,,https://raw.githubusercontent.com/PokeAPI/sprites/master/sprites/pokemon/other/showdown/959.gif,,
9,Wiglett,,https://raw.githubusercontent.com/PokeAPI/sprites/master/sprites/pokemon/other/showdown/960.gif,,
9,Wugtrio,,https://raw.githubusercontent.com/PokeAPI/sprites/master/sprites/pokemon/other/showdown/961.gif,,
9,Bombirdier,,https://raw.githubusercontent.com/PokeAPI/sprites/master/sprites/pokemon/962.png,,
9,Finizen,,https://raw.githubusercontent.com/PokeAPI/sprites/master/sprites/pokemon/other/showdown/963.gif,,
9,Palafin,,https://raw.githubusercontent.com/PokeAPI/sprites/master/sprites/pokemon/other/showdown/964.gif,,
9,Varoom,,https://raw.githubusercontent.com/PokeAPI/sprites/master/sprites/pokemon/other/showdown/965.gif,,
9,Revavroom,,https://raw.githubusercontent.com/PokeAPI/sprites/master/sprites/pokemon/other/showdown/966.gif,,
9,Cyclizar,,https://raw.githubusercontent.com/PokeAPI/sprites/master/sprites/pokemon/other/showdown/967.gif,,
9,Orthworm,,https://raw.githubusercontent.com/PokeAPI/sprites/master/sprites/pokemon/other/showdown/968.gif,,
9,Glimmet,,https://raw.githubusercontent.com/PokeAPI/sprites/master/sprites/pokemon/969.png,,
9,Glimmora,,https://raw.githubusercontent.com/PokeAPI/sprites/master/sprites/pokemon/970.png,,
9,Greavard,,https://raw.githubusercontent.com/PokeAPI/sprites/master/sprites/pokemon/other/showdown/971.gif,,
9,Houndstone,,https://raw.githubusercontent.com/PokeAPI/sprites/master/sprites/pokemon/other/showdown/972.gif,,
9,Flamigo,,https://raw.githubusercontent.com/PokeAPI/sprites/master/sprites/pokemon/other/showdown/973.gif,,
9,Cetoddle,,https://raw.githubusercontent.com/PokeAPI/sprites/master/sprites/pokemon/other/showdown/974.gif,,
9,Cetitan,,https://raw.githubusercontent.com/PokeAPI/sprites/master/sprites/pokemon/other/showdown/975.gif,,
9,Veluza,,https://raw.githubusercontent.com/PokeAPI/sprites/master/sprites/pokemon/other/showdown/976.gif,,
9,Dondozo,,https://raw.githubusercontent.com/PokeAPI/sprites/master/sprites/pokemon/other/showdown/977.gif,,
9,Tatsugiri,,https://raw.githubusercontent.com/PokeAPI/sprites/master/sprites/pokemon/other/showdown/978.gif,,
9,Annihilape,,https://raw.githubusercontent.com/PokeAPI/sprites/master/sprites/pokemon/other/showdown/979.gif,,
9,Clodsire,,https://raw.githubusercontent.com/PokeAPI/sprites/master/sprites/pokemon/other/showdown/980.gif,,
9,Farigiraf,,https://raw.githubusercontent.com/PokeAPI/sprites/master/sprites/pokemon/other/showdown/981.gif,,
9,Dudunsparce,,https://raw.githubusercontent.com/PokeAPI/sprites/master/sprites/pokemon/other/showdown/982.gif,,
9,Kingambit,,https://raw.githubusercontent.com/PokeAPI/sprites/master/sprites/pokemon/983.png,,
9,Great-tusk,,https://raw.githubusercontent.com/PokeAPI/sprites/master/sprites/pokemon/984.png,,
9,Scream-tail,,https://raw.githubusercontent.com/PokeAPI/sprites/master/sprites/pokemon/985.png,,
9,Brute-bonnet,,https://raw.githubusercontent.com/PokeAPI/sprites/master/sprites/pokemon/986.png,,
9,Flutter-mane,,https://raw.githubusercontent.com/PokeAPI/sprites/master/sprites/pokemon/987.png,,
9,Slither-wing,,https://raw.githubusercontent.com/PokeAPI/sprites/master/sprites/pokemon/988.png,,
9,Sandy-shocks,,https://raw.githubusercontent.com/PokeAPI/sprites/master/sprites/pokemon/989.png,,
9,Iron-treads,,https://raw.githubusercontent.com/PokeAPI/sprites/master/sprites/pokemon/990.png,,
9,Iron-bundle,,https://raw.githubusercontent.com/PokeAPI/sprites/master/sprites/pokemon/991.png,,
9,Iron-hands,,https://raw.githubusercontent.com/PokeAPI/sprites/master/sprites/pokemon/992.png,,
9,Iron-jugulis,,https://raw.githubusercontent.com/PokeAPI/sprites/master/sprites/pokemon/993.png,,
9,Iron-moth,,https://raw.githubusercontent.com/PokeAPI/sprites/master/sprites/pokemon/994.png,,
9,Iron-thorns,,https://raw.githubusercontent.com/PokeAPI/sprites/master/sprites/pokemon/995.png,,
9,Frigibax,,https://raw.githubusercontent.com/PokeAPI/sprites/master/sprites/pokemon/996.png,,
9,Arctibax,,https://raw.githubusercontent.com/PokeAPI/sprites/master/sprites/pokemon/997.png,,
9,Baxcalibur,,https://raw.githubusercontent.com/PokeAPI/sprites/master/sprites/pokemon/998.png,,
9,Gimmighoul,,https://raw.githubusercontent.com/PokeAPI/sprites/master/sprites/pokemon/999.png,,
9,Gholdengo,,https://raw.githubusercontent.com/PokeAPI/sprites/master/sprites/pokemon/1000.png,,
9,Wo-chien,,https://raw.githubusercontent.com/PokeAPI/sprites/master/sprites/pokemon/1001.png,,
9,Chien-pao,,https://raw.githubusercontent.com/PokeAPI/sprites/master/sprites/pokemon/1002.png,,
9,Ting-lu,,https://raw.githubusercontent.com/PokeAPI/sprites/master/sprites/pokemon/1003.png,,
9,Chi-yu,,https://raw.githubusercontent.com/PokeAPI/sprites/master/sprites/pokemon/1004.png,,
9,Roaring-moon,,https://raw.githubusercontent.com/PokeAPI/sprites/master/sprites/pokemon/1005.png,,
9,Iron-valiant,,https://raw.githubusercontent.com/PokeAPI/sprites/master/sprites/pokemon/1006.png,,
9,Koraidon,,https://raw.githubusercontent.com/PokeAPI/sprites/master/sprites/pokemon/1007.png,,
9,Miraidon,,https://raw.githubusercontent.com/PokeAPI/sprites/master/sprites/pokemon/1008.png,,
9,Walking-wake,,https://raw.githubusercontent.com/PokeAPI/sprites/master/sprites/pokemon/1009.png,,
9,Iron-leaves,,https://raw.githubusercontent.com/PokeAPI/sprites/master/sprites/pokemon/1010.png,,
9,Dipplin,,https://raw.githubusercontent.com/PokeAPI/sprites/master/sprites/pokemon/1011.png,,
9,Poltchageist,,https://raw.githubusercontent.com/PokeAPI/sprites/master/sprites/pokemon/1012.png,,
9,Sinistcha,,https://raw.githubusercontent.com/PokeAPI/sprites/master/sprites/pokemon/1013.png,,
9,Okidogi,,https://raw.githubusercontent.com/PokeAPI/sprites/master/sprites/pokemon/1014.png,,
9,Munkidori,,https://raw.githubusercontent.com/PokeAPI/sprites/master/sprites/pokemon/1015.png,,
9,Fezandipiti,,https://raw.githubusercontent.com/PokeAPI/sprites/master/sprites/pokemon/1016.png,,
9,Ogerpon,,https://raw.githubusercontent.com/PokeAPI/sprites/master/sprites/pokemon/1017.png,,
9,Archaludon,,https://raw.githubusercontent.com/PokeAPI/sprites/master/sprites/pokemon/1018.png,,
9,Hydrapple,,https://raw.githubusercontent.com/PokeAPI/sprites/master/sprites/pokemon/1019.png,,
9,Gouging-fire,,https://raw.githubusercontent.com/PokeAPI/sprites/master/sprites/pokemon/1020.png,,
9,Raging-bolt,,https://raw.githubusercontent.com/PokeAPI/sprites/master/sprites/pokemon/1021.png,,
9,Iron-boulder,,https://raw.githubusercontent.com/PokeAPI/sprites/master/sprites/pokemon/1022.png,,
9,Iron-crown,,https://raw.githubusercontent.com/PokeAPI/sprites/master/sprites/pokemon/1023.png,,
9,Terapagos,,https://raw.githubusercontent.com/PokeAPI/sprites/master/sprites/pokemon/1024.png,,
9,Pecharunt,,https://raw.githubusercontent.com/PokeAPI/sprites/master/sprites/pokemon/1025.png,,
