generation,name,pokemon_number,image_url,pokemon_url,type,description,source_url
1,Bulbasaur,,https://raw.githubusercontent.com/PokeAPI/sprites/master/sprites/pokemon/other/showdown/1.gif,https://www.phygitals.com/pokemon/1,,,https://www.phygitals.com/pokemon/generation/1
1,Ivysaur,,https://raw.githubusercontent.com/PokeAPI/sprites/master/sprites/pokemon/other/showdown/2.gif,https://www.phygitals.com/pokemon/2,,,https://www.phygitals.com/pokemon/generation/1
1,Venusaur,,https://raw.githubusercontent.com/PokeAPI/sprites/master/sprites/pokemon/other/showdown/3.gif,https://www.phygitals.com/pokemon/3,,,https://www.phygitals.com/pokemon/generation/1
1,Charmander,,https://raw.githubusercontent.com/PokeAPI/sprites/master/sprites/pokemon/other/showdown/4.gif,https://www.phygitals.com/pokemon/4,,,https://www.phygitals.com/pokemon/generation/1
1,Charmeleon,,https://raw.githubusercontent.com/PokeAPI/sprites/master/sprites/pokemon/other/showdown/5.gif,https://www.phygitals.com/pokemon/5,,,https://www.phygitals.com/pokemon/generation/1
1,Charizard,,https://raw.githubusercontent.com/PokeAPI/sprites/master/sprites/pokemon/other/showdown/6.gif,https://www.phygitals.com/pokemon/6,,,https://www.phygitals.com/pokemon/generation/1
1,Squirtle,,https://raw.githubusercontent.com/PokeAPI/sprites/master/sprites/pokemon/other/showdown/7.gif,https://www.phygitals.com/pokemon/7,,,https://www.phygitals.com/pokemon/generation/1
1,Wartortle,,https://raw.githubusercontent.com/PokeAPI/sprites/master/sprites/pokemon/other/showdown/8.gif,https://www.phygitals.com/pokemon/8,,,https://www.phygitals.com/pokemon/generation/1
1,Blastoise,,https://raw.githubusercontent.com/PokeAPI/sprites/master/sprites/pokemon/other/showdown/9.gif,https://www.phygitals.com/pokemon/9,,,https://www.phygitals.com/pokemon/generation/1
1,Caterpie,,https://raw.githubusercontent.com/PokeAPI/sprites/master/sprites/pokemon/other/showdown/10.gif,https://www.phygitals.com/pokemon/10,,,https://www.phygitals.com/pokemon/generation/1
1,Metapod,,https://raw.githubusercontent.com/PokeAPI/sprites/master/sprites/pokemon/other/showdown/11.gif,https://www.phygitals.com/pokemon/11,,,https://www.phygitals.com/pokemon/generation/1
1,Butterfree,,https://raw.githubusercontent.com/PokeAPI/sprites/master/sprites/pokemon/other/showdown/12.gif,https://www.phygitals.com/pokemon/12,,,https://www.phygitals.com/pokemon/generation/1
1,Weedle,,https://raw.githubusercontent.com/PokeAPI/sprites/master/sprites/pokemon/other/showdown/13.gif,https://www.phygitals.com/pokemon/13,,,https://www.phygitals.com/pokemon/generation/1
1,Kakuna,,https://raw.githubusercontent.com/PokeAPI/sprites/master/sprites/pokemon/other/showdown/14.gif,https://www.phygitals.com/pokemon/14,,,https://www.phygitals.com/pokemon/generation/1
1,Beedrill,,https://raw.githubusercontent.com/PokeAPI/sprites/master/sprites/pokemon/other/showdown/15.gif,https://www.phygitals.com/pokemon/15,,,https://www.phygitals.com/pokemon/generation/1
1,Pidgey,,https://raw.githubusercontent.com/PokeAPI/sprites/master/sprites/pokemon/other/showdown/16.gif,https://www.phygitals.com/pokemon/16,,,https://www.phygitals.com/pokemon/generation/1
1,Pidgeotto,,https://raw.githubusercontent.com/PokeAPI/sprites/master/sprites/pokemon/other/showdown/17.gif,https://www.phygitals.com/pokemon/17,,,https://www.phygitals.com/pokemon/generation/1
1,Pidgeot,,https://raw.githubusercontent.com/PokeAPI/sprites/master/sprites/pokemon/other/showdown/18.gif,https://www.phygitals.com/pokemon/18,,,https://www.phygitals.com/pokemon/generation/1
1,Rattata,,https://raw.githubusercontent.com/PokeAPI/sprites/master/sprites/pokemon/other/showdown/19.gif,https://www.phygitals.com/pokemon/19,,,https://www.phygitals.com/pokemon/generation/1
1,Raticate,,https://raw.githubusercontent.com/PokeAPI/sprites/master/sprites/pokemon/other/showdown/20.gif,https://www.phygitals.com/pokemon/20,,,https://www.phygitals.com/pokemon/generation/1
1,Spearow,,https://raw.githubusercontent.com/PokeAPI/sprites/master/sprites/pokemon/other/showdown/21.gif,https://www.phygitals.com/pokemon/21,,,https://www.phygitals.com/pokemon/generation/1
1,Fearow,,https://raw.githubusercontent.com/PokeAPI/sprites/master/sprites/pokemon/other/showdown/22.gif,https://www.phygitals.com/pokemon/22,,,https://www.phygitals.com/pokemon/generation/1
1,Ekans,,https://raw.githubusercontent.com/PokeAPI/sprites/master/sprites/pokemon/other/showdown/23.gif,https://www.phygitals.com/pokemon/23,,,https://www.phygitals.com/pokemon/generation/1
1,Arbok,,https://raw.githubusercontent.com/PokeAPI/sprites/master/sprites/pokemon/other/showdown/24.gif,https://www.phygitals.com/pokemon/24,,,https://www.phygitals.com/pokemon/generation/1
1,Pikachu,,https://raw.githubusercontent.com/PokeAPI/sprites/master/sprites/pokemon/other/showdown/25.gif,https://www.phygitals.com/pokemon/25,,,https://www.phygitals.com/pokemon/generation/1
1,Raichu,,https://raw.githubusercontent.com/PokeAPI/sprites/master/sprites/pokemon/other/showdown/26.gif,https://www.phygitals.com/pokemon/26,,,https://www.phygitals.com/pokemon/generation/1
1,Sandshrew,,https://raw.githubusercontent.com/PokeAPI/sprites/master/sprites/pokemon/other/showdown/27.gif,https://www.phygitals.com/pokemon/27,,,https://www.phygitals.com/pokemon/generation/1
1,Sandslash,,https://raw.githubusercontent.com/PokeAPI/sprites/master/sprites/pokemon/other/showdown/28.gif,https://www.phygitals.com/pokemon/28,,,https://www.phygitals.com/pokemon/generation/1
1,Nidoran-f,,https://raw.githubusercontent.com/PokeAPI/sprites/master/sprites/pokemon/other/showdown/29.gif,https://www.phygitals.com/pokemon/29,,,https://www.phygitals.com/pokemon/generation/1
1,Nidorina,,https://raw.githubusercontent.com/PokeAPI/sprites/master/sprites/pokemon/other/showdown/30.gif,https://www.phygitals.com/pokemon/30,,,https://www.phygitals.com/pokemon/generation/1
1,Nidoqueen,,https://raw.githubusercontent.com/PokeAPI/sprites/master/sprites/pokemon/other/showdown/31.gif,https://www.phygitals.com/pokemon/31,,,https://www.phygitals.com/pokemon/generation/1
1,Nidoran-m,,https://raw.githubusercontent.com/PokeAPI/sprites/master/sprites/pokemon/other/showdown/32.gif,https://www.phygitals.com/pokemon/32,,,https://www.phygitals.com/pokemon/generation/1
1,Nidorino,,https://raw.githubusercontent.com/PokeAPI/sprites/master/sprites/pokemon/other/showdown/33.gif,https://www.phygitals.com/pokemon/33,,,https://www.phygitals.com/pokemon/generation/1
1,Nidoking,,https://raw.githubusercontent.com/PokeAPI/sprites/master/sprites/pokemon/other/showdown/34.gif,https://www.phygitals.com/pokemon/34,,,https://www.phygitals.com/pokemon/generation/1
1,Clefairy,,https://raw.githubusercontent.com/PokeAPI/sprites/master/sprites/pokemon/other/showdown/35.gif,https://www.phygitals.com/pokemon/35,,,https://www.phygitals.com/pokemon/generation/1
1,Clefable,,https://raw.githubusercontent.com/PokeAPI/sprites/master/sprites/pokemon/other/showdown/36.gif,https://www.phygitals.com/pokemon/36,,,https://www.phygitals.com/pokemon/generation/1
1,Vulpix,,https://raw.githubusercontent.com/PokeAPI/sprites/master/sprites/pokemon/other/showdown/37.gif,https://www.phygitals.com/pokemon/37,,,https://www.phygitals.com/pokemon/generation/1
1,Ninetales,,https://raw.githubusercontent.com/PokeAPI/sprites/master/sprites/pokemon/other/showdown/38.gif,https://www.phygitals.com/pokemon/38,,,https://www.phygitals.com/pokemon/generation/1
1,Jigglypuff,,https://raw.githubusercontent.com/PokeAPI/sprites/master/sprites/pokemon/other/showdown/39.gif,https://www.phygitals.com/pokemon/39,,,https://www.phygitals.com/pokemon/generation/1
1,Wigglytuff,,https://raw.githubusercontent.com/PokeAPI/sprites/master/sprites/pokemon/other/showdown/40.gif,https://www.phygitals.com/pokemon/40,,,https://www.phygitals.com/pokemon/generation/1
1,Zubat,,https://raw.githubusercontent.com/PokeAPI/sprites/master/sprites/pokemon/other/showdown/41.gif,https://www.phygitals.com/pokemon/41,,,https://www.phygitals.com/pokemon/generation/1
1,Golbat,,https://raw.githubusercontent.com/PokeAPI/sprites/master/sprites/pokemon/other/showdown/42.gif,https://www.phygitals.com/pokemon/42,,,https://www.phygitals.com/pokemon/generation/1
1,Oddish,,https://raw.githubusercontent.com/PokeAPI/sprites/master/sprites/pokemon/other/showdown/43.gif,https://www.phygitals.com/pokemon/43,,,https://www.phygitals.com/pokemon/generation/1
1,Gloom,,https://raw.githubusercontent.com/PokeAPI/sprites/master/sprites/pokemon/other/showdown/44.gif,https://www.phygitals.com/pokemon/44,,,https://www.phygitals.com/pokemon/generation/1
1,Vileplume,,https://raw.githubusercontent.com/PokeAPI/sprites/master/sprites/pokemon/other/showdown/45.gif,https://www.phygitals.com/pokemon/45,,,https://www.phygitals.com/pokemon/generation/1
1,Paras,,https://raw.githubusercontent.com/PokeAPI/sprites/master/sprites/pokemon/other/showdown/46.gif,https://www.phygitals.com/pokemon/46,,,https://www.phygitals.com/pokemon/generation/1
1,Parasect,,https://raw.githubusercontent.com/PokeAPI/sprites/master/sprites/pokemon/other/showdown/47.gif,https://www.phygitals.com/pokemon/47,,,https://www.phygitals.com/pokemon/generation/1
1,Venonat,,https://raw.githubusercontent.com/PokeAPI/sprites/master/sprites/pokemon/other/showdown/48.gif,https://www.phygitals.com/pokemon/48,,,https://www.phygitals.com/pokemon/generation/1
1,Venomoth,,https://raw.githubusercontent.com/PokeAPI/sprites/master/sprites/pokemon/other/showdown/49.gif,https://www.phygitals.com/pokemon/49,,,https://www.phygitals.com/pokemon/generation/1
1,Diglett,,https://raw.githubusercontent.com/PokeAPI/sprites/master/sprites/pokemon/other/showdown/50.gif,https://www.phygitals.com/pokemon/50,,,https://www.phygitals.com/pokemon/generation/1
1,Dugtrio,,https://raw.githubusercontent.com/PokeAPI/sprites/master/sprites/pokemon/other/showdown/51.gif,https://www.phygitals.com/pokemon/51,,,https://www.phygitals.com/pokemon/generation/1
1,Meowth,,https://raw.githubusercontent.com/PokeAPI/sprites/master/sprites/pokemon/other/showdown/52.gif,https://www.phygitals.com/pokemon/52,,,https://www.phygitals.com/pokemon/generation/1
1,Persian,,https://raw.githubusercontent.com/PokeAPI/sprites/master/sprites/pokemon/other/showdown/53.gif,https://www.phygitals.com/pokemon/53,,,https://www.phygitals.com/pokemon/generation/1
1,Psyduck,,https://raw.githubusercontent.com/PokeAPI/sprites/master/sprites/pokemon/other/showdown/54.gif,https://www.phygitals.com/pokemon/54,,,https://www.phygitals.com/pokemon/generation/1
1,Golduck,,https://raw.githubusercontent.com/PokeAPI/sprites/master/sprites/pokemon/other/showdown/55.gif,https://www.phygitals.com/pokemon/55,,,https://www.phygitals.com/pokemon/generation/1
1,Mankey,,https://raw.githubusercontent.com/PokeAPI/sprites/master/sprites/pokemon/other/showdown/56.gif,https://www.phygitals.com/pokemon/56,,,https://www.phygitals.com/pokemon/generation/1
1,Primeape,,https://raw.githubusercontent.com/PokeAPI/sprites/master/sprites/pokemon/other/showdown/57.gif,https://www.phygitals.com/pokemon/57,,,https://www.phygitals.com/pokemon/generation/1
1,Growlithe,,https://raw.githubusercontent.com/PokeAPI/sprites/master/sprites/pokemon/other/showdown/58.gif,https://www.phygitals.com/pokemon/58,,,https://www.phygitals.com/pokemon/generation/1
1,Arcanine,,https://raw.githubusercontent.com/PokeAPI/sprites/master/sprites/pokemon/other/showdown/59.gif,https://www.phygitals.com/pokemon/59,,,https://www.phygitals.com/pokemon/generation/1
1,Poliwag,,https://raw.githubusercontent.com/PokeAPI/sprites/master/sprites/pokemon/other/showdown/60.gif,https://www.phygitals.com/pokemon/60,,,https://www.phygitals.com/pokemon/generation/1
1,Poliwhirl,,https://raw.githubusercontent.com/PokeAPI/sprites/master/sprites/pokemon/other/showdown/61.gif,https://www.phygitals.com/pokemon/61,,,https://www.phygitals.com/pokemon/generation/1
1,Poliwrath,,https://raw.githubusercontent.com/PokeAPI/sprites/master/sprites/pokemon/other/showdown/62.gif,https://www.phygitals.com/pokemon/62,,,https://www.phygitals.com/pokemon/generation/1
1,Abra,,https://raw.githubusercontent.com/PokeAPI/sprites/master/sprites/pokemon/other/showdown/63.gif,https://www.phygitals.com/pokemon/63,,,https://www.phygitals.com/pokemon/generation/1
1,Kadabra,,https://raw.githubusercontent.com/PokeAPI/sprites/master/sprites/pokemon/other/showdown/64.gif,https://www.phygitals.com/pokemon/64,,,https://www.phygitals.com/pokemon/generation/1
1,Alakazam,,https://raw.githubusercontent.com/PokeAPI/sprites/master/sprites/pokemon/other/showdown/65.gif,https://www.phygitals.com/pokemon/65,,,https://www.phygitals.com/pokemon/generation/1
1,Machop,,https://raw.githubusercontent.com/PokeAPI/sprites/master/sprites/pokemon/other/showdown/66.gif,https://www.phygitals.com/pokemon/66,,,https://www.phygitals.com/pokemon/generation/1
1,Machoke,,https://raw.githubusercontent.com/PokeAPI/sprites/master/sprites/pokemon/other/showdown/67.gif,https://www.phygitals.com/pokemon/67,,,https://www.phygitals.com/pokemon/generation/1
1,Machamp,,https://raw.githubusercontent.com/PokeAPI/sprites/master/sprites/pokemon/other/showdown/68.gif,https://www.phygitals.com/pokemon/68,,,https://www.phygitals.com/pokemon/generation/1
1,Bellsprout,,https://raw.githubusercontent.com/PokeAPI/sprites/master/sprites/pokemon/other/showdown/69.gif,https://www.phygitals.com/pokemon/69,,,https://www.phygitals.com/pokemon/generation/1
1,Weepinbell,,https://raw.githubusercontent.com/PokeAPI/sprites/master/sprites/pokemon/other/showdown/70.gif,https://www.phygitals.com/pokemon/70,,,https://www.phygitals.com/pokemon/generation/1
1,Victreebel,,https://raw.githubusercontent.com/PokeAPI/sprites/master/sprites/pokemon/other/showdown/71.gif,https://www.phygitals.com/pokemon/71,,,https://www.phygitals.com/pokemon/generation/1
1,Tentacool,,https://raw.githubusercontent.com/PokeAPI/sprites/master/sprites/pokemon/other/showdown/72.gif,https://www.phygitals.com/pokemon/72,,,https://www.phygitals.com/pokemon/generation/1
1,Tentacruel,,https://raw.githubusercontent.com/PokeAPI/sprites/master/sprites/pokemon/other/showdown/73.gif,https://www.phygitals.com/pokemon/73,,,https://www.phygitals.com/pokemon/generation/1
1,Geodude,,https://raw.githubusercontent.com/PokeAPI/sprites/master/sprites/pokemon/other/showdown/74.gif,https://www.phygitals.com/pokemon/74,,,https://www.phygitals.com/pokemon/generation/1
1,Graveler,,https://raw.githubusercontent.com/PokeAPI/sprites/master/sprites/pokemon/other/showdown/75.gif,https://www.phygitals.com/pokemon/75,,,https://www.phygitals.com/pokemon/generation/1
1,Golem,,https://raw.githubusercontent.com/PokeAPI/sprites/master/sprites/pokemon/other/showdown/76.gif,https://www.phygitals.com/pokemon/76,,,https://www.phygitals.com/pokemon/generation/1
1,Ponyta,,https://raw.githubusercontent.com/PokeAPI/sprites/master/sprites/pokemon/other/showdown/77.gif,https://www.phygitals.com/pokemon/77,,,https://www.phygitals.com/pokemon/generation/1
1,Rapidash,,https://raw.githubusercontent.com/PokeAPI/sprites/master/sprites/pokemon/other/showdown/78.gif,https://www.phygitals.com/pokemon/78,,,https://www.phygitals.com/pokemon/generation/1
1,Slowpoke,,https://raw.githubusercontent.com/PokeAPI/sprites/master/sprites/pokemon/other/showdown/79.gif,https://www.phygitals.com/pokemon/79,,,https://www.phygitals.com/pokemon/generation/1
1,Slowbro,,https://raw.githubusercontent.com/PokeAPI/sprites/master/sprites/pokemon/other/showdown/80.gif,https://www.phygitals.com/pokemon/80,,,https://www.phygitals.com/pokemon/generation/1
1,Magnemite,,https://raw.githubusercontent.com/PokeAPI/sprites/master/sprites/pokemon/other/showdown/81.gif,https://www.phygitals.com/pokemon/81,,,https://www.phygitals.com/pokemon/generation/1
1,Magneton,,https://raw.githubusercontent.com/PokeAPI/sprites/master/sprites/pokemon/other/showdown/82.gif,https://www.phygitals.com/pokemon/82,,,https://www.phygitals.com/pokemon/generation/1
1,Farfetchd,,https://raw.githubusercontent.com/PokeAPI/sprites/master/sprites/pokemon/other/showdown/83.gif,https://www.phygitals.com/pokemon/83,,,https://www.phygitals.com/pokemon/generation/1
1,Doduo,,https://raw.githubusercontent.com/PokeAPI/sprites/master/sprites/pokemon/other/showdown/84.gif,https://www.phygitals.com/pokemon/84,,,https://www.phygitals.com/pokemon/generation/1
1,Dodrio,,https://raw.githubusercontent.com/PokeAPI/sprites/master/sprites/pokemon/other/showdown/85.gif,https://www.phygitals.com/pokemon/85,,,https://www.phygitals.com/pokemon/generation/1
1,Seel,,https://raw.githubusercontent.com/PokeAPI/sprites/master/sprites/pokemon/other/showdown/86.gif,https://www.phygitals.com/pokemon/86,,,https://www.phygitals.com/pokemon/generation/1
1,Dewgong,,https://raw.githubusercontent.com/PokeAPI/sprites/master/sprites/pokemon/other/showdown/87.gif,https://www.phygitals.com/pokemon/87,,,https://www.phygitals.com/pokemon/generation/1
1,Grimer,,https://raw.githubusercontent.com/PokeAPI/sprites/master/sprites/pokemon/other/showdown/88.gif,https://www.phygitals.com/pokemon/88,,,https://www.phygitals.com/pokemon/generation/1
1,Muk,,https://raw.githubusercontent.com/PokeAPI/sprites/master/sprites/pokemon/other/showdown/89.gif,https://www.phygitals.com/pokemon/89,,,https://www.phygitals.com/pokemon/generation/1
1,Shellder,,https://raw.githubusercontent.com/PokeAPI/sprites/master/sprites/pokemon/other/showdown/90.gif,https://www.phygitals.com/pokemon/90,,,https://www.phygitals.com/pokemon/generation/1
1,Cloyster,,https://raw.githubusercontent.com/PokeAPI/sprites/master/sprites/pokemon/other/showdown/91.gif,https://www.phygitals.com/pokemon/91,,,https://www.phygitals.com/pokemon/generation/1
1,Gastly,,https://raw.githubusercontent.com/PokeAPI/sprites/master/sprites/pokemon/other/showdown/92.gif,https://www.phygitals.com/pokemon/92,,,https://www.phygitals.com/pokemon/generation/1
1,Haunter,,https://raw.githubusercontent.com/PokeAPI/sprites/master/sprites/pokemon/other/showdown/93.gif,https://www.phygitals.com/pokemon/93,,,https://www.phygitals.com/pokemon/generation/1
1,Gengar,,https://raw.githubusercontent.com/PokeAPI/sprites/master/sprites/pokemon/other/showdown/94.gif,https://www.phygitals.com/pokemon/94,,,https://www.phygitals.com/pokemon/generation/1
1,Onix,,https://raw.githubusercontent.com/PokeAPI/sprites/master/sprites/pokemon/other/showdown/95.gif,https://www.phygitals.com/pokemon/95,,,https://www.phygitals.com/pokemon/generation/1
1,Drowzee,,https://raw.githubusercontent.com/PokeAPI/sprites/master/sprites/pokemon/other/showdown/96.gif,https://www.phygitals.com/pokemon/96,,,https://www.phygitals.com/pokemon/generation/1
1,Hypno,,https://raw.githubusercontent.com/PokeAPI/sprites/master/sprites/pokemon/other/showdown/97.gif,https://www.phygitals.com/pokemon/97,,,https://www.phygitals.com/pokemon/generation/1
1,Krabby,,https://raw.githubusercontent.com/PokeAPI/sprites/master/sprites/pokemon/other/showdown/98.gif,https://www.phygitals.com/pokemon/98,,,https://www.phygitals.com/pokemon/generation/1
1,Kingler,,https://raw.githubusercontent.com/PokeAPI/sprites/master/sprites/pokemon/other/showdown/99.gif,https://www.phygitals.com/pokemon/99,,,https://www.phygitals.com/pokemon/generation/1
1,Voltorb,,https://raw.githubusercontent.com/PokeAPI/sprites/master/sprites/pokemon/other/showdown/100.gif,https://www.phygitals.com/pokemon/100,,,https://www.phygitals.com/pokemon/generation/1
1,Electrode,,https://raw.githubusercontent.com/PokeAPI/sprites/master/sprites/pokemon/other/showdown/101.gif,https://www.phygitals.com/pokemon/101,,,https://www.phygitals.com/pokemon/generation/1
1,Exeggcute,,https://raw.githubusercontent.com/PokeAPI/sprites/master/sprites/pokemon/other/showdown/102.gif,https://www.phygitals.com/pokemon/102,,,https://www.phygitals.com/pokemon/generation/1
1,Exeggutor,,https://raw.githubusercontent.com/PokeAPI/sprites/master/sprites/pokemon/other/showdown/103.gif,https://www.phygitals.com/pokemon/103,,,https://www.phygitals.com/pokemon/generation/1
1,Cubone,,https://raw.githubusercontent.com/PokeAPI/sprites/master/sprites/pokemon/other/showdown/104.gif,https://www.phygitals.com/pokemon/104,,,https://www.phygitals.com/pokemon/generation/1
1,Marowak,,https://raw.githubusercontent.com/PokeAPI/sprites/master/sprites/pokemon/other/showdown/105.gif,https://www.phygitals.com/pokemon/105,,,https://www.phygitals.com/pokemon/generation/1
1,Hitmonlee,,https://raw.githubusercontent.com/PokeAPI/sprites/master/sprites/pokemon/other/showdown/106.gif,https://www.phygitals.com/pokemon/106,,,https://www.phygitals.com/pokemon/generation/1
1,Hitmonchan,,https://raw.githubusercontent.com/PokeAPI/sprites/master/sprites/pokemon/other/showdown/107.gif,https://www.phygitals.com/pokemon/107,,,https://www.phygitals.com/pokemon/generation/1
1,Lickitung,,https://raw.githubusercontent.com/PokeAPI/sprites/master/sprites/pokemon/other/showdown/108.gif,https://www.phygitals.com/pokemon/108,,,https://www.phygitals.com/pokemon/generation/1
1,Koffing,,https://raw.githubusercontent.com/PokeAPI/sprites/master/sprites/pokemon/other/showdown/109.gif,https://www.phygitals.com/pokemon/109,,,https://www.phygitals.com/pokemon/generation/1
1,Weezing,,https://raw.githubusercontent.com/PokeAPI/sprites/master/sprites/pokemon/other/showdown/110.gif,https://www.phygitals.com/pokemon/110,,,https://www.phygitals.com/pokemon/generation/1
1,Rhyhorn,,https://raw.githubusercontent.com/PokeAPI/sprites/master/sprites/pokemon/other/showdown/111.gif,https://www.phygitals.com/pokemon/111,,,https://www.phygitals.com/pokemon/generation/1
1,Rhydon,,https://raw.githubusercontent.com/PokeAPI/sprites/master/sprites/pokemon/other/showdown/112.gif,https://www.phygitals.com/pokemon/112,,,https://www.phygitals.com/pokemon/generation/1
1,Chansey,,https://raw.githubusercontent.com/PokeAPI/sprites/master/sprites/pokemon/other/showdown/113.gif,https://www.phygitals.com/pokemon/113,,,https://www.phygitals.com/pokemon/generation/1
1,Tangela,,https://raw.githubusercontent.com/PokeAPI/sprites/master/sprites/pokemon/other/showdown/114.gif,https://www.phygitals.com/pokemon/114,,,https://www.phygitals.com/pokemon/generation/1
1,Kangaskhan,,https://raw.githubusercontent.com/PokeAPI/sprites/master/sprites/pokemon/other/showdown/115.gif,https://www.phygitals.com/pokemon/115,,,https://www.phygitals.com/pokemon/generation/1
1,Horsea,,https://raw.githubusercontent.com/PokeAPI/sprites/master/sprites/pokemon/other/showdown/116.gif,https://www.phygitals.com/pokemon/116,,,https://www.phygitals.com/pokemon/generation/1
1,Seadra,,https://raw.githubusercontent.com/PokeAPI/sprites/master/sprites/pokemon/other/showdown/117.gif,https://www.phygitals.com/pokemon/117,,,https://www.phygitals.com/pokemon/generation/1
1,Goldeen,,https://raw.githubusercontent.com/PokeAPI/sprites/master/sprites/pokemon/other/showdown/118.gif,https://www.phygitals.com/pokemon/118,,,https://www.phygitals.com/pokemon/generation/1
1,Seaking,,https://raw.githubusercontent.com/PokeAPI/sprites/master/sprites/pokemon/other/showdown/119.gif,https://www.phygitals.com/pokemon/119,,,https://www.phygitals.com/pokemon/generation/1
1,Staryu,,https://raw.githubusercontent.com/PokeAPI/sprites/master/sprites/pokemon/other/showdown/120.gif,https://www.phygitals.com/pokemon/120,,,https://www.phygitals.com/pokemon/generation/1
1,Starmie,,https://raw.githubusercontent.com/PokeAPI/sprites/master/sprites/pokemon/other/showdown/121.gif,https://www.phygitals.com/pokemon/121,,,https://www.phygitals.com/pokemon/generation/1
1,Mr-mime,,https://raw.githubusercontent.com/PokeAPI/sprites/master/sprites/pokemon/other/showdown/122.gif,https://www.phygitals.com/pokemon/122,,,https://www.phygitals.com/pokemon/generation/1
1,Scyther,,https://raw.githubusercontent.com/PokeAPI/sprites/master/sprites/pokemon/other/showdown/123.gif,https://www.phygitals.com/pokemon/123,,,https://www.phygitals.com/pokemon/generation/1
1,Jynx,,https://raw.githubusercontent.com/PokeAPI/sprites/master/sprites/pokemon/other/showdown/124.gif,https://www.phygitals.com/pokemon/124,,,https://www.phygitals.com/pokemon/generation/1
1,Electabuzz,,https://raw.githubusercontent.com/PokeAPI/sprites/master/sprites/pokemon/other/showdown/125.gif,https://www.phygitals.com/pokemon/125,,,https://www.phygitals.com/pokemon/generation/1
1,Magmar,,https://raw.githubusercontent.com/PokeAPI/sprites/master/sprites/pokemon/other/showdown/126.gif,https://www.phygitals.com/pokemon/126,,,https://www.phygitals.com/pokemon/generation/1
1,Pinsir,,https://raw.githubusercontent.com/PokeAPI/sprites/master/sprites/pokemon/other/showdown/127.gif,https://www.phygitals.com/pokemon/127,,,https://www.phygitals.com/pokemon/generation/1
1,Tauros,,https://raw.githubusercontent.com/PokeAPI/sprites/master/sprites/pokemon/other/showdown/128.gif,https://www.phygitals.com/pokemon/128,,,https://www.phygitals.com/pokemon/generation/1
1,Magikarp,,https://raw.githubusercontent.com/PokeAPI/sprites/master/sprites/pokemon/other/showdown/129.gif,https://www.phygitals.com/pokemon/129,,,https://www.phygitals.com/pokemon/generation/1
1,Gyarados,,https://raw.githubusercontent.com/PokeAPI/sprites/master/sprites/pokemon/other/showdown/130.gif,https://www.phygitals.com/pokemon/130,,,https://www.phygitals.com/pokemon/generation/1
1,Lapras,,https://raw.githubusercontent.com/PokeAPI/sprites/master/sprites/pokemon/other/showdown/131.gif,https://www.phygitals.com/pokemon/131,,,https://www.phygitals.com/pokemon/generation/1
1,Ditto,,https://raw.githubusercontent.com/PokeAPI/sprites/master/sprites/pokemon/other/showdown/132.gif,https://www.phygitals.com/pokemon/132,,,https://www.phygitals.com/pokemon/generation/1
1,Eevee,,https://raw.githubusercontent.com/PokeAPI/sprites/master/sprites/pokemon/other/showdown/133.gif,https://www.phygitals.com/pokemon/133,,,https://www.phygitals.com/pokemon/generation/1
1,Vaporeon,,https://raw.githubusercontent.com/PokeAPI/sprites/master/sprites/pokemon/other/showdown/134.gif,https://www.phygitals.com/pokemon/134,,,https://www.phygitals.com/pokemon/generation/1
1,Jolteon,,https://raw.githubusercontent.com/PokeAPI/sprites/master/sprites/pokemon/other/showdown/135.gif,https://www.phygitals.com/pokemon/135,,,https://www.phygitals.com/pokemon/generation/1
1,Flareon,,https://raw.githubusercontent.com/PokeAPI/sprites/master/sprites/pokemon/other/showdown/136.gif,https://www.phygitals.com/pokemon/136,,,https://www.phygitals.com/pokemon/generation/1
1,Porygon,,https://raw.githubusercontent.com/PokeAPI/sprites/master/sprites/pokemon/other/showdown/137.gif,https://www.phygitals.com/pokemon/137,,,https://www.phygitals.com/pokemon/generation/1
1,Omanyte,,https://raw.githubusercontent.com/PokeAPI/sprites/master/sprites/pokemon/other/showdown/138.gif,https://www.phygitals.com/pokemon/138,,,https://www.phygitals.com/pokemon/generation/1
1,Omastar,,https://raw.githubusercontent.com/PokeAPI/sprites/master/sprites/pokemon/other/showdown/139.gif,https://www.phygitals.com/pokemon/139,,,https://www.phygitals.com/pokemon/generation/1
1,Kabuto,,https://raw.githubusercontent.com/PokeAPI/sprites/master/sprites/pokemon/other/showdown/140.gif,https://www.phygitals.com/pokemon/140,,,https://www.phygitals.com/pokemon/generation/1
1,Kabutops,,https://raw.githubusercontent.com/PokeAPI/sprites/master/sprites/pokemon/other/showdown/141.gif,https://www.phygitals.com/pokemon/141,,,https://www.phygitals.com/pokemon/generation/1
1,Aerodactyl,,https://raw.githubusercontent.com/PokeAPI/sprites/master/sprites/pokemon/other/showdown/142.gif,https://www.phygitals.com/pokemon/142,,,https://www.phygitals.com/pokemon/generation/1
1,Snorlax,,https://raw.githubusercontent.com/PokeAPI/sprites/master/sprites/pokemon/other/showdown/143.gif,https://www.phygitals.com/pokemon/143,,,https://www.phygitals.com/pokemon/generation/1
1,Articuno,,https://raw.githubusercontent.com/PokeAPI/sprites/master/sprites/pokemon/other/showdown/144.gif,https://www.phygitals.com/pokemon/144,,,https://www.phygitals.com/pokemon/generation/1
1,Zapdos,,https://raw.githubusercontent.com/PokeAPI/sprites/master/sprites/pokemon/other/showdown/145.gif,https://www.phygitals.com/pokemon/145,,,https://www.phygitals.com/pokemon/generation/1
1,Moltres,,https://raw.githubusercontent.com/PokeAPI/sprites/master/sprites/pokemon/other/showdown/146.gif,https://www.phygitals.com/pokemon/146,,,https://www.phygitals.com/pokemon/generation/1
1,Dratini,,https://raw.githubusercontent.com/PokeAPI/sprites/master/sprites/pokemon/other/showdown/147.gif,https://www.phygitals.com/pokemon/147,,,https://www.phygitals.com/pokemon/generation/1
1,Dragonair,,https://raw.githubusercontent.com/PokeAPI/sprites/master/sprites/pokemon/other/showdown/148.gif,https://www.phygitals.com/pokemon/148,,,https://www.phygitals.com/pokemon/generation/1
1,Dragonite,,https://raw.githubusercontent.com/PokeAPI/sprites/master/sprites/pokemon/other/showdown/149.gif,https://www.phygitals.com/pokemon/149,,,https://www.phygitals.com/pokemon/generation/1
1,Mewtwo,,https://raw.githubusercontent.com/PokeAPI/sprites/master/sprites/pokemon/other/showdown/150.gif,https://www.phygitals.com/pokemon/150,,,https://www.phygitals.com/pokemon/generation/1
1,Mew,,https://raw.githubusercontent.com/PokeAPI/sprites/master/sprites/pokemon/other/showdown/151.gif,https://www.phygitals.com/pokemon/151,,,https://www.phygitals.com/pokemon/generation/1
1,,,https://t.co/1/i/adsct?bci=4&dv=Asia%2FCalcutta%26en-US%2Cen%26Google%20Inc.%26Win32%26255%26800%26600%2612%2624%26800%26600%260%26na&eci=3&event=%7B%7D&event_id=da47c00e-e965-4d55-976f-1e7de84b5ae6&integration=gtm&p_id=Twitter&p_user_id=0&pl_id=7258eeef-057a-442e-a0cd-1a5ee31e9b81&pt=Phygitals%20-%20Your%20Gateway%20to%20Physical%20%26%20Digital%20Collectibles&tw_document_href=https%3A%2F%2Fwww.phygitals.com%2Fpokemon%2Fgeneration%2F1&tw_iframe_status=0&txn_id=og5w0&type=javascript&version=2.3.34,,,,https://www.phygitals.com/pokemon/generation/1
1,,,https://analytics.twitter.com/1/i/adsct?bci=4&dv=Asia%2FCalcutta%26en-US%2Cen%26Google%20Inc.%26Win32%26255%26800%26600%2612%2624%26800%26600%260%26na&eci=3&event=%7B%7D&event_id=da47c00e-e965-4d55-976f-1e7de84b5ae6&integration=gtm&p_id=Twitter&p_user_id=0&pl_id=7258eeef-057a-442e-a0cd-1a5ee31e9b81&pt=Phygitals%20-%20Your%20Gateway%20to%20Physical%20%26%20Digital%20Collectibles&tw_document_href=https%3A%2F%2Fwww.phygitals.com%2Fpokemon%2Fgeneration%2F1&tw_iframe_status=0&txn_id=og5w0&type=javascript&version=2.3.34,,,,https://www.phygitals.com/pokemon/generation/1
2,Chikorita,,https://raw.githubusercontent.com/PokeAPI/sprites/master/sprites/pokemon/other/showdown/152.gif,https://www.phygitals.com/pokemon/152,,,https://www.phygitals.com/pokemon/generation/2
2,Bayleef,,https://raw.githubusercontent.com/PokeAPI/sprites/master/sprites/pokemon/other/showdown/153.gif,https://www.phygitals.com/pokemon/153,,,https://www.phygitals.com/pokemon/generation/2
2,Meganium,,https://raw.githubusercontent.com/PokeAPI/sprites/master/sprites/pokemon/other/showdown/154.gif,https://www.phygitals.com/pokemon/154,,,https://www.phygitals.com/pokemon/generation/2
2,Cyndaquil,,https://raw.githubusercontent.com/PokeAPI/sprites/master/sprites/pokemon/other/showdown/155.gif,https://www.phygitals.com/pokemon/155,,,https://www.phygitals.com/pokemon/generation/2
2,Quilava,,https://raw.githubusercontent.com/PokeAPI/sprites/master/sprites/pokemon/other/showdown/156.gif,https://www.phygitals.com/pokemon/156,,,https://www.phygitals.com/pokemon/generation/2
2,Typhlosion,,https://raw.githubusercontent.com/PokeAPI/sprites/master/sprites/pokemon/other/showdown/157.gif,https://www.phygitals.com/pokemon/157,,,https://www.phygitals.com/pokemon/generation/2
2,Totodile,,https://raw.githubusercontent.com/PokeAPI/sprites/master/sprites/pokemon/other/showdown/158.gif,https://www.phygitals.com/pokemon/158,,,https://www.phygitals.com/pokemon/generation/2
2,Croconaw,,https://raw.githubusercontent.com/PokeAPI/sprites/master/sprites/pokemon/other/showdown/159.gif,https://www.phygitals.com/pokemon/159,,,https://www.phygitals.com/pokemon/generation/2
2,Feraligatr,,https://raw.githubusercontent.com/PokeAPI/sprites/master/sprites/pokemon/other/showdown/160.gif,https://www.phygitals.com/pokemon/160,,,https://www.phygitals.com/pokemon/generation/2
2,Sentret,,https://raw.githubusercontent.com/PokeAPI/sprites/master/sprites/pokemon/other/showdown/161.gif,https://www.phygitals.com/pokemon/161,,,https://www.phygitals.com/pokemon/generation/2
2,Furret,,https://raw.githubusercontent.com/PokeAPI/sprites/master/sprites/pokemon/other/showdown/162.gif,https://www.phygitals.com/pokemon/162,,,https://www.phygitals.com/pokemon/generation/2
2,Hoothoot,,https://raw.githubusercontent.com/PokeAPI/sprites/master/sprites/pokemon/other/showdown/163.gif,https://www.phygitals.com/pokemon/163,,,https://www.phygitals.com/pokemon/generation/2
2,Noctowl,,https://raw.githubusercontent.com/PokeAPI/sprites/master/sprites/pokemon/other/showdown/164.gif,https://www.phygitals.com/pokemon/164,,,https://www.phygitals.com/pokemon/generation/2
2,Ledyba,,https://raw.githubusercontent.com/PokeAPI/sprites/master/sprites/pokemon/other/showdown/165.gif,https://www.phygitals.com/pokemon/165,,,https://www.phygitals.com/pokemon/generation/2
2,Ledian,,https://raw.githubusercontent.com/PokeAPI/sprites/master/sprites/pokemon/other/showdown/166.gif,https://www.phygitals.com/pokemon/166,,,https://www.phygitals.com/pokemon/generation/2
2,Spinarak,,https://raw.githubusercontent.com/PokeAPI/sprites/master/sprites/pokemon/other/showdown/167.gif,https://www.phygitals.com/pokemon/167,,,https://www.phygitals.com/pokemon/generation/2
2,Ariados,,https://raw.githubusercontent.com/PokeAPI/sprites/master/sprites/pokemon/other/showdown/168.gif,https://www.phygitals.com/pokemon/168,,,https://www.phygitals.com/pokemon/generation/2
2,Crobat,,https://raw.githubusercontent.com/PokeAPI/sprites/master/sprites/pokemon/other/showdown/169.gif,https://www.phygitals.com/pokemon/169,,,https://www.phygitals.com/pokemon/generation/2
2,Chinchou,,https://raw.githubusercontent.com/PokeAPI/sprites/master/sprites/pokemon/other/showdown/170.gif,https://www.phygitals.com/pokemon/170,,,https://www.phygitals.com/pokemon/generation/2
2,Lanturn,,https://raw.githubusercontent.com/PokeAPI/sprites/master/sprites/pokemon/other/showdown/171.gif,https://www.phygitals.com/pokemon/171,,,https://www.phygitals.com/pokemon/generation/2
2,Pichu,,https://raw.githubusercontent.com/PokeAPI/sprites/master/sprites/pokemon/other/showdown/172.gif,https://www.phygitals.com/pokemon/172,,,https://www.phygitals.com/pokemon/generation/2
2,Cleffa,,https://raw.githubusercontent.com/PokeAPI/sprites/master/sprites/pokemon/other/showdown/173.gif,https://www.phygitals.com/pokemon/173,,,https://www.phygitals.com/pokemon/generation/2
2,Igglybuff,,https://raw.githubusercontent.com/PokeAPI/sprites/master/sprites/pokemon/other/showdown/174.gif,https://www.phygitals.com/pokemon/174,,,https://www.phygitals.com/pokemon/generation/2
2,Togepi,,https://raw.githubusercontent.com/PokeAPI/sprites/master/sprites/pokemon/other/showdown/175.gif,https://www.phygitals.com/pokemon/175,,,https://www.phygitals.com/pokemon/generation/2
2,Togetic,,https://raw.githubusercontent.com/PokeAPI/sprites/master/sprites/pokemon/other/showdown/176.gif,https://www.phygitals.com/pokemon/176,,,https://www.phygitals.com/pokemon/generation/2
2,Natu,,https://raw.githubusercontent.com/PokeAPI/sprites/master/sprites/pokemon/other/showdown/177.gif,https://www.phygitals.com/pokemon/177,,,https://www.phygitals.com/pokemon/generation/2
2,Xatu,,https://raw.githubusercontent.com/PokeAPI/sprites/master/sprites/pokemon/other/showdown/178.gif,https://www.phygitals.com/pokemon/178,,,https://www.phygitals.com/pokemon/generation/2
2,Mareep,,https://raw.githubusercontent.com/PokeAPI/sprites/master/sprites/pokemon/other/showdown/179.gif,https://www.phygitals.com/pokemon/179,,,https://www.phygitals.com/pokemon/generation/2
2,Flaaffy,,https://raw.githubusercontent.com/PokeAPI/sprites/master/sprites/pokemon/other/showdown/180.gif,https://www.phygitals.com/pokemon/180,,,https://www.phygitals.com/pokemon/generation/2
2,Ampharos,,https://raw.githubusercontent.com/PokeAPI/sprites/master/sprites/pokemon/other/showdown/181.gif,https://www.phygitals.com/pokemon/181,,,https://www.phygitals.com/pokemon/generation/2
2,Bellossom,,https://raw.githubusercontent.com/PokeAPI/sprites/master/sprites/pokemon/other/showdown/182.gif,https://www.phygitals.com/pokemon/182,,,https://www.phygitals.com/pokemon/generation/2
2,Marill,,https://raw.githubusercontent.com/PokeAPI/sprites/master/sprites/pokemon/other/showdown/183.gif,https://www.phygitals.com/pokemon/183,,,https://www.phygitals.com/pokemon/generation/2
2,Azumarill,,https://raw.githubusercontent.com/PokeAPI/sprites/master/sprites/pokemon/other/showdown/184.gif,https://www.phygitals.com/pokemon/184,,,https://www.phygitals.com/pokemon/generation/2
2,Sudowoodo,,https://raw.githubusercontent.com/PokeAPI/sprites/master/sprites/pokemon/other/showdown/185.gif,https://www.phygitals.com/pokemon/185,,,https://www.phygitals.com/pokemon/generation/2
2,Politoed,,https://raw.githubusercontent.com/PokeAPI/sprites/master/sprites/pokemon/other/showdown/186.gif,https://www.phygitals.com/pokemon/186,,,https://www.phygitals.com/pokemon/generation/2
2,Hoppip,,https://raw.githubusercontent.com/PokeAPI/sprites/master/sprites/pokemon/other/showdown/187.gif,https://www.phygitals.com/pokemon/187,,,https://www.phygitals.com/pokemon/generation/2
2,Skiploom,,https://raw.githubusercontent.com/PokeAPI/sprites/master/sprites/pokemon/other/showdown/188.gif,https://www.phygitals.com/pokemon/188,,,https://www.phygitals.com/pokemon/generation/2
2,Jumpluff,,https://raw.githubusercontent.com/PokeAPI/sprites/master/sprites/pokemon/other/showdown/189.gif,https://www.phygitals.com/pokemon/189,,,https://www.phygitals.com/pokemon/generation/2
2,Aipom,,https://raw.githubusercontent.com/PokeAPI/sprites/master/sprites/pokemon/other/showdown/190.gif,https://www.phygitals.com/pokemon/190,,,https://www.phygitals.com/pokemon/generation/2
2,Sunkern,,https://raw.githubusercontent.com/PokeAPI/sprites/master/sprites/pokemon/other/showdown/191.gif,https://www.phygitals.com/pokemon/191,,,https://www.phygitals.com/pokemon/generation/2
2,Sunflora,,https://raw.githubusercontent.com/PokeAPI/sprites/master/sprites/pokemon/other/showdown/192.gif,https://www.phygitals.com/pokemon/192,,,https://www.phygitals.com/pokemon/generation/2
2,Yanma,,https://raw.githubusercontent.com/PokeAPI/sprites/master/sprites/pokemon/other/showdown/193.gif,https://www.phygitals.com/pokemon/193,,,https://www.phygitals.com/pokemon/generation/2
2,Wooper,,https://raw.githubusercontent.com/PokeAPI/sprites/master/sprites/pokemon/other/showdown/194.gif,https://www.phygitals.com/pokemon/194,,,https://www.phygitals.com/pokemon/generation/2
2,Quagsire,,https://raw.githubusercontent.com/PokeAPI/sprites/master/sprites/pokemon/other/showdown/195.gif,https://www.phygitals.com/pokemon/195,,,https://www.phygitals.com/pokemon/generation/2
2,Espeon,,https://raw.githubusercontent.com/PokeAPI/sprites/master/sprites/pokemon/other/showdown/196.gif,https://www.phygitals.com/pokemon/196,,,https://www.phygitals.com/pokemon/generation/2
2,Umbreon,,https://raw.githubusercontent.com/PokeAPI/sprites/master/sprites/pokemon/other/showdown/197.gif,https://www.phygitals.com/pokemon/197,,,https://www.phygitals.com/pokemon/generation/2
2,Murkrow,,https://raw.githubusercontent.com/PokeAPI/sprites/master/sprites/pokemon/other/showdown/198.gif,https://www.phygitals.com/pokemon/198,,,https://www.phygitals.com/pokemon/generation/2
2,Slowking,,https://raw.githubusercontent.com/PokeAPI/sprites/master/sprites/pokemon/other/showdown/199.gif,https://www.phygitals.com/pokemon/199,,,https://www.phygitals.com/pokemon/generation/2
2,Misdreavus,,https://raw.githubusercontent.com/PokeAPI/sprites/master/sprites/pokemon/other/showdown/200.gif,https://www.phygitals.com/pokemon/200,,,https://www.phygitals.com/pokemon/generation/2
2,Unown,,https://raw.githubusercontent.com/PokeAPI/sprites/master/sprites/pokemon/other/showdown/201.gif,https://www.phygitals.com/pokemon/201,,,https://www.phygitals.com/pokemon/generation/2
2,Wobbuffet,,https://raw.githubusercontent.com/PokeAPI/sprites/master/sprites/pokemon/other/showdown/202.gif,https://www.phygitals.com/pokemon/202,,,https://www.phygitals.com/pokemon/generation/2
2,Girafarig,,https://raw.githubusercontent.com/PokeAPI/sprites/master/sprites/pokemon/other/showdown/203.gif,https://www.phygitals.com/pokemon/203,,,https://www.phygitals.com/pokemon/generation/2
2,Pineco,,https://raw.githubusercontent.com/PokeAPI/sprites/master/sprites/pokemon/other/showdown/204.gif,https://www.phygitals.com/pokemon/204,,,https://www.phygitals.com/pokemon/generation/2
2,Forretress,,https://raw.githubusercontent.com/PokeAPI/sprites/master/sprites/pokemon/other/showdown/205.gif,https://www.phygitals.com/pokemon/205,,,https://www.phygitals.com/pokemon/generation/2
2,Dunsparce,,https://raw.githubusercontent.com/PokeAPI/sprites/master/sprites/pokemon/other/showdown/206.gif,https://www.phygitals.com/pokemon/206,,,https://www.phygitals.com/pokemon/generation/2
2,Gligar,,https://raw.githubusercontent.com/PokeAPI/sprites/master/sprites/pokemon/other/showdown/207.gif,https://www.phygitals.com/pokemon/207,,,https://www.phygitals.com/pokemon/generation/2
2,Steelix,,https://raw.githubusercontent.com/PokeAPI/sprites/master/sprites/pokemon/other/showdown/208.gif,https://www.phygitals.com/pokemon/208,,,https://www.phygitals.com/pokemon/generation/2
2,Snubbull,,https://raw.githubusercontent.com/PokeAPI/sprites/master/sprites/pokemon/other/showdown/209.gif,https://www.phygitals.com/pokemon/209,,,https://www.phygitals.com/pokemon/generation/2
2,Granbull,,https://raw.githubusercontent.com/PokeAPI/sprites/master/sprites/pokemon/other/showdown/210.gif,https://www.phygitals.com/pokemon/210,,,https://www.phygitals.com/pokemon/generation/2
2,Qwilfish,,https://raw.githubusercontent.com/PokeAPI/sprites/master/sprites/pokemon/other/showdown/211.gif,https://www.phygitals.com/pokemon/211,,,https://www.phygitals.com/pokemon/generation/2
2,Scizor,,https://raw.githubusercontent.com/PokeAPI/sprites/master/sprites/pokemon/other/showdown/212.gif,https://www.phygitals.com/pokemon/212,,,https://www.phygitals.com/pokemon/generation/2
2,Shuckle,,https://raw.githubusercontent.com/PokeAPI/sprites/master/sprites/pokemon/other/showdown/213.gif,https://www.phygitals.com/pokemon/213,,,https://www.phygitals.com/pokemon/generation/2
2,Heracross,,https://raw.githubusercontent.com/PokeAPI/sprites/master/sprites/pokemon/other/showdown/214.gif,https://www.phygitals.com/pokemon/214,,,https://www.phygitals.com/pokemon/generation/2
2,Sneasel,,https://raw.githubusercontent.com/PokeAPI/sprites/master/sprites/pokemon/other/showdown/215.gif,https://www.phygitals.com/pokemon/215,,,https://www.phygitals.com/pokemon/generation/2
2,Teddiursa,,https://raw.githubusercontent.com/PokeAPI/sprites/master/sprites/pokemon/other/showdown/216.gif,https://www.phygitals.com/pokemon/216,,,https://www.phygitals.com/pokemon/generation/2
2,Ursaring,,https://raw.githubusercontent.com/PokeAPI/sprites/master/sprites/pokemon/other/showdown/217.gif,https://www.phygitals.com/pokemon/217,,,https://www.phygitals.com/pokemon/generation/2
2,Slugma,,https://raw.githubusercontent.com/PokeAPI/sprites/master/sprites/pokemon/other/showdown/218.gif,https://www.phygitals.com/pokemon/218,,,https://www.phygitals.com/pokemon/generation/2
2,Magcargo,,https://raw.githubusercontent.com/PokeAPI/sprites/master/sprites/pokemon/other/showdown/219.gif,https://www.phygitals.com/pokemon/219,,,https://www.phygitals.com/pokemon/generation/2
2,Swinub,,https://raw.githubusercontent.com/PokeAPI/sprites/master/sprites/pokemon/other/showdown/220.gif,https://www.phygitals.com/pokemon/220,,,https://www.phygitals.com/pokemon/generation/2
2,Piloswine,,https://raw.githubusercontent.com/PokeAPI/sprites/master/sprites/pokemon/other/showdown/221.gif,https://www.phygitals.com/pokemon/221,,,https://www.phygitals.com/pokemon/generation/2
2,Corsola,,https://raw.githubusercontent.com/PokeAPI/sprites/master/sprites/pokemon/other/showdown/222.gif,https://www.phygitals.com/pokemon/222,,,https://www.phygitals.com/pokemon/generation/2
2,Remoraid,,https://raw.githubusercontent.com/PokeAPI/sprites/master/sprites/pokemon/other/showdown/223.gif,https://www.phygitals.com/pokemon/223,,,https://www.phygitals.com/pokemon/generation/2
2,Octillery,,https://raw.githubusercontent.com/PokeAPI/sprites/master/sprites/pokemon/other/showdown/224.gif,https://www.phygitals.com/pokemon/224,,,https://www.phygitals.com/pokemon/generation/2
2,Delibird,,https://raw.githubusercontent.com/PokeAPI/sprites/master/sprites/pokemon/other/showdown/225.gif,https://www.phygitals.com/pokemon/225,,,https://www.phygitals.com/pokemon/generation/2
2,Mantine,,https://raw.githubusercontent.com/PokeAPI/sprites/master/sprites/pokemon/other/showdown/226.gif,https://www.phygitals.com/pokemon/226,,,https://www.phygitals.com/pokemon/generation/2
2,Skarmory,,https://raw.githubusercontent.com/PokeAPI/sprites/master/sprites/pokemon/other/showdown/227.gif,https://www.phygitals.com/pokemon/227,,,https://www.phygitals.com/pokemon/generation/2
2,Houndour,,https://raw.githubusercontent.com/PokeAPI/sprites/master/sprites/pokemon/other/showdown/228.gif,https://www.phygitals.com/pokemon/228,,,https://www.phygitals.com/pokemon/generation/2
2,Houndoom,,https://raw.githubusercontent.com/PokeAPI/sprites/master/sprites/pokemon/other/showdown/229.gif,https://www.phygitals.com/pokemon/229,,,https://www.phygitals.com/pokemon/generation/2
2,Kingdra,,https://raw.githubusercontent.com/PokeAPI/sprites/master/sprites/pokemon/other/showdown/230.gif,https://www.phygitals.com/pokemon/230,,,https://www.phygitals.com/pokemon/generation/2
2,Phanpy,,https://raw.githubusercontent.com/PokeAPI/sprites/master/sprites/pokemon/other/showdown/231.gif,https://www.phygitals.com/pokemon/231,,,https://www.phygitals.com/pokemon/generation/2
2,Donphan,,https://raw.githubusercontent.com/PokeAPI/sprites/master/sprites/pokemon/other/showdown/232.gif,https://www.phygitals.com/pokemon/232,,,https://www.phygitals.com/pokemon/generation/2
2,Porygon2,2,https://raw.githubusercontent.com/PokeAPI/sprites/master/sprites/pokemon/other/showdown/233.gif,https://www.phygitals.com/pokemon/233,,,https://www.phygitals.com/pokemon/generation/2
2,Stantler,,https://raw.githubusercontent.com/PokeAPI/sprites/master/sprites/pokemon/other/showdown/234.gif,https://www.phygitals.com/pokemon/234,,,https://www.phygitals.com/pokemon/generation/2
2,Smeargle,,https://raw.githubusercontent.com/PokeAPI/sprites/master/sprites/pokemon/other/showdown/235.gif,https://www.phygitals.com/pokemon/235,,,https://www.phygitals.com/pokemon/generation/2
2,Tyrogue,,https://raw.githubusercontent.com/PokeAPI/sprites/master/sprites/pokemon/other/showdown/236.gif,https://www.phygitals.com/pokemon/236,,,https://www.phygitals.com/pokemon/generation/2
2,Hitmontop,,https://raw.githubusercontent.com/PokeAPI/sprites/master/sprites/pokemon/other/showdown/237.gif,https://www.phygitals.com/pokemon/237,,,https://www.phygitals.com/pokemon/generation/2
2,Smoochum,,https://raw.githubusercontent.com/PokeAPI/sprites/master/sprites/pokemon/other/showdown/238.gif,https://www.phygitals.com/pokemon/238,,,https://www.phygitals.com/pokemon/generation/2
2,Elekid,,https://raw.githubusercontent.com/PokeAPI/sprites/master/sprites/pokemon/other/showdown/239.gif,https://www.phygitals.com/pokemon/239,,,https://www.phygitals.com/pokemon/generation/2
2,Magby,,https://raw.githubusercontent.com/PokeAPI/sprites/master/sprites/pokemon/other/showdown/240.gif,https://www.phygitals.com/pokemon/240,,,https://www.phygitals.com/pokemon/generation/2
2,Miltank,,https://raw.githubusercontent.com/PokeAPI/sprites/master/sprites/pokemon/other/showdown/241.gif,https://www.phygitals.com/pokemon/241,,,https://www.phygitals.com/pokemon/generation/2
2,Blissey,,https://raw.githubusercontent.com/PokeAPI/sprites/master/sprites/pokemon/other/showdown/242.gif,https://www.phygitals.com/pokemon/242,,,https://www.phygitals.com/pokemon/generation/2
2,Raikou,,https://raw.githubusercontent.com/PokeAPI/sprites/master/sprites/pokemon/other/showdown/243.gif,https://www.phygitals.com/pokemon/243,,,https://www.phygitals.com/pokemon/generation/2
2,Entei,,https://raw.githubusercontent.com/PokeAPI/sprites/master/sprites/pokemon/other/showdown/244.gif,https://www.phygitals.com/pokemon/244,,,https://www.phygitals.com/pokemon/generation/2
2,Suicune,,https://raw.githubusercontent.com/PokeAPI/sprites/master/sprites/pokemon/other/showdown/245.gif,https://www.phygitals.com/pokemon/245,,,https://www.phygitals.com/pokemon/generation/2
2,Larvitar,,https://raw.githubusercontent.com/PokeAPI/sprites/master/sprites/pokemon/other/showdown/246.gif,https://www.phygitals.com/pokemon/246,,,https://www.phygitals.com/pokemon/generation/2
2,Pupitar,,https://raw.githubusercontent.com/PokeAPI/sprites/master/sprites/pokemon/other/showdown/247.gif,https://www.phygitals.com/pokemon/247,,,https://www.phygitals.com/pokemon/generation/2
2,Tyranitar,,https://raw.githubusercontent.com/PokeAPI/sprites/master/sprites/pokemon/other/showdown/248.gif,https://www.phygitals.com/pokemon/248,,,https://www.phygitals.com/pokemon/generation/2
2,Lugia,,https://raw.githubusercontent.com/PokeAPI/sprites/master/sprites/pokemon/other/showdown/249.gif,https://www.phygitals.com/pokemon/249,,,https://www.phygitals.com/pokemon/generation/2
2,Ho-oh,,https://raw.githubusercontent.com/PokeAPI/sprites/master/sprites/pokemon/other/showdown/250.gif,https://www.phygitals.com/pokemon/250,,,https://www.phygitals.com/pokemon/generation/2
2,Celebi,,https://raw.githubusercontent.com/PokeAPI/sprites/master/sprites/pokemon/other/showdown/251.gif,https://www.phygitals.com/pokemon/251,,,https://www.phygitals.com/pokemon/generation/2
2,,,https://t.co/1/i/adsct?bci=4&dv=Asia%2FCalcutta%26en-US%2Cen%26Google%20Inc.%26Win32%26255%26800%26600%2612%2624%26800%26600%260%26na&eci=3&event=%7B%7D&event_id=623a25f9-281b-4a0f-9eb7-c86aaaef679f&integration=gtm&p_id=Twitter&p_user_id=0&pl_id=13d21d15-1541-4d1b-b19b-e7c0b9123b37&pt=Phygitals%20-%20Your%20Gateway%20to%20Physical%20%26%20Digital%20Collectibles&tw_document_href=https%3A%2F%2Fwww.phygitals.com%2Fpokemon%2Fgeneration%2F2&tw_iframe_status=0&txn_id=og5w0&type=javascript&version=2.3.34,,,,https://www.phygitals.com/pokemon/generation/2
2,,,https://analytics.twitter.com/1/i/adsct?bci=4&dv=Asia%2FCalcutta%26en-US%2Cen%26Google%20Inc.%26Win32%26255%26800%26600%2612%2624%26800%26600%260%26na&eci=3&event=%7B%7D&event_id=623a25f9-281b-4a0f-9eb7-c86aaaef679f&integration=gtm&p_id=Twitter&p_user_id=0&pl_id=13d21d15-1541-4d1b-b19b-e7c0b9123b37&pt=Phygitals%20-%20Your%20Gateway%20to%20Physical%20%26%20Digital%20Collectibles&tw_document_href=https%3A%2F%2Fwww.phygitals.com%2Fpokemon%2Fgeneration%2F2&tw_iframe_status=0&txn_id=og5w0&type=javascript&version=2.3.34,,,,https://www.phygitals.com/pokemon/generation/2
3,Treecko,,https://raw.githubusercontent.com/PokeAPI/sprites/master/sprites/pokemon/other/showdown/252.gif,https://www.phygitals.com/pokemon/252,,,https://www.phygitals.com/pokemon/generation/3
3,Grovyle,,https://raw.githubusercontent.com/PokeAPI/sprites/master/sprites/pokemon/other/showdown/253.gif,https://www.phygitals.com/pokemon/253,,,https://www.phygitals.com/pokemon/generation/3
3,Sceptile,,https://raw.githubusercontent.com/PokeAPI/sprites/master/sprites/pokemon/other/showdown/254.gif,https://www.phygitals.com/pokemon/254,,,https://www.phygitals.com/pokemon/generation/3
3,Torchic,,https://raw.githubusercontent.com/PokeAPI/sprites/master/sprites/pokemon/other/showdown/255.gif,https://www.phygitals.com/pokemon/255,,,https://www.phygitals.com/pokemon/generation/3
3,Combusken,,https://raw.githubusercontent.com/PokeAPI/sprites/master/sprites/pokemon/other/showdown/256.gif,https://www.phygitals.com/pokemon/256,,,https://www.phygitals.com/pokemon/generation/3
3,Blaziken,,https://raw.githubusercontent.com/PokeAPI/sprites/master/sprites/pokemon/other/showdown/257.gif,https://www.phygitals.com/pokemon/257,,,https://www.phygitals.com/pokemon/generation/3
3,Mudkip,,https://raw.githubusercontent.com/PokeAPI/sprites/master/sprites/pokemon/other/showdown/258.gif,https://www.phygitals.com/pokemon/258,,,https://www.phygitals.com/pokemon/generation/3
3,Marshtomp,,https://raw.githubusercontent.com/PokeAPI/sprites/master/sprites/pokemon/other/showdown/259.gif,https://www.phygitals.com/pokemon/259,,,https://www.phygitals.com/pokemon/generation/3
3,Swampert,,https://raw.githubusercontent.com/PokeAPI/sprites/master/sprites/pokemon/other/showdown/260.gif,https://www.phygitals.com/pokemon/260,,,https://www.phygitals.com/pokemon/generation/3
3,Poochyena,,https://raw.githubusercontent.com/PokeAPI/sprites/master/sprites/pokemon/other/showdown/261.gif,https://www.phygitals.com/pokemon/261,,,https://www.phygitals.com/pokemon/generation/3
3,Mightyena,,https://raw.githubusercontent.com/PokeAPI/sprites/master/sprites/pokemon/other/showdown/262.gif,https://www.phygitals.com/pokemon/262,,,https://www.phygitals.com/pokemon/generation/3
3,Zigzagoon,,https://raw.githubusercontent.com/PokeAPI/sprites/master/sprites/pokemon/other/showdown/263.gif,https://www.phygitals.com/pokemon/263,,,https://www.phygitals.com/pokemon/generation/3
3,Linoone,,https://raw.githubusercontent.com/PokeAPI/sprites/master/sprites/pokemon/other/showdown/264.gif,https://www.phygitals.com/pokemon/264,,,https://www.phygitals.com/pokemon/generation/3
3,Wurmple,,https://raw.githubusercontent.com/PokeAPI/sprites/master/sprites/pokemon/other/showdown/265.gif,https://www.phygitals.com/pokemon/265,,,https://www.phygitals.com/pokemon/generation/3
3,Silcoon,,https://raw.githubusercontent.com/PokeAPI/sprites/master/sprites/pokemon/other/showdown/266.gif,https://www.phygitals.com/pokemon/266,,,https://www.phygitals.com/pokemon/generation/3
3,Beautifly,,https://raw.githubusercontent.com/PokeAPI/sprites/master/sprites/pokemon/other/showdown/267.gif,https://www.phygitals.com/pokemon/267,,,https://www.phygitals.com/pokemon/generation/3
3,Cascoon,,https://raw.githubusercontent.com/PokeAPI/sprites/master/sprites/pokemon/other/showdown/268.gif,https://www.phygitals.com/pokemon/268,,,https://www.phygitals.com/pokemon/generation/3
3,Dustox,,https://raw.githubusercontent.com/PokeAPI/sprites/master/sprites/pokemon/other/showdown/269.gif,https://www.phygitals.com/pokemon/269,,,https://www.phygitals.com/pokemon/generation/3
3,Lotad,,https://raw.githubusercontent.com/PokeAPI/sprites/master/sprites/pokemon/other/showdown/270.gif,https://www.phygitals.com/pokemon/270,,,https://www.phygitals.com/pokemon/generation/3
3,Lombre,,https://raw.githubusercontent.com/PokeAPI/sprites/master/sprites/pokemon/other/showdown/271.gif,https://www.phygitals.com/pokemon/271,,,https://www.phygitals.com/pokemon/generation/3
3,Ludicolo,,https://raw.githubusercontent.com/PokeAPI/sprites/master/sprites/pokemon/other/showdown/272.gif,https://www.phygitals.com/pokemon/272,,,https://www.phygitals.com/pokemon/generation/3
3,Seedot,,https://raw.githubusercontent.com/PokeAPI/sprites/master/sprites/pokemon/other/showdown/273.gif,https://www.phygitals.com/pokemon/273,,,https://www.phygitals.com/pokemon/generation/3
3,Nuzleaf,,https://raw.githubusercontent.com/PokeAPI/sprites/master/sprites/pokemon/other/showdown/274.gif,https://www.phygitals.com/pokemon/274,,,https://www.phygitals.com/pokemon/generation/3
3,Shiftry,,https://raw.githubusercontent.com/PokeAPI/sprites/master/sprites/pokemon/other/showdown/275.gif,https://www.phygitals.com/pokemon/275,,,https://www.phygitals.com/pokemon/generation/3
3,Taillow,,https://raw.githubusercontent.com/PokeAPI/sprites/master/sprites/pokemon/other/showdown/276.gif,https://www.phygitals.com/pokemon/276,,,https://www.phygitals.com/pokemon/generation/3
3,Swellow,,https://raw.githubusercontent.com/PokeAPI/sprites/master/sprites/pokemon/other/showdown/277.gif,https://www.phygitals.com/pokemon/277,,,https://www.phygitals.com/pokemon/generation/3
3,Wingull,,https://raw.githubusercontent.com/PokeAPI/sprites/master/sprites/pokemon/other/showdown/278.gif,https://www.phygitals.com/pokemon/278,,,https://www.phygitals.com/pokemon/generation/3
3,Pelipper,,https://raw.githubusercontent.com/PokeAPI/sprites/master/sprites/pokemon/other/showdown/279.gif,https://www.phygitals.com/pokemon/279,,,https://www.phygitals.com/pokemon/generation/3
3,Ralts,,https://raw.githubusercontent.com/PokeAPI/sprites/master/sprites/pokemon/other/showdown/280.gif,https://www.phygitals.com/pokemon/280,,,https://www.phygitals.com/pokemon/generation/3
3,Kirlia,,https://raw.githubusercontent.com/PokeAPI/sprites/master/sprites/pokemon/other/showdown/281.gif,https://www.phygitals.com/pokemon/281,,,https://www.phygitals.com/pokemon/generation/3
3,Gardevoir,,https://raw.githubusercontent.com/PokeAPI/sprites/master/sprites/pokemon/other/showdown/282.gif,https://www.phygitals.com/pokemon/282,,,https://www.phygitals.com/pokemon/generation/3
3,Surskit,,https://raw.githubusercontent.com/PokeAPI/sprites/master/sprites/pokemon/other/showdown/283.gif,https://www.phygitals.com/pokemon/283,,,https://www.phygitals.com/pokemon/generation/3
3,Masquerain,,https://raw.githubusercontent.com/PokeAPI/sprites/master/sprites/pokemon/other/showdown/284.gif,https://www.phygitals.com/pokemon/284,,,https://www.phygitals.com/pokemon/generation/3
3,Shroomish,,https://raw.githubusercontent.com/PokeAPI/sprites/master/sprites/pokemon/other/showdown/285.gif,https://www.phygitals.com/pokemon/285,,,https://www.phygitals.com/pokemon/generation/3
3,Breloom,,https://raw.githubusercontent.com/PokeAPI/sprites/master/sprites/pokemon/other/showdown/286.gif,https://www.phygitals.com/pokemon/286,,,https://www.phygitals.com/pokemon/generation/3
3,Slakoth,,https://raw.githubusercontent.com/PokeAPI/sprites/master/sprites/pokemon/other/showdown/287.gif,https://www.phygitals.com/pokemon/287,,,https://www.phygitals.com/pokemon/generation/3
3,Vigoroth,,https://raw.githubusercontent.com/PokeAPI/sprites/master/sprites/pokemon/other/showdown/288.gif,https://www.phygitals.com/pokemon/288,,,https://www.phygitals.com/pokemon/generation/3
3,Slaking,,https://raw.githubusercontent.com/PokeAPI/sprites/master/sprites/pokemon/other/showdown/289.gif,https://www.phygitals.com/pokemon/289,,,https://www.phygitals.com/pokemon/generation/3
3,Nincada,,https://raw.githubusercontent.com/PokeAPI/sprites/master/sprites/pokemon/other/showdown/290.gif,https://www.phygitals.com/pokemon/290,,,https://www.phygitals.com/pokemon/generation/3
3,Ninjask,,https://raw.githubusercontent.com/PokeAPI/sprites/master/sprites/pokemon/other/showdown/291.gif,https://www.phygitals.com/pokemon/291,,,https://www.phygitals.com/pokemon/generation/3
3,Shedinja,,https://raw.githubusercontent.com/PokeAPI/sprites/master/sprites/pokemon/other/showdown/292.gif,https://www.phygitals.com/pokemon/292,,,https://www.phygitals.com/pokemon/generation/3
3,Whismur,,https://raw.githubusercontent.com/PokeAPI/sprites/master/sprites/pokemon/other/showdown/293.gif,https://www.phygitals.com/pokemon/293,,,https://www.phygitals.com/pokemon/generation/3
3,Loudred,,https://raw.githubusercontent.com/PokeAPI/sprites/master/sprites/pokemon/other/showdown/294.gif,https://www.phygitals.com/pokemon/294,,,https://www.phygitals.com/pokemon/generation/3
3,Exploud,,https://raw.githubusercontent.com/PokeAPI/sprites/master/sprites/pokemon/other/showdown/295.gif,https://www.phygitals.com/pokemon/295,,,https://www.phygitals.com/pokemon/generation/3
3,Makuhita,,https://raw.githubusercontent.com/PokeAPI/sprites/master/sprites/pokemon/other/showdown/296.gif,https://www.phygitals.com/pokemon/296,,,https://www.phygitals.com/pokemon/generation/3
3,Hariyama,,https://raw.githubusercontent.com/PokeAPI/sprites/master/sprites/pokemon/other/showdown/297.gif,https://www.phygitals.com/pokemon/297,,,https://www.phygitals.com/pokemon/generation/3
3,Azurill,,https://raw.githubusercontent.com/PokeAPI/sprites/master/sprites/pokemon/other/showdown/298.gif,https://www.phygitals.com/pokemon/298,,,https://www.phygitals.com/pokemon/generation/3
3,Nosepass,,https://raw.githubusercontent.com/PokeAPI/sprites/master/sprites/pokemon/other/showdown/299.gif,https://www.phygitals.com/pokemon/299,,,https://www.phygitals.com/pokemon/generation/3
3,Skitty,,https://raw.githubusercontent.com/PokeAPI/sprites/master/sprites/pokemon/other/showdown/300.gif,https://www.phygitals.com/pokemon/300,,,https://www.phygitals.com/pokemon/generation/3
3,Delcatty,,https://raw.githubusercontent.com/PokeAPI/sprites/master/sprites/pokemon/other/showdown/301.gif,https://www.phygitals.com/pokemon/301,,,https://www.phygitals.com/pokemon/generation/3
3,Sableye,,https://raw.githubusercontent.com/PokeAPI/sprites/master/sprites/pokemon/other/showdown/302.gif,https://www.phygitals.com/pokemon/302,,,https://www.phygitals.com/pokemon/generation/3
3,Mawile,,https://raw.githubusercontent.com/PokeAPI/sprites/master/sprites/pokemon/other/showdown/303.gif,https://www.phygitals.com/pokemon/303,,,https://www.phygitals.com/pokemon/generation/3
3,Aron,,https://raw.githubusercontent.com/PokeAPI/sprites/master/sprites/pokemon/other/showdown/304.gif,https://www.phygitals.com/pokemon/304,,,https://www.phygitals.com/pokemon/generation/3
3,Lairon,,https://raw.githubusercontent.com/PokeAPI/sprites/master/sprites/pokemon/other/showdown/305.gif,https://www.phygitals.com/pokemon/305,,,https://www.phygitals.com/pokemon/generation/3
3,Aggron,,https://raw.githubusercontent.com/PokeAPI/sprites/master/sprites/pokemon/other/showdown/306.gif,https://www.phygitals.com/pokemon/306,,,https://www.phygitals.com/pokemon/generation/3
3,Meditite,,https://raw.githubusercontent.com/PokeAPI/sprites/master/sprites/pokemon/other/showdown/307.gif,https://www.phygitals.com/pokemon/307,,,https://www.phygitals.com/pokemon/generation/3
3,Medicham,,https://raw.githubusercontent.com/PokeAPI/sprites/master/sprites/pokemon/other/showdown/308.gif,https://www.phygitals.com/pokemon/308,,,https://www.phygitals.com/pokemon/generation/3
3,Electrike,,https://raw.githubusercontent.com/PokeAPI/sprites/master/sprites/pokemon/other/showdown/309.gif,https://www.phygitals.com/pokemon/309,,,https://www.phygitals.com/pokemon/generation/3
3,Manectric,,https://raw.githubusercontent.com/PokeAPI/sprites/master/sprites/pokemon/other/showdown/310.gif,https://www.phygitals.com/pokemon/310,,,https://www.phygitals.com/pokemon/generation/3
3,Plusle,,https://raw.githubusercontent.com/PokeAPI/sprites/master/sprites/pokemon/other/showdown/311.gif,https://www.phygitals.com/pokemon/311,,,https://www.phygitals.com/pokemon/generation/3
3,Minun,,https://raw.githubusercontent.com/PokeAPI/sprites/master/sprites/pokemon/other/showdown/312.gif,https://www.phygitals.com/pokemon/312,,,https://www.phygitals.com/pokemon/generation/3
3,Volbeat,,https://raw.githubusercontent.com/PokeAPI/sprites/master/sprites/pokemon/other/showdown/313.gif,https://www.phygitals.com/pokemon/313,,,https://www.phygitals.com/pokemon/generation/3
3,Illumise,,https://raw.githubusercontent.com/PokeAPI/sprites/master/sprites/pokemon/other/showdown/314.gif,https://www.phygitals.com/pokemon/314,,,https://www.phygitals.com/pokemon/generation/3
3,Roselia,,https://raw.githubusercontent.com/PokeAPI/sprites/master/sprites/pokemon/other/showdown/315.gif,https://www.phygitals.com/pokemon/315,,,https://www.phygitals.com/pokemon/generation/3
3,Gulpin,,https://raw.githubusercontent.com/PokeAPI/sprites/master/sprites/pokemon/other/showdown/316.gif,https://www.phygitals.com/pokemon/316,,,https://www.phygitals.com/pokemon/generation/3
3,Swalot,,https://raw.githubusercontent.com/PokeAPI/sprites/master/sprites/pokemon/other/showdown/317.gif,https://www.phygitals.com/pokemon/317,,,https://www.phygitals.com/pokemon/generation/3
3,Carvanha,,https://raw.githubusercontent.com/PokeAPI/sprites/master/sprites/pokemon/other/showdown/318.gif,https://www.phygitals.com/pokemon/318,,,https://www.phygitals.com/pokemon/generation/3
3,Sharpedo,,https://raw.githubusercontent.com/PokeAPI/sprites/master/sprites/pokemon/other/showdown/319.gif,https://www.phygitals.com/pokemon/319,,,https://www.phygitals.com/pokemon/generation/3
3,Wailmer,,https://raw.githubusercontent.com/PokeAPI/sprites/master/sprites/pokemon/other/showdown/320.gif,https://www.phygitals.com/pokemon/320,,,https://www.phygitals.com/pokemon/generation/3
3,Wailord,,https://raw.githubusercontent.com/PokeAPI/sprites/master/sprites/pokemon/other/showdown/321.gif,https://www.phygitals.com/pokemon/321,,,https://www.phygitals.com/pokemon/generation/3
3,Numel,,https://raw.githubusercontent.com/PokeAPI/sprites/master/sprites/pokemon/other/showdown/322.gif,https://www.phygitals.com/pokemon/322,,,https://www.phygitals.com/pokemon/generation/3
3,Camerupt,,https://raw.githubusercontent.com/PokeAPI/sprites/master/sprites/pokemon/other/showdown/323.gif,https://www.phygitals.com/pokemon/323,,,https://www.phygitals.com/pokemon/generation/3
3,Torkoal,,https://raw.githubusercontent.com/PokeAPI/sprites/master/sprites/pokemon/other/showdown/324.gif,https://www.phygitals.com/pokemon/324,,,https://www.phygitals.com/pokemon/generation/3
3,Spoink,,https://raw.githubusercontent.com/PokeAPI/sprites/master/sprites/pokemon/other/showdown/325.gif,https://www.phygitals.com/pokemon/325,,,https://www.phygitals.com/pokemon/generation/3
3,Grumpig,,https://raw.githubusercontent.com/PokeAPI/sprites/master/sprites/pokemon/other/showdown/326.gif,https://www.phygitals.com/pokemon/326,,,https://www.phygitals.com/pokemon/generation/3
3,Spinda,,https://raw.githubusercontent.com/PokeAPI/sprites/master/sprites/pokemon/other/showdown/327.gif,https://www.phygitals.com/pokemon/327,,,https://www.phygitals.com/pokemon/generation/3
3,Trapinch,,https://raw.githubusercontent.com/PokeAPI/sprites/master/sprites/pokemon/other/showdown/328.gif,https://www.phygitals.com/pokemon/328,,,https://www.phygitals.com/pokemon/generation/3
3,Vibrava,,https://raw.githubusercontent.com/PokeAPI/sprites/master/sprites/pokemon/other/showdown/329.gif,https://www.phygitals.com/pokemon/329,,,https://www.phygitals.com/pokemon/generation/3
3,Flygon,,https://raw.githubusercontent.com/PokeAPI/sprites/master/sprites/pokemon/other/showdown/330.gif,https://www.phygitals.com/pokemon/330,,,https://www.phygitals.com/pokemon/generation/3
3,Cacnea,,https://raw.githubusercontent.com/PokeAPI/sprites/master/sprites/pokemon/other/showdown/331.gif,https://www.phygitals.com/pokemon/331,,,https://www.phygitals.com/pokemon/generation/3
3,Cacturne,,https://raw.githubusercontent.com/PokeAPI/sprites/master/sprites/pokemon/other/showdown/332.gif,https://www.phygitals.com/pokemon/332,,,https://www.phygitals.com/pokemon/generation/3
3,Swablu,,https://raw.githubusercontent.com/PokeAPI/sprites/master/sprites/pokemon/other/showdown/333.gif,https://www.phygitals.com/pokemon/333,,,https://www.phygitals.com/pokemon/generation/3
3,Altaria,,https://raw.githubusercontent.com/PokeAPI/sprites/master/sprites/pokemon/other/showdown/334.gif,https://www.phygitals.com/pokemon/334,,,https://www.phygitals.com/pokemon/generation/3
3,Zangoose,,https://raw.githubusercontent.com/PokeAPI/sprites/master/sprites/pokemon/other/showdown/335.gif,https://www.phygitals.com/pokemon/335,,,https://www.phygitals.com/pokemon/generation/3
3,Seviper,,https://raw.githubusercontent.com/PokeAPI/sprites/master/sprites/pokemon/other/showdown/336.gif,https://www.phygitals.com/pokemon/336,,,https://www.phygitals.com/pokemon/generation/3
3,Lunatone,,https://raw.githubusercontent.com/PokeAPI/sprites/master/sprites/pokemon/other/showdown/337.gif,https://www.phygitals.com/pokemon/337,,,https://www.phygitals.com/pokemon/generation/3
3,Solrock,,https://raw.githubusercontent.com/PokeAPI/sprites/master/sprites/pokemon/other/showdown/338.gif,https://www.phygitals.com/pokemon/338,,,https://www.phygitals.com/pokemon/generation/3
3,Barboach,,https://raw.githubusercontent.com/PokeAPI/sprites/master/sprites/pokemon/other/showdown/339.gif,https://www.phygitals.com/pokemon/339,,,https://www.phygitals.com/pokemon/generation/3
3,Whiscash,,https://raw.githubusercontent.com/PokeAPI/sprites/master/sprites/pokemon/other/showdown/340.gif,https://www.phygitals.com/pokemon/340,,,https://www.phygitals.com/pokemon/generation/3
3,Corphish,,https://raw.githubusercontent.com/PokeAPI/sprites/master/sprites/pokemon/other/showdown/341.gif,https://www.phygitals.com/pokemon/341,,,https://www.phygitals.com/pokemon/generation/3
3,Crawdaunt,,https://raw.githubusercontent.com/PokeAPI/sprites/master/sprites/pokemon/other/showdown/342.gif,https://www.phygitals.com/pokemon/342,,,https://www.phygitals.com/pokemon/generation/3
3,Baltoy,,https://raw.githubusercontent.com/PokeAPI/sprites/master/sprites/pokemon/other/showdown/343.gif,https://www.phygitals.com/pokemon/343,,,https://www.phygitals.com/pokemon/generation/3
3,Claydol,,https://raw.githubusercontent.com/PokeAPI/sprites/master/sprites/pokemon/other/showdown/344.gif,https://www.phygitals.com/pokemon/344,,,https://www.phygitals.com/pokemon/generation/3
3,Lileep,,https://raw.githubusercontent.com/PokeAPI/sprites/master/sprites/pokemon/other/showdown/345.gif,https://www.phygitals.com/pokemon/345,,,https://www.phygitals.com/pokemon/generation/3
3,Cradily,,https://raw.githubusercontent.com/PokeAPI/sprites/master/sprites/pokemon/other/showdown/346.gif,https://www.phygitals.com/pokemon/346,,,https://www.phygitals.com/pokemon/generation/3
3,Anorith,,https://raw.githubusercontent.com/PokeAPI/sprites/master/sprites/pokemon/other/showdown/347.gif,https://www.phygitals.com/pokemon/347,,,https://www.phygitals.com/pokemon/generation/3
3,Armaldo,,https://raw.githubusercontent.com/PokeAPI/sprites/master/sprites/pokemon/other/showdown/348.gif,https://www.phygitals.com/pokemon/348,,,https://www.phygitals.com/pokemon/generation/3
3,Feebas,,https://raw.githubusercontent.com/PokeAPI/sprites/master/sprites/pokemon/other/showdown/349.gif,https://www.phygitals.com/pokemon/349,,,https://www.phygitals.com/pokemon/generation/3
3,Milotic,,https://raw.githubusercontent.com/PokeAPI/sprites/master/sprites/pokemon/other/showdown/350.gif,https://www.phygitals.com/pokemon/350,,,https://www.phygitals.com/pokemon/generation/3
3,Castform,,https://raw.githubusercontent.com/PokeAPI/sprites/master/sprites/pokemon/other/showdown/351.gif,https://www.phygitals.com/pokemon/351,,,https://www.phygitals.com/pokemon/generation/3
3,Kecleon,,https://raw.githubusercontent.com/PokeAPI/sprites/master/sprites/pokemon/other/showdown/352.gif,https://www.phygitals.com/pokemon/352,,,https://www.phygitals.com/pokemon/generation/3
3,Shuppet,,https://raw.githubusercontent.com/PokeAPI/sprites/master/sprites/pokemon/other/showdown/353.gif,https://www.phygitals.com/pokemon/353,,,https://www.phygitals.com/pokemon/generation/3
3,Banette,,https://raw.githubusercontent.com/PokeAPI/sprites/master/sprites/pokemon/other/showdown/354.gif,https://www.phygitals.com/pokemon/354,,,https://www.phygitals.com/pokemon/generation/3
3,Duskull,,https://raw.githubusercontent.com/PokeAPI/sprites/master/sprites/pokemon/other/showdown/355.gif,https://www.phygitals.com/pokemon/355,,,https://www.phygitals.com/pokemon/generation/3
3,Dusclops,,https://raw.githubusercontent.com/PokeAPI/sprites/master/sprites/pokemon/other/showdown/356.gif,https://www.phygitals.com/pokemon/356,,,https://www.phygitals.com/pokemon/generation/3
3,Tropius,,https://raw.githubusercontent.com/PokeAPI/sprites/master/sprites/pokemon/other/showdown/357.gif,https://www.phygitals.com/pokemon/357,,,https://www.phygitals.com/pokemon/generation/3
3,Chimecho,,https://raw.githubusercontent.com/PokeAPI/sprites/master/sprites/pokemon/other/showdown/358.gif,https://www.phygitals.com/pokemon/358,,,https://www.phygitals.com/pokemon/generation/3
3,Absol,,https://raw.githubusercontent.com/PokeAPI/sprites/master/sprites/pokemon/other/showdown/359.gif,https://www.phygitals.com/pokemon/359,,,https://www.phygitals.com/pokemon/generation/3
3,Wynaut,,https://raw.githubusercontent.com/PokeAPI/sprites/master/sprites/pokemon/other/showdown/360.gif,https://www.phygitals.com/pokemon/360,,,https://www.phygitals.com/pokemon/generation/3
3,Snorunt,,https://raw.githubusercontent.com/PokeAPI/sprites/master/sprites/pokemon/other/showdown/361.gif,https://www.phygitals.com/pokemon/361,,,https://www.phygitals.com/pokemon/generation/3
3,Glalie,,https://raw.githubusercontent.com/PokeAPI/sprites/master/sprites/pokemon/other/showdown/362.gif,https://www.phygitals.com/pokemon/362,,,https://www.phygitals.com/pokemon/generation/3
3,Spheal,,https://raw.githubusercontent.com/PokeAPI/sprites/master/sprites/pokemon/other/showdown/363.gif,https://www.phygitals.com/pokemon/363,,,https://www.phygitals.com/pokemon/generation/3
3,Sealeo,,https://raw.githubusercontent.com/PokeAPI/sprites/master/sprites/pokemon/other/showdown/364.gif,https://www.phygitals.com/pokemon/364,,,https://www.phygitals.com/pokemon/generation/3
3,Walrein,,https://raw.githubusercontent.com/PokeAPI/sprites/master/sprites/pokemon/other/showdown/365.gif,https://www.phygitals.com/pokemon/365,,,https://www.phygitals.com/pokemon/generation/3
3,Clamperl,,https://raw.githubusercontent.com/PokeAPI/sprites/master/sprites/pokemon/other/showdown/366.gif,https://www.phygitals.com/pokemon/366,,,https://www.phygitals.com/pokemon/generation/3
3,Huntail,,https://raw.githubusercontent.com/PokeAPI/sprites/master/sprites/pokemon/other/showdown/367.gif,https://www.phygitals.com/pokemon/367,,,https://www.phygitals.com/pokemon/generation/3
3,Gorebyss,,https://raw.githubusercontent.com/PokeAPI/sprites/master/sprites/pokemon/other/showdown/368.gif,https://www.phygitals.com/pokemon/368,,,https://www.phygitals.com/pokemon/generation/3
3,Relicanth,,https://raw.githubusercontent.com/PokeAPI/sprites/master/sprites/pokemon/other/showdown/369.gif,https://www.phygitals.com/pokemon/369,,,https://www.phygitals.com/pokemon/generation/3
3,Luvdisc,,https://raw.githubusercontent.com/PokeAPI/sprites/master/sprites/pokemon/other/showdown/370.gif,https://www.phygitals.com/pokemon/370,,,https://www.phygitals.com/pokemon/generation/3
3,Bagon,,https://raw.githubusercontent.com/PokeAPI/sprites/master/sprites/pokemon/other/showdown/371.gif,https://www.phygitals.com/pokemon/371,,,https://www.phygitals.com/pokemon/generation/3
3,Shelgon,,https://raw.githubusercontent.com/PokeAPI/sprites/master/sprites/pokemon/other/showdown/372.gif,https://www.phygitals.com/pokemon/372,,,https://www.phygitals.com/pokemon/generation/3
3,Salamence,,https://raw.githubusercontent.com/PokeAPI/sprites/master/sprites/pokemon/other/showdown/373.gif,https://www.phygitals.com/pokemon/373,,,https://www.phygitals.com/pokemon/generation/3
3,Beldum,,https://raw.githubusercontent.com/PokeAPI/sprites/master/sprites/pokemon/other/showdown/374.gif,https://www.phygitals.com/pokemon/374,,,https://www.phygitals.com/pokemon/generation/3
3,Metang,,https://raw.githubusercontent.com/PokeAPI/sprites/master/sprites/pokemon/other/showdown/375.gif,https://www.phygitals.com/pokemon/375,,,https://www.phygitals.com/pokemon/generation/3
3,Metagross,,https://raw.githubusercontent.com/PokeAPI/sprites/master/sprites/pokemon/other/showdown/376.gif,https://www.phygitals.com/pokemon/376,,,https://www.phygitals.com/pokemon/generation/3
3,Regirock,,https://raw.githubusercontent.com/PokeAPI/sprites/master/sprites/pokemon/other/showdown/377.gif,https://www.phygitals.com/pokemon/377,,,https://www.phygitals.com/pokemon/generation/3
3,Regice,,https://raw.githubusercontent.com/PokeAPI/sprites/master/sprites/pokemon/other/showdown/378.gif,https://www.phygitals.com/pokemon/378,,,https://www.phygitals.com/pokemon/generation/3
3,Registeel,,https://raw.githubusercontent.com/PokeAPI/sprites/master/sprites/pokemon/other/showdown/379.gif,https://www.phygitals.com/pokemon/379,,,https://www.phygitals.com/pokemon/generation/3
3,Latias,,https://raw.githubusercontent.com/PokeAPI/sprites/master/sprites/pokemon/other/showdown/380.gif,https://www.phygitals.com/pokemon/380,,,https://www.phygitals.com/pokemon/generation/3
3,Latios,,https://raw.githubusercontent.com/PokeAPI/sprites/master/sprites/pokemon/other/showdown/381.gif,https://www.phygitals.com/pokemon/381,,,https://www.phygitals.com/pokemon/generation/3
3,Kyogre,,https://raw.githubusercontent.com/PokeAPI/sprites/master/sprites/pokemon/other/showdown/382.gif,https://www.phygitals.com/pokemon/382,,,https://www.phygitals.com/pokemon/generation/3
3,Groudon,,https://raw.githubusercontent.com/PokeAPI/sprites/master/sprites/pokemon/other/showdown/383.gif,https://www.phygitals.com/pokemon/383,,,https://www.phygitals.com/pokemon/generation/3
3,Rayquaza,,https://raw.githubusercontent.com/PokeAPI/sprites/master/sprites/pokemon/other/showdown/384.gif,https://www.phygitals.com/pokemon/384,,,https://www.phygitals.com/pokemon/generation/3
3,Jirachi,,https://raw.githubusercontent.com/PokeAPI/sprites/master/sprites/pokemon/other/showdown/385.gif,https://www.phygitals.com/pokemon/385,,,https://www.phygitals.com/pokemon/generation/3
3,Deoxys,,https://raw.githubusercontent.com/PokeAPI/sprites/master/sprites/pokemon/other/showdown/386.gif,https://www.phygitals.com/pokemon/386,,,https://www.phygitals.com/pokemon/generation/3
3,,,https://t.co/1/i/adsct?bci=4&dv=Asia%2FCalcutta%26en-US%2Cen%26Google%20Inc.%26Win32%26255%26800%26600%2612%2624%26800%26600%260%26na&eci=3&event=%7B%7D&event_id=cea10066-83d4-444f-a2cb-27f445d03a76&integration=gtm&p_id=Twitter&p_user_id=0&pl_id=a8654d67-027e-4ef4-a8da-1ac9244ec0fc&pt=Phygitals%20-%20Your%20Gateway%20to%20Physical%20%26%20Digital%20Collectibles&tw_document_href=https%3A%2F%2Fwww.phygitals.com%2Fpokemon%2Fgeneration%2F3&tw_iframe_status=0&txn_id=og5w0&type=javascript&version=2.3.34,,,,https://www.phygitals.com/pokemon/generation/3
3,,,https://analytics.twitter.com/1/i/adsct?bci=4&dv=Asia%2FCalcutta%26en-US%2Cen%26Google%20Inc.%26Win32%26255%26800%26600%2612%2624%26800%26600%260%26na&eci=3&event=%7B%7D&event_id=cea10066-83d4-444f-a2cb-27f445d03a76&integration=gtm&p_id=Twitter&p_user_id=0&pl_id=a8654d67-027e-4ef4-a8da-1ac9244ec0fc&pt=Phygitals%20-%20Your%20Gateway%20to%20Physical%20%26%20Digital%20Collectibles&tw_document_href=https%3A%2F%2Fwww.phygitals.com%2Fpokemon%2Fgeneration%2F3&tw_iframe_status=0&txn_id=og5w0&type=javascript&version=2.3.34,,,,https://www.phygitals.com/pokemon/generation/3
4,Turtwig,,https://raw.githubusercontent.com/PokeAPI/sprites/master/sprites/pokemon/other/showdown/387.gif,https://www.phygitals.com/pokemon/387,,,https://www.phygitals.com/pokemon/generation/4
4,Grotle,,https://raw.githubusercontent.com/PokeAPI/sprites/master/sprites/pokemon/other/showdown/388.gif,https://www.phygitals.com/pokemon/388,,,https://www.phygitals.com/pokemon/generation/4
4,Torterra,,https://raw.githubusercontent.com/PokeAPI/sprites/master/sprites/pokemon/other/showdown/389.gif,https://www.phygitals.com/pokemon/389,,,https://www.phygitals.com/pokemon/generation/4
4,Chimchar,,https://raw.githubusercontent.com/PokeAPI/sprites/master/sprites/pokemon/other/showdown/390.gif,https://www.phygitals.com/pokemon/390,,,https://www.phygitals.com/pokemon/generation/4
4,Monferno,,https://raw.githubusercontent.com/PokeAPI/sprites/master/sprites/pokemon/other/showdown/391.gif,https://www.phygitals.com/pokemon/391,,,https://www.phygitals.com/pokemon/generation/4
4,Infernape,,https://raw.githubusercontent.com/PokeAPI/sprites/master/sprites/pokemon/other/showdown/392.gif,https://www.phygitals.com/pokemon/392,,,https://www.phygitals.com/pokemon/generation/4
4,Piplup,,https://raw.githubusercontent.com/PokeAPI/sprites/master/sprites/pokemon/other/showdown/393.gif,https://www.phygitals.com/pokemon/393,,,https://www.phygitals.com/pokemon/generation/4
4,Prinplup,,https://raw.githubusercontent.com/PokeAPI/sprites/master/sprites/pokemon/other/showdown/394.gif,https://www.phygitals.com/pokemon/394,,,https://www.phygitals.com/pokemon/generation/4
4,Empoleon,,https://raw.githubusercontent.com/PokeAPI/sprites/master/sprites/pokemon/other/showdown/395.gif,https://www.phygitals.com/pokemon/395,,,https://www.phygitals.com/pokemon/generation/4
4,Starly,,https://raw.githubusercontent.com/PokeAPI/sprites/master/sprites/pokemon/other/showdown/396.gif,https://www.phygitals.com/pokemon/396,,,https://www.phygitals.com/pokemon/generation/4
4,Staravia,,https://raw.githubusercontent.com/PokeAPI/sprites/master/sprites/pokemon/other/showdown/397.gif,https://www.phygitals.com/pokemon/397,,,https://www.phygitals.com/pokemon/generation/4
4,Staraptor,,https://raw.githubusercontent.com/PokeAPI/sprites/master/sprites/pokemon/other/showdown/398.gif,https://www.phygitals.com/pokemon/398,,,https://www.phygitals.com/pokemon/generation/4
4,Bidoof,,https://raw.githubusercontent.com/PokeAPI/sprites/master/sprites/pokemon/other/showdown/399.gif,https://www.phygitals.com/pokemon/399,,,https://www.phygitals.com/pokemon/generation/4
4,Bibarel,,https://raw.githubusercontent.com/PokeAPI/sprites/master/sprites/pokemon/other/showdown/400.gif,https://www.phygitals.com/pokemon/400,,,https://www.phygitals.com/pokemon/generation/4
4,Kricketot,,https://raw.githubusercontent.com/PokeAPI/sprites/master/sprites/pokemon/other/showdown/401.gif,https://www.phygitals.com/pokemon/401,,,https://www.phygitals.com/pokemon/generation/4
4,Kricketune,,https://raw.githubusercontent.com/PokeAPI/sprites/master/sprites/pokemon/other/showdown/402.gif,https://www.phygitals.com/pokemon/402,,,https://www.phygitals.com/pokemon/generation/4
4,Shinx,,https://raw.githubusercontent.com/PokeAPI/sprites/master/sprites/pokemon/other/showdown/403.gif,https://www.phygitals.com/pokemon/403,,,https://www.phygitals.com/pokemon/generation/4
4,Luxio,,https://raw.githubusercontent.com/PokeAPI/sprites/master/sprites/pokemon/other/showdown/404.gif,https://www.phygitals.com/pokemon/404,,,https://www.phygitals.com/pokemon/generation/4
4,Luxray,,https://raw.githubusercontent.com/PokeAPI/sprites/master/sprites/pokemon/other/showdown/405.gif,https://www.phygitals.com/pokemon/405,,,https://www.phygitals.com/pokemon/generation/4
4,Budew,,https://raw.githubusercontent.com/PokeAPI/sprites/master/sprites/pokemon/other/showdown/406.gif,https://www.phygitals.com/pokemon/406,,,https://www.phygitals.com/pokemon/generation/4
4,Roserade,,https://raw.githubusercontent.com/PokeAPI/sprites/master/sprites/pokemon/other/showdown/407.gif,https://www.phygitals.com/pokemon/407,,,https://www.phygitals.com/pokemon/generation/4
4,Cranidos,,https://raw.githubusercontent.com/PokeAPI/sprites/master/sprites/pokemon/other/showdown/408.gif,https://www.phygitals.com/pokemon/408,,,https://www.phygitals.com/pokemon/generation/4
4,Rampardos,,https://raw.githubusercontent.com/PokeAPI/sprites/master/sprites/pokemon/other/showdown/409.gif,https://www.phygitals.com/pokemon/409,,,https://www.phygitals.com/pokemon/generation/4
4,Shieldon,,https://raw.githubusercontent.com/PokeAPI/sprites/master/sprites/pokemon/other/showdown/410.gif,https://www.phygitals.com/pokemon/410,,,https://www.phygitals.com/pokemon/generation/4
4,Bastiodon,,https://raw.githubusercontent.com/PokeAPI/sprites/master/sprites/pokemon/other/showdown/411.gif,https://www.phygitals.com/pokemon/411,,,https://www.phygitals.com/pokemon/generation/4
4,Burmy,,https://raw.githubusercontent.com/PokeAPI/sprites/master/sprites/pokemon/other/showdown/412.gif,https://www.phygitals.com/pokemon/412,,,https://www.phygitals.com/pokemon/generation/4
4,Wormadam,,https://raw.githubusercontent.com/PokeAPI/sprites/master/sprites/pokemon/other/showdown/413.gif,https://www.phygitals.com/pokemon/413,,,https://www.phygitals.com/pokemon/generation/4
4,Mothim,,https://raw.githubusercontent.com/PokeAPI/sprites/master/sprites/pokemon/other/showdown/414.gif,https://www.phygitals.com/pokemon/414,,,https://www.phygitals.com/pokemon/generation/4
4,Combee,,https://raw.githubusercontent.com/PokeAPI/sprites/master/sprites/pokemon/other/showdown/415.gif,https://www.phygitals.com/pokemon/415,,,https://www.phygitals.com/pokemon/generation/4
4,Vespiquen,,https://raw.githubusercontent.com/PokeAPI/sprites/master/sprites/pokemon/other/showdown/416.gif,https://www.phygitals.com/pokemon/416,,,https://www.phygitals.com/pokemon/generation/4
4,Pachirisu,,https://raw.githubusercontent.com/PokeAPI/sprites/master/sprites/pokemon/other/showdown/417.gif,https://www.phygitals.com/pokemon/417,,,https://www.phygitals.com/pokemon/generation/4
4,Buizel,,https://raw.githubusercontent.com/PokeAPI/sprites/master/sprites/pokemon/other/showdown/418.gif,https://www.phygitals.com/pokemon/418,,,https://www.phygitals.com/pokemon/generation/4
4,Floatzel,,https://raw.githubusercontent.com/PokeAPI/sprites/master/sprites/pokemon/other/showdown/419.gif,https://www.phygitals.com/pokemon/419,,,https://www.phygitals.com/pokemon/generation/4
4,Cherubi,,https://raw.githubusercontent.com/PokeAPI/sprites/master/sprites/pokemon/other/showdown/420.gif,https://www.phygitals.com/pokemon/420,,,https://www.phygitals.com/pokemon/generation/4
4,Cherrim,,https://raw.githubusercontent.com/PokeAPI/sprites/master/sprites/pokemon/other/showdown/421.gif,https://www.phygitals.com/pokemon/421,,,https://www.phygitals.com/pokemon/generation/4
4,Shellos,,https://raw.githubusercontent.com/PokeAPI/sprites/master/sprites/pokemon/other/showdown/422.gif,https://www.phygitals.com/pokemon/422,,,https://www.phygitals.com/pokemon/generation/4
4,Gastrodon,,https://raw.githubusercontent.com/PokeAPI/sprites/master/sprites/pokemon/other/showdown/423.gif,https://www.phygitals.com/pokemon/423,,,https://www.phygitals.com/pokemon/generation/4
4,Ambipom,,https://raw.githubusercontent.com/PokeAPI/sprites/master/sprites/pokemon/other/showdown/424.gif,https://www.phygitals.com/pokemon/424,,,https://www.phygitals.com/pokemon/generation/4
4,Drifloon,,https://raw.githubusercontent.com/PokeAPI/sprites/master/sprites/pokemon/other/showdown/425.gif,https://www.phygitals.com/pokemon/425,,,https://www.phygitals.com/pokemon/generation/4
4,Drifblim,,https://raw.githubusercontent.com/PokeAPI/sprites/master/sprites/pokemon/other/showdown/426.gif,https://www.phygitals.com/pokemon/426,,,https://www.phygitals.com/pokemon/generation/4
4,Buneary,,https://raw.githubusercontent.com/PokeAPI/sprites/master/sprites/pokemon/other/showdown/427.gif,https://www.phygitals.com/pokemon/427,,,https://www.phygitals.com/pokemon/generation/4
4,Lopunny,,https://raw.githubusercontent.com/PokeAPI/sprites/master/sprites/pokemon/other/showdown/428.gif,https://www.phygitals.com/pokemon/428,,,https://www.phygitals.com/pokemon/generation/4
4,Mismagius,,https://raw.githubusercontent.com/PokeAPI/sprites/master/sprites/pokemon/other/showdown/429.gif,https://www.phygitals.com/pokemon/429,,,https://www.phygitals.com/pokemon/generation/4
4,Honchkrow,,https://raw.githubusercontent.com/PokeAPI/sprites/master/sprites/pokemon/other/showdown/430.gif,https://www.phygitals.com/pokemon/430,,,https://www.phygitals.com/pokemon/generation/4
4,Glameow,,https://raw.githubusercontent.com/PokeAPI/sprites/master/sprites/pokemon/other/showdown/431.gif,https://www.phygitals.com/pokemon/431,,,https://www.phygitals.com/pokemon/generation/4
4,Purugly,,https://raw.githubusercontent.com/PokeAPI/sprites/master/sprites/pokemon/other/showdown/432.gif,https://www.phygitals.com/pokemon/432,,,https://www.phygitals.com/pokemon/generation/4
4,Chingling,,https://raw.githubusercontent.com/PokeAPI/sprites/master/sprites/pokemon/other/showdown/433.gif,https://www.phygitals.com/pokemon/433,,,https://www.phygitals.com/pokemon/generation/4
4,Stunky,,https://raw.githubusercontent.com/PokeAPI/sprites/master/sprites/pokemon/other/showdown/434.gif,https://www.phygitals.com/pokemon/434,,,https://www.phygitals.com/pokemon/generation/4
4,Skuntank,,https://raw.githubusercontent.com/PokeAPI/sprites/master/sprites/pokemon/other/showdown/435.gif,https://www.phygitals.com/pokemon/435,,,https://www.phygitals.com/pokemon/generation/4
4,Bronzor,,https://raw.githubusercontent.com/PokeAPI/sprites/master/sprites/pokemon/other/showdown/436.gif,https://www.phygitals.com/pokemon/436,,,https://www.phygitals.com/pokemon/generation/4
4,Bronzong,,https://raw.githubusercontent.com/PokeAPI/sprites/master/sprites/pokemon/other/showdown/437.gif,https://www.phygitals.com/pokemon/437,,,https://www.phygitals.com/pokemon/generation/4
4,Bonsly,,https://raw.githubusercontent.com/PokeAPI/sprites/master/sprites/pokemon/other/showdown/438.gif,https://www.phygitals.com/pokemon/438,,,https://www.phygitals.com/pokemon/generation/4
4,Mime-jr,,https://raw.githubusercontent.com/PokeAPI/sprites/master/sprites/pokemon/other/showdown/439.gif,https://www.phygitals.com/pokemon/439,,,https://www.phygitals.com/pokemon/generation/4
4,Happiny,,https://raw.githubusercontent.com/PokeAPI/sprites/master/sprites/pokemon/other/showdown/440.gif,https://www.phygitals.com/pokemon/440,,,https://www.phygitals.com/pokemon/generation/4
4,Chatot,,https://raw.githubusercontent.com/PokeAPI/sprites/master/sprites/pokemon/other/showdown/441.gif,https://www.phygitals.com/pokemon/441,,,https://www.phygitals.com/pokemon/generation/4
4,Spiritomb,,https://raw.githubusercontent.com/PokeAPI/sprites/master/sprites/pokemon/other/showdown/442.gif,https://www.phygitals.com/pokemon/442,,,https://www.phygitals.com/pokemon/generation/4
4,Gible,,https://raw.githubusercontent.com/PokeAPI/sprites/master/sprites/pokemon/other/showdown/443.gif,https://www.phygitals.com/pokemon/443,,,https://www.phygitals.com/pokemon/generation/4
4,Gabite,,https://raw.githubusercontent.com/PokeAPI/sprites/master/sprites/pokemon/other/showdown/444.gif,https://www.phygitals.com/pokemon/444,,,https://www.phygitals.com/pokemon/generation/4
4,Garchomp,,https://raw.githubusercontent.com/PokeAPI/sprites/master/sprites/pokemon/other/showdown/445.gif,https://www.phygitals.com/pokemon/445,,,https://www.phygitals.com/pokemon/generation/4
4,Munchlax,,https://raw.githubusercontent.com/PokeAPI/sprites/master/sprites/pokemon/other/showdown/446.gif,https://www.phygitals.com/pokemon/446,,,https://www.phygitals.com/pokemon/generation/4
4,Riolu,,https://raw.githubusercontent.com/PokeAPI/sprites/master/sprites/pokemon/other/showdown/447.gif,https://www.phygitals.com/pokemon/447,,,https://www.phygitals.com/pokemon/generation/4
4,Lucario,,https://raw.githubusercontent.com/PokeAPI/sprites/master/sprites/pokemon/other/showdown/448.gif,https://www.phygitals.com/pokemon/448,,,https://www.phygitals.com/pokemon/generation/4
4,Hippopotas,,https://raw.githubusercontent.com/PokeAPI/sprites/master/sprites/pokemon/other/showdown/449.gif,https://www.phygitals.com/pokemon/449,,,https://www.phygitals.com/pokemon/generation/4
4,Hippowdon,,https://raw.githubusercontent.com/PokeAPI/sprites/master/sprites/pokemon/other/showdown/450.gif,https://www.phygitals.com/pokemon/450,,,https://www.phygitals.com/pokemon/generation/4
4,Skorupi,,https://raw.githubusercontent.com/PokeAPI/sprites/master/sprites/pokemon/other/showdown/451.gif,https://www.phygitals.com/pokemon/451,,,https://www.phygitals.com/pokemon/generation/4
4,Drapion,,https://raw.githubusercontent.com/PokeAPI/sprites/master/sprites/pokemon/other/showdown/452.gif,https://www.phygitals.com/pokemon/452,,,https://www.phygitals.com/pokemon/generation/4
4,Croagunk,,https://raw.githubusercontent.com/PokeAPI/sprites/master/sprites/pokemon/other/showdown/453.gif,https://www.phygitals.com/pokemon/453,,,https://www.phygitals.com/pokemon/generation/4
4,Toxicroak,,https://raw.githubusercontent.com/PokeAPI/sprites/master/sprites/pokemon/other/showdown/454.gif,https://www.phygitals.com/pokemon/454,,,https://www.phygitals.com/pokemon/generation/4
4,Carnivine,,https://raw.githubusercontent.com/PokeAPI/sprites/master/sprites/pokemon/other/showdown/455.gif,https://www.phygitals.com/pokemon/455,,,https://www.phygitals.com/pokemon/generation/4
4,Finneon,,https://raw.githubusercontent.com/PokeAPI/sprites/master/sprites/pokemon/other/showdown/456.gif,https://www.phygitals.com/pokemon/456,,,https://www.phygitals.com/pokemon/generation/4
4,Lumineon,,https://raw.githubusercontent.com/PokeAPI/sprites/master/sprites/pokemon/other/showdown/457.gif,https://www.phygitals.com/pokemon/457,,,https://www.phygitals.com/pokemon/generation/4
4,Mantyke,,https://raw.githubusercontent.com/PokeAPI/sprites/master/sprites/pokemon/other/showdown/458.gif,https://www.phygitals.com/pokemon/458,,,https://www.phygitals.com/pokemon/generation/4
4,Snover,,https://raw.githubusercontent.com/PokeAPI/sprites/master/sprites/pokemon/other/showdown/459.gif,https://www.phygitals.com/pokemon/459,,,https://www.phygitals.com/pokemon/generation/4
4,Abomasnow,,https://raw.githubusercontent.com/PokeAPI/sprites/master/sprites/pokemon/other/showdown/460.gif,https://www.phygitals.com/pokemon/460,,,https://www.phygitals.com/pokemon/generation/4
4,Weavile,,https://raw.githubusercontent.com/PokeAPI/sprites/master/sprites/pokemon/other/showdown/461.gif,https://www.phygitals.com/pokemon/461,,,https://www.phygitals.com/pokemon/generation/4
4,Magnezone,,https://raw.githubusercontent.com/PokeAPI/sprites/master/sprites/pokemon/other/showdown/462.gif,https://www.phygitals.com/pokemon/462,,,https://www.phygitals.com/pokemon/generation/4
4,Lickilicky,,https://raw.githubusercontent.com/PokeAPI/sprites/master/sprites/pokemon/other/showdown/463.gif,https://www.phygitals.com/pokemon/463,,,https://www.phygitals.com/pokemon/generation/4
4,Rhyperior,,https://raw.githubusercontent.com/PokeAPI/sprites/master/sprites/pokemon/other/showdown/464.gif,https://www.phygitals.com/pokemon/464,,,https://www.phygitals.com/pokemon/generation/4
4,Tangrowth,,https://raw.githubusercontent.com/PokeAPI/sprites/master/sprites/pokemon/other/showdown/465.gif,https://www.phygitals.com/pokemon/465,,,https://www.phygitals.com/pokemon/generation/4
4,Electivire,,https://raw.githubusercontent.com/PokeAPI/sprites/master/sprites/pokemon/other/showdown/466.gif,https://www.phygitals.com/pokemon/466,,,https://www.phygitals.com/pokemon/generation/4
4,Magmortar,,https://raw.githubusercontent.com/PokeAPI/sprites/master/sprites/pokemon/other/showdown/467.gif,https://www.phygitals.com/pokemon/467,,,https://www.phygitals.com/pokemon/generation/4
4,Togekiss,,https://raw.githubusercontent.com/PokeAPI/sprites/master/sprites/pokemon/other/showdown/468.gif,https://www.phygitals.com/pokemon/468,,,https://www.phygitals.com/pokemon/generation/4
4,Yanmega,,https://raw.githubusercontent.com/PokeAPI/sprites/master/sprites/pokemon/other/showdown/469.gif,https://www.phygitals.com/pokemon/469,,,https://www.phygitals.com/pokemon/generation/4
4,Leafeon,,https://raw.githubusercontent.com/PokeAPI/sprites/master/sprites/pokemon/other/showdown/470.gif,https://www.phygitals.com/pokemon/470,,,https://www.phygitals.com/pokemon/generation/4
4,Glaceon,,https://raw.githubusercontent.com/PokeAPI/sprites/master/sprites/pokemon/other/showdown/471.gif,https://www.phygitals.com/pokemon/471,,,https://www.phygitals.com/pokemon/generation/4
4,Gliscor,,https://raw.githubusercontent.com/PokeAPI/sprites/master/sprites/pokemon/other/showdown/472.gif,https://www.phygitals.com/pokemon/472,,,https://www.phygitals.com/pokemon/generation/4
4,Mamoswine,,https://raw.githubusercontent.com/PokeAPI/sprites/master/sprites/pokemon/other/showdown/473.gif,https://www.phygitals.com/pokemon/473,,,https://www.phygitals.com/pokemon/generation/4
4,Porygon-z,,https://raw.githubusercontent.com/PokeAPI/sprites/master/sprites/pokemon/other/showdown/474.gif,https://www.phygitals.com/pokemon/474,,,https://www.phygitals.com/pokemon/generation/4
4,Gallade,,https://raw.githubusercontent.com/PokeAPI/sprites/master/sprites/pokemon/other/showdown/475.gif,https://www.phygitals.com/pokemon/475,,,https://www.phygitals.com/pokemon/generation/4
4,Probopass,,https://raw.githubusercontent.com/PokeAPI/sprites/master/sprites/pokemon/other/showdown/476.gif,https://www.phygitals.com/pokemon/476,,,https://www.phygitals.com/pokemon/generation/4
4,Dusknoir,,https://raw.githubusercontent.com/PokeAPI/sprites/master/sprites/pokemon/other/showdown/477.gif,https://www.phygitals.com/pokemon/477,,,https://www.phygitals.com/pokemon/generation/4
4,Froslass,,https://raw.githubusercontent.com/PokeAPI/sprites/master/sprites/pokemon/other/showdown/478.gif,https://www.phygitals.com/pokemon/478,,,https://www.phygitals.com/pokemon/generation/4
4,Rotom,,https://raw.githubusercontent.com/PokeAPI/sprites/master/sprites/pokemon/other/showdown/479.gif,https://www.phygitals.com/pokemon/479,,,https://www.phygitals.com/pokemon/generation/4
4,Uxie,,https://raw.githubusercontent.com/PokeAPI/sprites/master/sprites/pokemon/other/showdown/480.gif,https://www.phygitals.com/pokemon/480,,,https://www.phygitals.com/pokemon/generation/4
4,Mesprit,,https://raw.githubusercontent.com/PokeAPI/sprites/master/sprites/pokemon/other/showdown/481.gif,https://www.phygitals.com/pokemon/481,,,https://www.phygitals.com/pokemon/generation/4
4,Azelf,,https://raw.githubusercontent.com/PokeAPI/sprites/master/sprites/pokemon/other/showdown/482.gif,https://www.phygitals.com/pokemon/482,,,https://www.phygitals.com/pokemon/generation/4
4,Dialga,,https://raw.githubusercontent.com/PokeAPI/sprites/master/sprites/pokemon/other/showdown/483.gif,https://www.phygitals.com/pokemon/483,,,https://www.phygitals.com/pokemon/generation/4
4,Palkia,,https://raw.githubusercontent.com/PokeAPI/sprites/master/sprites/pokemon/other/showdown/484.gif,https://www.phygitals.com/pokemon/484,,,https://www.phygitals.com/pokemon/generation/4
4,Heatran,,https://raw.githubusercontent.com/PokeAPI/sprites/master/sprites/pokemon/other/showdown/485.gif,https://www.phygitals.com/pokemon/485,,,https://www.phygitals.com/pokemon/generation/4
4,Regigigas,,https://raw.githubusercontent.com/PokeAPI/sprites/master/sprites/pokemon/other/showdown/486.gif,https://www.phygitals.com/pokemon/486,,,https://www.phygitals.com/pokemon/generation/4
4,Giratina,,https://raw.githubusercontent.com/PokeAPI/sprites/master/sprites/pokemon/other/showdown/487.gif,https://www.phygitals.com/pokemon/487,,,https://www.phygitals.com/pokemon/generation/4
4,Cresselia,,https://raw.githubusercontent.com/PokeAPI/sprites/master/sprites/pokemon/other/showdown/488.gif,https://www.phygitals.com/pokemon/488,,,https://www.phygitals.com/pokemon/generation/4
4,Phione,,https://raw.githubusercontent.com/PokeAPI/sprites/master/sprites/pokemon/other/showdown/489.gif,https://www.phygitals.com/pokemon/489,,,https://www.phygitals.com/pokemon/generation/4
4,Manaphy,,https://raw.githubusercontent.com/PokeAPI/sprites/master/sprites/pokemon/other/showdown/490.gif,https://www.phygitals.com/pokemon/490,,,https://www.phygitals.com/pokemon/generation/4
4,Darkrai,,https://raw.githubusercontent.com/PokeAPI/sprites/master/sprites/pokemon/other/showdown/491.gif,https://www.phygitals.com/pokemon/491,,,https://www.phygitals.com/pokemon/generation/4
4,Shaymin,,https://raw.githubusercontent.com/PokeAPI/sprites/master/sprites/pokemon/other/showdown/492.gif,https://www.phygitals.com/pokemon/492,,,https://www.phygitals.com/pokemon/generation/4
4,Arceus,,https://raw.githubusercontent.com/PokeAPI/sprites/master/sprites/pokemon/other/showdown/493.gif,https://www.phygitals.com/pokemon/493,,,https://www.phygitals.com/pokemon/generation/4
4,,,https://t.co/1/i/adsct?bci=4&dv=Asia%2FCalcutta%26en-US%2Cen%26Google%20Inc.%26Win32%26255%26800%26600%2612%2624%26800%26600%260%26na&eci=3&event=%7B%7D&event_id=3ed5e343-7080-4f38-88a6-158a0d98fce3&integration=gtm&p_id=Twitter&p_user_id=0&pl_id=42271397-9f27-4d8d-b37e-b13f7c8829c9&pt=Phygitals%20-%20Your%20Gateway%20to%20Physical%20%26%20Digital%20Collectibles&tw_document_href=https%3A%2F%2Fwww.phygitals.com%2Fpokemon%2Fgeneration%2F4&tw_iframe_status=0&txn_id=og5w0&type=javascript&version=2.3.34,,,,https://www.phygitals.com/pokemon/generation/4
4,,,https://analytics.twitter.com/1/i/adsct?bci=4&dv=Asia%2FCalcutta%26en-US%2Cen%26Google%20Inc.%26Win32%26255%26800%26600%2612%2624%26800%26600%260%26na&eci=3&event=%7B%7D&event_id=3ed5e343-7080-4f38-88a6-158a0d98fce3&integration=gtm&p_id=Twitter&p_user_id=0&pl_id=42271397-9f27-4d8d-b37e-b13f7c8829c9&pt=Phygitals%20-%20Your%20Gateway%20to%20Physical%20%26%20Digital%20Collectibles&tw_document_href=https%3A%2F%2Fwww.phygitals.com%2Fpokemon%2Fgeneration%2F4&tw_iframe_status=0&txn_id=og5w0&type=javascript&version=2.3.34,,,,https://www.phygitals.com/pokemon/generation/4
5,Victini,,https://raw.githubusercontent.com/PokeAPI/sprites/master/sprites/pokemon/other/showdown/494.gif,https://www.phygitals.com/pokemon/494,,,https://www.phygitals.com/pokemon/generation/5
5,Snivy,,https://raw.githubusercontent.com/PokeAPI/sprites/master/sprites/pokemon/other/showdown/495.gif,https://www.phygitals.com/pokemon/495,,,https://www.phygitals.com/pokemon/generation/5
5,Servine,,https://raw.githubusercontent.com/PokeAPI/sprites/master/sprites/pokemon/other/showdown/496.gif,https://www.phygitals.com/pokemon/496,,,https://www.phygitals.com/pokemon/generation/5
5,Serperior,,https://raw.githubusercontent.com/PokeAPI/sprites/master/sprites/pokemon/other/showdown/497.gif,https://www.phygitals.com/pokemon/497,,,https://www.phygitals.com/pokemon/generation/5
5,Tepig,,https://raw.githubusercontent.com/PokeAPI/sprites/master/sprites/pokemon/other/showdown/498.gif,https://www.phygitals.com/pokemon/498,,,https://www.phygitals.com/pokemon/generation/5
5,Pignite,,https://raw.githubusercontent.com/PokeAPI/sprites/master/sprites/pokemon/other/showdown/499.gif,https://www.phygitals.com/pokemon/499,,,https://www.phygitals.com/pokemon/generation/5
5,Emboar,,https://raw.githubusercontent.com/PokeAPI/sprites/master/sprites/pokemon/other/showdown/500.gif,https://www.phygitals.com/pokemon/500,,,https://www.phygitals.com/pokemon/generation/5
5,Oshawott,,https://raw.githubusercontent.com/PokeAPI/sprites/master/sprites/pokemon/other/showdown/501.gif,https://www.phygitals.com/pokemon/501,,,https://www.phygitals.com/pokemon/generation/5
5,Dewott,,https://raw.githubusercontent.com/PokeAPI/sprites/master/sprites/pokemon/other/showdown/502.gif,https://www.phygitals.com/pokemon/502,,,https://www.phygitals.com/pokemon/generation/5
5,Samurott,,https://raw.githubusercontent.com/PokeAPI/sprites/master/sprites/pokemon/other/showdown/503.gif,https://www.phygitals.com/pokemon/503,,,https://www.phygitals.com/pokemon/generation/5
5,Patrat,,https://raw.githubusercontent.com/PokeAPI/sprites/master/sprites/pokemon/other/showdown/504.gif,https://www.phygitals.com/pokemon/504,,,https://www.phygitals.com/pokemon/generation/5
5,Watchog,,https://raw.githubusercontent.com/PokeAPI/sprites/master/sprites/pokemon/other/showdown/505.gif,https://www.phygitals.com/pokemon/505,,,https://www.phygitals.com/pokemon/generation/5
5,Lillipup,,https://raw.githubusercontent.com/PokeAPI/sprites/master/sprites/pokemon/other/showdown/506.gif,https://www.phygitals.com/pokemon/506,,,https://www.phygitals.com/pokemon/generation/5
5,Herdier,,https://raw.githubusercontent.com/PokeAPI/sprites/master/sprites/pokemon/other/showdown/507.gif,https://www.phygitals.com/pokemon/507,,,https://www.phygitals.com/pokemon/generation/5
5,Stoutland,,https://raw.githubusercontent.com/PokeAPI/sprites/master/sprites/pokemon/other/showdown/508.gif,https://www.phygitals.com/pokemon/508,,,https://www.phygitals.com/pokemon/generation/5
5,Purrloin,,https://raw.githubusercontent.com/PokeAPI/sprites/master/sprites/pokemon/other/showdown/509.gif,https://www.phygitals.com/pokemon/509,,,https://www.phygitals.com/pokemon/generation/5
5,Liepard,,https://raw.githubusercontent.com/PokeAPI/sprites/master/sprites/pokemon/other/showdown/510.gif,https://www.phygitals.com/pokemon/510,,,https://www.phygitals.com/pokemon/generation/5
5,Pansage,,https://raw.githubusercontent.com/PokeAPI/sprites/master/sprites/pokemon/other/showdown/511.gif,https://www.phygitals.com/pokemon/511,,,https://www.phygitals.com/pokemon/generation/5
5,Simisage,,https://raw.githubusercontent.com/PokeAPI/sprites/master/sprites/pokemon/other/showdown/512.gif,https://www.phygitals.com/pokemon/512,,,https://www.phygitals.com/pokemon/generation/5
5,Pansear,,https://raw.githubusercontent.com/PokeAPI/sprites/master/sprites/pokemon/other/showdown/513.gif,https://www.phygitals.com/pokemon/513,,,https://www.phygitals.com/pokemon/generation/5
5,Simisear,,https://raw.githubusercontent.com/PokeAPI/sprites/master/sprites/pokemon/other/showdown/514.gif,https://www.phygitals.com/pokemon/514,,,https://www.phygitals.com/pokemon/generation/5
5,Panpour,,https://raw.githubusercontent.com/PokeAPI/sprites/master/sprites/pokemon/other/showdown/515.gif,https://www.phygitals.com/pokemon/515,,,https://www.phygitals.com/pokemon/generation/5
5,Simipour,,https://raw.githubusercontent.com/PokeAPI/sprites/master/sprites/pokemon/other/showdown/516.gif,https://www.phygitals.com/pokemon/516,,,https://www.phygitals.com/pokemon/generation/5
5,Munna,,https://raw.githubusercontent.com/PokeAPI/sprites/master/sprites/pokemon/other/showdown/517.gif,https://www.phygitals.com/pokemon/517,,,https://www.phygitals.com/pokemon/generation/5
5,Musharna,,https://raw.githubusercontent.com/PokeAPI/sprites/master/sprites/pokemon/other/showdown/518.gif,https://www.phygitals.com/pokemon/518,,,https://www.phygitals.com/pokemon/generation/5
5,Pidove,,https://raw.githubusercontent.com/PokeAPI/sprites/master/sprites/pokemon/other/showdown/519.gif,https://www.phygitals.com/pokemon/519,,,https://www.phygitals.com/pokemon/generation/5
5,Tranquill,,https://raw.githubusercontent.com/PokeAPI/sprites/master/sprites/pokemon/other/showdown/520.gif,https://www.phygitals.com/pokemon/520,,,https://www.phygitals.com/pokemon/generation/5
5,Unfezant,,https://raw.githubusercontent.com/PokeAPI/sprites/master/sprites/pokemon/other/showdown/521.gif,https://www.phygitals.com/pokemon/521,,,https://www.phygitals.com/pokemon/generation/5
5,Blitzle,,https://raw.githubusercontent.com/PokeAPI/sprites/master/sprites/pokemon/other/showdown/522.gif,https://www.phygitals.com/pokemon/522,,,https://www.phygitals.com/pokemon/generation/5
5,Zebstrika,,https://raw.githubusercontent.com/PokeAPI/sprites/master/sprites/pokemon/other/showdown/523.gif,https://www.phygitals.com/pokemon/523,,,https://www.phygitals.com/pokemon/generation/5
5,Roggenrola,,https://raw.githubusercontent.com/PokeAPI/sprites/master/sprites/pokemon/other/showdown/524.gif,https://www.phygitals.com/pokemon/524,,,https://www.phygitals.com/pokemon/generation/5
5,Boldore,,https://raw.githubusercontent.com/PokeAPI/sprites/master/sprites/pokemon/other/showdown/525.gif,https://www.phygitals.com/pokemon/525,,,https://www.phygitals.com/pokemon/generation/5
5,Gigalith,,https://raw.githubusercontent.com/PokeAPI/sprites/master/sprites/pokemon/other/showdown/526.gif,https://www.phygitals.com/pokemon/526,,,https://www.phygitals.com/pokemon/generation/5
5,Woobat,,https://raw.githubusercontent.com/PokeAPI/sprites/master/sprites/pokemon/other/showdown/527.gif,https://www.phygitals.com/pokemon/527,,,https://www.phygitals.com/pokemon/generation/5
5,Swoobat,,https://raw.githubusercontent.com/PokeAPI/sprites/master/sprites/pokemon/other/showdown/528.gif,https://www.phygitals.com/pokemon/528,,,https://www.phygitals.com/pokemon/generation/5
5,Drilbur,,https://raw.githubusercontent.com/PokeAPI/sprites/master/sprites/pokemon/other/showdown/529.gif,https://www.phygitals.com/pokemon/529,,,https://www.phygitals.com/pokemon/generation/5
5,Excadrill,,https://raw.githubusercontent.com/PokeAPI/sprites/master/sprites/pokemon/other/showdown/530.gif,https://www.phygitals.com/pokemon/530,,,https://www.phygitals.com/pokemon/generation/5
5,Audino,,https://raw.githubusercontent.com/PokeAPI/sprites/master/sprites/pokemon/other/showdown/531.gif,https://www.phygitals.com/pokemon/531,,,https://www.phygitals.com/pokemon/generation/5
5,Timburr,,https://raw.githubusercontent.com/PokeAPI/sprites/master/sprites/pokemon/other/showdown/532.gif,https://www.phygitals.com/pokemon/532,,,https://www.phygitals.com/pokemon/generation/5
5,Gurdurr,,https://raw.githubusercontent.com/PokeAPI/sprites/master/sprites/pokemon/other/showdown/533.gif,https://www.phygitals.com/pokemon/533,,,https://www.phygitals.com/pokemon/generation/5
5,Conkeldurr,,https://raw.githubusercontent.com/PokeAPI/sprites/master/sprites/pokemon/other/showdown/534.gif,https://www.phygitals.com/pokemon/534,,,https://www.phygitals.com/pokemon/generation/5
5,Tympole,,https://raw.githubusercontent.com/PokeAPI/sprites/master/sprites/pokemon/other/showdown/535.gif,https://www.phygitals.com/pokemon/535,,,https://www.phygitals.com/pokemon/generation/5
5,Palpitoad,,https://raw.githubusercontent.com/PokeAPI/sprites/master/sprites/pokemon/other/showdown/536.gif,https://www.phygitals.com/pokemon/536,,,https://www.phygitals.com/pokemon/generation/5
5,Seismitoad,,https://raw.githubusercontent.com/PokeAPI/sprites/master/sprites/pokemon/other/showdown/537.gif,https://www.phygitals.com/pokemon/537,,,https://www.phygitals.com/pokemon/generation/5
5,Throh,,https://raw.githubusercontent.com/PokeAPI/sprites/master/sprites/pokemon/other/showdown/538.gif,https://www.phygitals.com/pokemon/538,,,https://www.phygitals.com/pokemon/generation/5
5,Sawk,,https://raw.githubusercontent.com/PokeAPI/sprites/master/sprites/pokemon/other/showdown/539.gif,https://www.phygitals.com/pokemon/539,,,https://www.phygitals.com/pokemon/generation/5
5,Sewaddle,,https://raw.githubusercontent.com/PokeAPI/sprites/master/sprites/pokemon/other/showdown/540.gif,https://www.phygitals.com/pokemon/540,,,https://www.phygitals.com/pokemon/generation/5
5,Swadloon,,https://raw.githubusercontent.com/PokeAPI/sprites/master/sprites/pokemon/other/showdown/541.gif,https://www.phygitals.com/pokemon/541,,,https://www.phygitals.com/pokemon/generation/5
5,Leavanny,,https://raw.githubusercontent.com/PokeAPI/sprites/master/sprites/pokemon/other/showdown/542.gif,https://www.phygitals.com/pokemon/542,,,https://www.phygitals.com/pokemon/generation/5
5,Venipede,,https://raw.githubusercontent.com/PokeAPI/sprites/master/sprites/pokemon/other/showdown/543.gif,https://www.phygitals.com/pokemon/543,,,https://www.phygitals.com/pokemon/generation/5
5,Whirlipede,,https://raw.githubusercontent.com/PokeAPI/sprites/master/sprites/pokemon/other/showdown/544.gif,https://www.phygitals.com/pokemon/544,,,https://www.phygitals.com/pokemon/generation/5
5,Scolipede,,https://raw.githubusercontent.com/PokeAPI/sprites/master/sprites/pokemon/other/showdown/545.gif,https://www.phygitals.com/pokemon/545,,,https://www.phygitals.com/pokemon/generation/5
5,Cottonee,,https://raw.githubusercontent.com/PokeAPI/sprites/master/sprites/pokemon/other/showdown/546.gif,https://www.phygitals.com/pokemon/546,,,https://www.phygitals.com/pokemon/generation/5
5,Whimsicott,,https://raw.githubusercontent.com/PokeAPI/sprites/master/sprites/pokemon/other/showdown/547.gif,https://www.phygitals.com/pokemon/547,,,https://www.phygitals.com/pokemon/generation/5
5,Petilil,,https://raw.githubusercontent.com/PokeAPI/sprites/master/sprites/pokemon/other/showdown/548.gif,https://www.phygitals.com/pokemon/548,,,https://www.phygitals.com/pokemon/generation/5
5,Lilligant,,https://raw.githubusercontent.com/PokeAPI/sprites/master/sprites/pokemon/other/showdown/549.gif,https://www.phygitals.com/pokemon/549,,,https://www.phygitals.com/pokemon/generation/5
5,Basculin,,https://raw.githubusercontent.com/PokeAPI/sprites/master/sprites/pokemon/other/showdown/550.gif,https://www.phygitals.com/pokemon/550,,,https://www.phygitals.com/pokemon/generation/5
5,Sandile,,https://raw.githubusercontent.com/PokeAPI/sprites/master/sprites/pokemon/other/showdown/551.gif,https://www.phygitals.com/pokemon/551,,,https://www.phygitals.com/pokemon/generation/5
5,Krokorok,,https://raw.githubusercontent.com/PokeAPI/sprites/master/sprites/pokemon/other/showdown/552.gif,https://www.phygitals.com/pokemon/552,,,https://www.phygitals.com/pokemon/generation/5
5,Krookodile,,https://raw.githubusercontent.com/PokeAPI/sprites/master/sprites/pokemon/other/showdown/553.gif,https://www.phygitals.com/pokemon/553,,,https://www.phygitals.com/pokemon/generation/5
5,Darumaka,,https://raw.githubusercontent.com/PokeAPI/sprites/master/sprites/pokemon/other/showdown/554.gif,https://www.phygitals.com/pokemon/554,,,https://www.phygitals.com/pokemon/generation/5
5,Darmanitan,,https://raw.githubusercontent.com/PokeAPI/sprites/master/sprites/pokemon/other/showdown/555.gif,https://www.phygitals.com/pokemon/555,,,https://www.phygitals.com/pokemon/generation/5
5,Maractus,,https://raw.githubusercontent.com/PokeAPI/sprites/master/sprites/pokemon/other/showdown/556.gif,https://www.phygitals.com/pokemon/556,,,https://www.phygitals.com/pokemon/generation/5
5,Dwebble,,https://raw.githubusercontent.com/PokeAPI/sprites/master/sprites/pokemon/other/showdown/557.gif,https://www.phygitals.com/pokemon/557,,,https://www.phygitals.com/pokemon/generation/5
5,Crustle,,https://raw.githubusercontent.com/PokeAPI/sprites/master/sprites/pokemon/other/showdown/558.gif,https://www.phygitals.com/pokemon/558,,,https://www.phygitals.com/pokemon/generation/5
5,Scraggy,,https://raw.githubusercontent.com/PokeAPI/sprites/master/sprites/pokemon/other/showdown/559.gif,https://www.phygitals.com/pokemon/559,,,https://www.phygitals.com/pokemon/generation/5
5,Scrafty,,https://raw.githubusercontent.com/PokeAPI/sprites/master/sprites/pokemon/other/showdown/560.gif,https://www.phygitals.com/pokemon/560,,,https://www.phygitals.com/pokemon/generation/5
5,Sigilyph,,https://raw.githubusercontent.com/PokeAPI/sprites/master/sprites/pokemon/other/showdown/561.gif,https://www.phygitals.com/pokemon/561,,,https://www.phygitals.com/pokemon/generation/5
5,Yamask,,https://raw.githubusercontent.com/PokeAPI/sprites/master/sprites/pokemon/other/showdown/562.gif,https://www.phygitals.com/pokemon/562,,,https://www.phygitals.com/pokemon/generation/5
5,Cofagrigus,,https://raw.githubusercontent.com/PokeAPI/sprites/master/sprites/pokemon/other/showdown/563.gif,https://www.phygitals.com/pokemon/563,,,https://www.phygitals.com/pokemon/generation/5
5,Tirtouga,,https://raw.githubusercontent.com/PokeAPI/sprites/master/sprites/pokemon/other/showdown/564.gif,https://www.phygitals.com/pokemon/564,,,https://www.phygitals.com/pokemon/generation/5
5,Carracosta,,https://raw.githubusercontent.com/PokeAPI/sprites/master/sprites/pokemon/other/showdown/565.gif,https://www.phygitals.com/pokemon/565,,,https://www.phygitals.com/pokemon/generation/5
5,Archen,,https://raw.githubusercontent.com/PokeAPI/sprites/master/sprites/pokemon/other/showdown/566.gif,https://www.phygitals.com/pokemon/566,,,https://www.phygitals.com/pokemon/generation/5
5,Archeops,,https://raw.githubusercontent.com/PokeAPI/sprites/master/sprites/pokemon/other/showdown/567.gif,https://www.phygitals.com/pokemon/567,,,https://www.phygitals.com/pokemon/generation/5
5,Trubbish,,https://raw.githubusercontent.com/PokeAPI/sprites/master/sprites/pokemon/other/showdown/568.gif,https://www.phygitals.com/pokemon/568,,,https://www.phygitals.com/pokemon/generation/5
5,Garbodor,,https://raw.githubusercontent.com/PokeAPI/sprites/master/sprites/pokemon/other/showdown/569.gif,https://www.phygitals.com/pokemon/569,,,https://www.phygitals.com/pokemon/generation/5
5,Zorua,,https://raw.githubusercontent.com/PokeAPI/sprites/master/sprites/pokemon/other/showdown/570.gif,https://www.phygitals.com/pokemon/570,,,https://www.phygitals.com/pokemon/generation/5
5,Zoroark,,https://raw.githubusercontent.com/PokeAPI/sprites/master/sprites/pokemon/other/showdown/571.gif,https://www.phygitals.com/pokemon/571,,,https://www.phygitals.com/pokemon/generation/5
5,Minccino,,https://raw.githubusercontent.com/PokeAPI/sprites/master/sprites/pokemon/other/showdown/572.gif,https://www.phygitals.com/pokemon/572,,,https://www.phygitals.com/pokemon/generation/5
5,Cinccino,,https://raw.githubusercontent.com/PokeAPI/sprites/master/sprites/pokemon/other/showdown/573.gif,https://www.phygitals.com/pokemon/573,,,https://www.phygitals.com/pokemon/generation/5
5,Gothita,,https://raw.githubusercontent.com/PokeAPI/sprites/master/sprites/pokemon/other/showdown/574.gif,https://www.phygitals.com/pokemon/574,,,https://www.phygitals.com/pokemon/generation/5
5,Gothorita,,https://raw.githubusercontent.com/PokeAPI/sprites/master/sprites/pokemon/other/showdown/575.gif,https://www.phygitals.com/pokemon/575,,,https://www.phygitals.com/pokemon/generation/5
5,Gothitelle,,https://raw.githubusercontent.com/PokeAPI/sprites/master/sprites/pokemon/other/showdown/576.gif,https://www.phygitals.com/pokemon/576,,,https://www.phygitals.com/pokemon/generation/5
5,Solosis,,https://raw.githubusercontent.com/PokeAPI/sprites/master/sprites/pokemon/other/showdown/577.gif,https://www.phygitals.com/pokemon/577,,,https://www.phygitals.com/pokemon/generation/5
5,Duosion,,https://raw.githubusercontent.com/PokeAPI/sprites/master/sprites/pokemon/other/showdown/578.gif,https://www.phygitals.com/pokemon/578,,,https://www.phygitals.com/pokemon/generation/5
5,Reuniclus,,https://raw.githubusercontent.com/PokeAPI/sprites/master/sprites/pokemon/other/showdown/579.gif,https://www.phygitals.com/pokemon/579,,,https://www.phygitals.com/pokemon/generation/5
5,Ducklett,,https://raw.githubusercontent.com/PokeAPI/sprites/master/sprites/pokemon/other/showdown/580.gif,https://www.phygitals.com/pokemon/580,,,https://www.phygitals.com/pokemon/generation/5
5,Swanna,,https://raw.githubusercontent.com/PokeAPI/sprites/master/sprites/pokemon/other/showdown/581.gif,https://www.phygitals.com/pokemon/581,,,https://www.phygitals.com/pokemon/generation/5
5,Vanillite,,https://raw.githubusercontent.com/PokeAPI/sprites/master/sprites/pokemon/other/showdown/582.gif,https://www.phygitals.com/pokemon/582,,,https://www.phygitals.com/pokemon/generation/5
5,Vanillish,,https://raw.githubusercontent.com/PokeAPI/sprites/master/sprites/pokemon/other/showdown/583.gif,https://www.phygitals.com/pokemon/583,,,https://www.phygitals.com/pokemon/generation/5
5,Vanilluxe,,https://raw.githubusercontent.com/PokeAPI/sprites/master/sprites/pokemon/other/showdown/584.gif,https://www.phygitals.com/pokemon/584,,,https://www.phygitals.com/pokemon/generation/5
5,Deerling,,https://raw.githubusercontent.com/PokeAPI/sprites/master/sprites/pokemon/other/showdown/585.gif,https://www.phygitals.com/pokemon/585,,,https://www.phygitals.com/pokemon/generation/5
5,Sawsbuck,,https://raw.githubusercontent.com/PokeAPI/sprites/master/sprites/pokemon/other/showdown/586.gif,https://www.phygitals.com/pokemon/586,,,https://www.phygitals.com/pokemon/generation/5
5,Emolga,,https://raw.githubusercontent.com/PokeAPI/sprites/master/sprites/pokemon/other/showdown/587.gif,https://www.phygitals.com/pokemon/587,,,https://www.phygitals.com/pokemon/generation/5
5,Karrablast,,https://raw.githubusercontent.com/PokeAPI/sprites/master/sprites/pokemon/other/showdown/588.gif,https://www.phygitals.com/pokemon/588,,,https://www.phygitals.com/pokemon/generation/5
5,Escavalier,,https://raw.githubusercontent.com/PokeAPI/sprites/master/sprites/pokemon/other/showdown/589.gif,https://www.phygitals.com/pokemon/589,,,https://www.phygitals.com/pokemon/generation/5
5,Foongus,,https://raw.githubusercontent.com/PokeAPI/sprites/master/sprites/pokemon/other/showdown/590.gif,https://www.phygitals.com/pokemon/590,,,https://www.phygitals.com/pokemon/generation/5
5,Amoonguss,,https://raw.githubusercontent.com/PokeAPI/sprites/master/sprites/pokemon/other/showdown/591.gif,https://www.phygitals.com/pokemon/591,,,https://www.phygitals.com/pokemon/generation/5
5,Frillish,,https://raw.githubusercontent.com/PokeAPI/sprites/master/sprites/pokemon/other/showdown/592.gif,https://www.phygitals.com/pokemon/592,,,https://www.phygitals.com/pokemon/generation/5
5,Jellicent,,https://raw.githubusercontent.com/PokeAPI/sprites/master/sprites/pokemon/other/showdown/593.gif,https://www.phygitals.com/pokemon/593,,,https://www.phygitals.com/pokemon/generation/5
5,Alomomola,,https://raw.githubusercontent.com/PokeAPI/sprites/master/sprites/pokemon/other/showdown/594.gif,https://www.phygitals.com/pokemon/594,,,https://www.phygitals.com/pokemon/generation/5
5,Joltik,,https://raw.githubusercontent.com/PokeAPI/sprites/master/sprites/pokemon/other/showdown/595.gif,https://www.phygitals.com/pokemon/595,,,https://www.phygitals.com/pokemon/generation/5
5,Galvantula,,https://raw.githubusercontent.com/PokeAPI/sprites/master/sprites/pokemon/other/showdown/596.gif,https://www.phygitals.com/pokemon/596,,,https://www.phygitals.com/pokemon/generation/5
5,Ferroseed,,https://raw.githubusercontent.com/PokeAPI/sprites/master/sprites/pokemon/other/showdown/597.gif,https://www.phygitals.com/pokemon/597,,,https://www.phygitals.com/pokemon/generation/5
5,Ferrothorn,,https://raw.githubusercontent.com/PokeAPI/sprites/master/sprites/pokemon/other/showdown/598.gif,https://www.phygitals.com/pokemon/598,,,https://www.phygitals.com/pokemon/generation/5
5,Klink,,https://raw.githubusercontent.com/PokeAPI/sprites/master/sprites/pokemon/other/showdown/599.gif,https://www.phygitals.com/pokemon/599,,,https://www.phygitals.com/pokemon/generation/5
5,Klang,,https://raw.githubusercontent.com/PokeAPI/sprites/master/sprites/pokemon/other/showdown/600.gif,https://www.phygitals.com/pokemon/600,,,https://www.phygitals.com/pokemon/generation/5
5,Klinklang,,https://raw.githubusercontent.com/PokeAPI/sprites/master/sprites/pokemon/other/showdown/601.gif,https://www.phygitals.com/pokemon/601,,,https://www.phygitals.com/pokemon/generation/5
5,Tynamo,,https://raw.githubusercontent.com/PokeAPI/sprites/master/sprites/pokemon/other/showdown/602.gif,https://www.phygitals.com/pokemon/602,,,https://www.phygitals.com/pokemon/generation/5
5,Eelektrik,,https://raw.githubusercontent.com/PokeAPI/sprites/master/sprites/pokemon/other/showdown/603.gif,https://www.phygitals.com/pokemon/603,,,https://www.phygitals.com/pokemon/generation/5
5,Eelektross,,https://raw.githubusercontent.com/PokeAPI/sprites/master/sprites/pokemon/other/showdown/604.gif,https://www.phygitals.com/pokemon/604,,,https://www.phygitals.com/pokemon/generation/5
5,Elgyem,,https://raw.githubusercontent.com/PokeAPI/sprites/master/sprites/pokemon/other/showdown/605.gif,https://www.phygitals.com/pokemon/605,,,https://www.phygitals.com/pokemon/generation/5
5,Beheeyem,,https://raw.githubusercontent.com/PokeAPI/sprites/master/sprites/pokemon/other/showdown/606.gif,https://www.phygitals.com/pokemon/606,,,https://www.phygitals.com/pokemon/generation/5
5,Litwick,,https://raw.githubusercontent.com/PokeAPI/sprites/master/sprites/pokemon/other/showdown/607.gif,https://www.phygitals.com/pokemon/607,,,https://www.phygitals.com/pokemon/generation/5
5,Lampent,,https://raw.githubusercontent.com/PokeAPI/sprites/master/sprites/pokemon/other/showdown/608.gif,https://www.phygitals.com/pokemon/608,,,https://www.phygitals.com/pokemon/generation/5
5,Chandelure,,https://raw.githubusercontent.com/PokeAPI/sprites/master/sprites/pokemon/other/showdown/609.gif,https://www.phygitals.com/pokemon/609,,,https://www.phygitals.com/pokemon/generation/5
5,Axew,,https://raw.githubusercontent.com/PokeAPI/sprites/master/sprites/pokemon/other/showdown/610.gif,https://www.phygitals.com/pokemon/610,,,https://www.phygitals.com/pokemon/generation/5
5,Fraxure,,https://raw.githubusercontent.com/PokeAPI/sprites/master/sprites/pokemon/other/showdown/611.gif,https://www.phygitals.com/pokemon/611,,,https://www.phygitals.com/pokemon/generation/5
5,Haxorus,,https://raw.githubusercontent.com/PokeAPI/sprites/master/sprites/pokemon/other/showdown/612.gif,https://www.phygitals.com/pokemon/612,,,https://www.phygitals.com/pokemon/generation/5
5,Cubchoo,,https://raw.githubusercontent.com/PokeAPI/sprites/master/sprites/pokemon/other/showdown/613.gif,https://www.phygitals.com/pokemon/613,,,https://www.phygitals.com/pokemon/generation/5
5,Beartic,,https://raw.githubusercontent.com/PokeAPI/sprites/master/sprites/pokemon/other/showdown/614.gif,https://www.phygitals.com/pokemon/614,,,https://www.phygitals.com/pokemon/generation/5
5,Cryogonal,,https://raw.githubusercontent.com/PokeAPI/sprites/master/sprites/pokemon/other/showdown/615.gif,https://www.phygitals.com/pokemon/615,,,https://www.phygitals.com/pokemon/generation/5
5,Shelmet,,https://raw.githubusercontent.com/PokeAPI/sprites/master/sprites/pokemon/other/showdown/616.gif,https://www.phygitals.com/pokemon/616,,,https://www.phygitals.com/pokemon/generation/5
5,Accelgor,,https://raw.githubusercontent.com/PokeAPI/sprites/master/sprites/pokemon/other/showdown/617.gif,https://www.phygitals.com/pokemon/617,,,https://www.phygitals.com/pokemon/generation/5
5,Stunfisk,,https://raw.githubusercontent.com/PokeAPI/sprites/master/sprites/pokemon/other/showdown/618.gif,https://www.phygitals.com/pokemon/618,,,https://www.phygitals.com/pokemon/generation/5
5,Mienfoo,,https://raw.githubusercontent.com/PokeAPI/sprites/master/sprites/pokemon/other/showdown/619.gif,https://www.phygitals.com/pokemon/619,,,https://www.phygitals.com/pokemon/generation/5
5,Mienshao,,https://raw.githubusercontent.com/PokeAPI/sprites/master/sprites/pokemon/other/showdown/620.gif,https://www.phygitals.com/pokemon/620,,,https://www.phygitals.com/pokemon/generation/5
5,Druddigon,,https://raw.githubusercontent.com/PokeAPI/sprites/master/sprites/pokemon/other/showdown/621.gif,https://www.phygitals.com/pokemon/621,,,https://www.phygitals.com/pokemon/generation/5
5,Golett,,https://raw.githubusercontent.com/PokeAPI/sprites/master/sprites/pokemon/other/showdown/622.gif,https://www.phygitals.com/pokemon/622,,,https://www.phygitals.com/pokemon/generation/5
5,Golurk,,https://raw.githubusercontent.com/PokeAPI/sprites/master/sprites/pokemon/other/showdown/623.gif,https://www.phygitals.com/pokemon/623,,,https://www.phygitals.com/pokemon/generation/5
5,Pawniard,,https://raw.githubusercontent.com/PokeAPI/sprites/master/sprites/pokemon/other/showdown/624.gif,https://www.phygitals.com/pokemon/624,,,https://www.phygitals.com/pokemon/generation/5
5,Bisharp,,https://raw.githubusercontent.com/PokeAPI/sprites/master/sprites/pokemon/other/showdown/625.gif,https://www.phygitals.com/pokemon/625,,,https://www.phygitals.com/pokemon/generation/5
5,Bouffalant,,https://raw.githubusercontent.com/PokeAPI/sprites/master/sprites/pokemon/other/showdown/626.gif,https://www.phygitals.com/pokemon/626,,,https://www.phygitals.com/pokemon/generation/5
5,Rufflet,,https://raw.githubusercontent.com/PokeAPI/sprites/master/sprites/pokemon/other/showdown/627.gif,https://www.phygitals.com/pokemon/627,,,https://www.phygitals.com/pokemon/generation/5
5,Braviary,,https://raw.githubusercontent.com/PokeAPI/sprites/master/sprites/pokemon/other/showdown/628.gif,https://www.phygitals.com/pokemon/628,,,https://www.phygitals.com/pokemon/generation/5
5,Vullaby,,https://raw.githubusercontent.com/PokeAPI/sprites/master/sprites/pokemon/other/showdown/629.gif,https://www.phygitals.com/pokemon/629,,,https://www.phygitals.com/pokemon/generation/5
5,Mandibuzz,,https://raw.githubusercontent.com/PokeAPI/sprites/master/sprites/pokemon/other/showdown/630.gif,https://www.phygitals.com/pokemon/630,,,https://www.phygitals.com/pokemon/generation/5
5,Heatmor,,https://raw.githubusercontent.com/PokeAPI/sprites/master/sprites/pokemon/other/showdown/631.gif,https://www.phygitals.com/pokemon/631,,,https://www.phygitals.com/pokemon/generation/5
5,Durant,,https://raw.githubusercontent.com/PokeAPI/sprites/master/sprites/pokemon/other/showdown/632.gif,https://www.phygitals.com/pokemon/632,,,https://www.phygitals.com/pokemon/generation/5
5,Deino,,https://raw.githubusercontent.com/PokeAPI/sprites/master/sprites/pokemon/other/showdown/633.gif,https://www.phygitals.com/pokemon/633,,,https://www.phygitals.com/pokemon/generation/5
5,Zweilous,,https://raw.githubusercontent.com/PokeAPI/sprites/master/sprites/pokemon/other/showdown/634.gif,https://www.phygitals.com/pokemon/634,,,https://www.phygitals.com/pokemon/generation/5
5,Hydreigon,,https://raw.githubusercontent.com/PokeAPI/sprites/master/sprites/pokemon/other/showdown/635.gif,https://www.phygitals.com/pokemon/635,,,https://www.phygitals.com/pokemon/generation/5
5,Larvesta,,https://raw.githubusercontent.com/PokeAPI/sprites/master/sprites/pokemon/other/showdown/636.gif,https://www.phygitals.com/pokemon/636,,,https://www.phygitals.com/pokemon/generation/5
5,Volcarona,,https://raw.githubusercontent.com/PokeAPI/sprites/master/sprites/pokemon/other/showdown/637.gif,https://www.phygitals.com/pokemon/637,,,https://www.phygitals.com/pokemon/generation/5
5,Cobalion,,https://raw.githubusercontent.com/PokeAPI/sprites/master/sprites/pokemon/other/showdown/638.gif,https://www.phygitals.com/pokemon/638,,,https://www.phygitals.com/pokemon/generation/5
5,Terrakion,,https://raw.githubusercontent.com/PokeAPI/sprites/master/sprites/pokemon/other/showdown/639.gif,https://www.phygitals.com/pokemon/639,,,https://www.phygitals.com/pokemon/generation/5
5,Virizion,,https://raw.githubusercontent.com/PokeAPI/sprites/master/sprites/pokemon/other/showdown/640.gif,https://www.phygitals.com/pokemon/640,,,https://www.phygitals.com/pokemon/generation/5
5,Tornadus,,https://raw.githubusercontent.com/PokeAPI/sprites/master/sprites/pokemon/other/showdown/641.gif,https://www.phygitals.com/pokemon/641,,,https://www.phygitals.com/pokemon/generation/5
5,Thundurus,,https://raw.githubusercontent.com/PokeAPI/sprites/master/sprites/pokemon/other/showdown/642.gif,https://www.phygitals.com/pokemon/642,,,https://www.phygitals.com/pokemon/generation/5
5,Reshiram,,https://raw.githubusercontent.com/PokeAPI/sprites/master/sprites/pokemon/other/showdown/643.gif,https://www.phygitals.com/pokemon/643,,,https://www.phygitals.com/pokemon/generation/5
5,Zekrom,,https://raw.githubusercontent.com/PokeAPI/sprites/master/sprites/pokemon/other/showdown/644.gif,https://www.phygitals.com/pokemon/644,,,https://www.phygitals.com/pokemon/generation/5
5,Landorus,,https://raw.githubusercontent.com/PokeAPI/sprites/master/sprites/pokemon/other/showdown/645.gif,https://www.phygitals.com/pokemon/645,,,https://www.phygitals.com/pokemon/generation/5
5,Kyurem,,https://raw.githubusercontent.com/PokeAPI/sprites/master/sprites/pokemon/other/showdown/646.gif,https://www.phygitals.com/pokemon/646,,,https://www.phygitals.com/pokemon/generation/5
5,Keldeo,,https://raw.githubusercontent.com/PokeAPI/sprites/master/sprites/pokemon/other/showdown/647.gif,https://www.phygitals.com/pokemon/647,,,https://www.phygitals.com/pokemon/generation/5
5,Meloetta,,https://raw.githubusercontent.com/PokeAPI/sprites/master/sprites/pokemon/other/showdown/648.gif,https://www.phygitals.com/pokemon/648,,,https://www.phygitals.com/pokemon/generation/5
5,Genesect,,https://raw.githubusercontent.com/PokeAPI/sprites/master/sprites/pokemon/other/showdown/649.gif,https://www.phygitals.com/pokemon/649,,,https://www.phygitals.com/pokemon/generation/5
5,,,https://t.co/1/i/adsct?bci=4&dv=Asia%2FCalcutta%26en-US%2Cen%26Google%20Inc.%26Win32%26255%26800%26600%2612%2624%26800%26600%260%26na&eci=3&event=%7B%7D&event_id=0ab68b00-7ff4-4b51-820e-246825b03a5f&integration=gtm&p_id=Twitter&p_user_id=0&pl_id=a4ee11b5-7d5d-493e-9885-8a74d0e995ce&pt=Phygitals%20-%20Your%20Gateway%20to%20Physical%20%26%20Digital%20Collectibles&tw_document_href=https%3A%2F%2Fwww.phygitals.com%2Fpokemon%2Fgeneration%2F5&tw_iframe_status=0&txn_id=og5w0&type=javascript&version=2.3.34,,,,https://www.phygitals.com/pokemon/generation/5
5,,,https://analytics.twitter.com/1/i/adsct?bci=4&dv=Asia%2FCalcutta%26en-US%2Cen%26Google%20Inc.%26Win32%26255%26800%26600%2612%2624%26800%26600%260%26na&eci=3&event=%7B%7D&event_id=0ab68b00-7ff4-4b51-820e-246825b03a5f&integration=gtm&p_id=Twitter&p_user_id=0&pl_id=a4ee11b5-7d5d-493e-9885-8a74d0e995ce&pt=Phygitals%20-%20Your%20Gateway%20to%20Physical%20%26%20Digital%20Collectibles&tw_document_href=https%3A%2F%2Fwww.phygitals.com%2Fpokemon%2Fgeneration%2F5&tw_iframe_status=0&txn_id=og5w0&type=javascript&version=2.3.34,,,,https://www.phygitals.com/pokemon/generation/5
6,Chespin,,https://raw.githubusercontent.com/PokeAPI/sprites/master/sprites/pokemon/other/showdown/650.gif,https://www.phygitals.com/pokemon/650,,,https://www.phygitals.com/pokemon/generation/6
6,Quilladin,,https://raw.githubusercontent.com/PokeAPI/sprites/master/sprites/pokemon/other/showdown/651.gif,https://www.phygitals.com/pokemon/651,,,https://www.phygitals.com/pokemon/generation/6
6,Chesnaught,,https://raw.githubusercontent.com/PokeAPI/sprites/master/sprites/pokemon/other/showdown/652.gif,https://www.phygitals.com/pokemon/652,,,https://www.phygitals.com/pokemon/generation/6
6,Fennekin,,https://raw.githubusercontent.com/PokeAPI/sprites/master/sprites/pokemon/other/showdown/653.gif,https://www.phygitals.com/pokemon/653,,,https://www.phygitals.com/pokemon/generation/6
6,Braixen,,https://raw.githubusercontent.com/PokeAPI/sprites/master/sprites/pokemon/other/showdown/654.gif,https://www.phygitals.com/pokemon/654,,,https://www.phygitals.com/pokemon/generation/6
6,Delphox,,https://raw.githubusercontent.com/PokeAPI/sprites/master/sprites/pokemon/other/showdown/655.gif,https://www.phygitals.com/pokemon/655,,,https://www.phygitals.com/pokemon/generation/6
6,Froakie,,https://raw.githubusercontent.com/PokeAPI/sprites/master/sprites/pokemon/other/showdown/656.gif,https://www.phygitals.com/pokemon/656,,,https://www.phygitals.com/pokemon/generation/6
6,Frogadier,,https://raw.githubusercontent.com/PokeAPI/sprites/master/sprites/pokemon/other/showdown/657.gif,https://www.phygitals.com/pokemon/657,,,https://www.phygitals.com/pokemon/generation/6
6,Greninja,,https://raw.githubusercontent.com/PokeAPI/sprites/master/sprites/pokemon/other/showdown/658.gif,https://www.phygitals.com/pokemon/658,,,https://www.phygitals.com/pokemon/generation/6
6,Bunnelby,,https://raw.githubusercontent.com/PokeAPI/sprites/master/sprites/pokemon/other/showdown/659.gif,https://www.phygitals.com/pokemon/659,,,https://www.phygitals.com/pokemon/generation/6
6,Diggersby,,https://raw.githubusercontent.com/PokeAPI/sprites/master/sprites/pokemon/other/showdown/660.gif,https://www.phygitals.com/pokemon/660,,,https://www.phygitals.com/pokemon/generation/6
6,Fletchling,,https://raw.githubusercontent.com/PokeAPI/sprites/master/sprites/pokemon/other/showdown/661.gif,https://www.phygitals.com/pokemon/661,,,https://www.phygitals.com/pokemon/generation/6
6,Fletchinder,,https://raw.githubusercontent.com/PokeAPI/sprites/master/sprites/pokemon/other/showdown/662.gif,https://www.phygitals.com/pokemon/662,,,https://www.phygitals.com/pokemon/generation/6
6,Talonflame,,https://raw.githubusercontent.com/PokeAPI/sprites/master/sprites/pokemon/other/showdown/663.gif,https://www.phygitals.com/pokemon/663,,,https://www.phygitals.com/pokemon/generation/6
6,Scatterbug,,https://raw.githubusercontent.com/PokeAPI/sprites/master/sprites/pokemon/other/showdown/664.gif,https://www.phygitals.com/pokemon/664,,,https://www.phygitals.com/pokemon/generation/6
6,Spewpa,,https://raw.githubusercontent.com/PokeAPI/sprites/master/sprites/pokemon/other/showdown/665.gif,https://www.phygitals.com/pokemon/665,,,https://www.phygitals.com/pokemon/generation/6
6,Vivillon,,https://raw.githubusercontent.com/PokeAPI/sprites/master/sprites/pokemon/other/showdown/666.gif,https://www.phygitals.com/pokemon/666,,,https://www.phygitals.com/pokemon/generation/6
6,Litleo,,https://raw.githubusercontent.com/PokeAPI/sprites/master/sprites/pokemon/other/showdown/667.gif,https://www.phygitals.com/pokemon/667,,,https://www.phygitals.com/pokemon/generation/6
6,Pyroar,,https://raw.githubusercontent.com/PokeAPI/sprites/master/sprites/pokemon/other/showdown/668.gif,https://www.phygitals.com/pokemon/668,,,https://www.phygitals.com/pokemon/generation/6
6,Flabebe,,https://raw.githubusercontent.com/PokeAPI/sprites/master/sprites/pokemon/other/showdown/669.gif,https://www.phygitals.com/pokemon/669,,,https://www.phygitals.com/pokemon/generation/6
6,Floette,,https://raw.githubusercontent.com/PokeAPI/sprites/master/sprites/pokemon/other/showdown/670.gif,https://www.phygitals.com/pokemon/670,,,https://www.phygitals.com/pokemon/generation/6
6,Florges,,https://raw.githubusercontent.com/PokeAPI/sprites/master/sprites/pokemon/other/showdown/671.gif,https://www.phygitals.com/pokemon/671,,,https://www.phygitals.com/pokemon/generation/6
6,Skiddo,,https://raw.githubusercontent.com/PokeAPI/sprites/master/sprites/pokemon/other/showdown/672.gif,https://www.phygitals.com/pokemon/672,,,https://www.phygitals.com/pokemon/generation/6
6,Gogoat,,https://raw.githubusercontent.com/PokeAPI/sprites/master/sprites/pokemon/other/showdown/673.gif,https://www.phygitals.com/pokemon/673,,,https://www.phygitals.com/pokemon/generation/6
6,Pancham,,https://raw.githubusercontent.com/PokeAPI/sprites/master/sprites/pokemon/other/showdown/674.gif,https://www.phygitals.com/pokemon/674,,,https://www.phygitals.com/pokemon/generation/6
6,Pangoro,,https://raw.githubusercontent.com/PokeAPI/sprites/master/sprites/pokemon/other/showdown/675.gif,https://www.phygitals.com/pokemon/675,,,https://www.phygitals.com/pokemon/generation/6
6,Furfrou,,https://raw.githubusercontent.com/PokeAPI/sprites/master/sprites/pokemon/other/showdown/676.gif,https://www.phygitals.com/pokemon/676,,,https://www.phygitals.com/pokemon/generation/6
6,Espurr,,https://raw.githubusercontent.com/PokeAPI/sprites/master/sprites/pokemon/other/showdown/677.gif,https://www.phygitals.com/pokemon/677,,,https://www.phygitals.com/pokemon/generation/6
6,Meowstic,,https://raw.githubusercontent.com/PokeAPI/sprites/master/sprites/pokemon/other/showdown/678.gif,https://www.phygitals.com/pokemon/678,,,https://www.phygitals.com/pokemon/generation/6
6,Honedge,,https://raw.githubusercontent.com/PokeAPI/sprites/master/sprites/pokemon/other/showdown/679.gif,https://www.phygitals.com/pokemon/679,,,https://www.phygitals.com/pokemon/generation/6
6,Doublade,,https://raw.githubusercontent.com/PokeAPI/sprites/master/sprites/pokemon/other/showdown/680.gif,https://www.phygitals.com/pokemon/680,,,https://www.phygitals.com/pokemon/generation/6
6,Aegislash,,https://raw.githubusercontent.com/PokeAPI/sprites/master/sprites/pokemon/other/showdown/681.gif,https://www.phygitals.com/pokemon/681,,,https://www.phygitals.com/pokemon/generation/6
6,Spritzee,,https://raw.githubusercontent.com/PokeAPI/sprites/master/sprites/pokemon/other/showdown/682.gif,https://www.phygitals.com/pokemon/682,,,https://www.phygitals.com/pokemon/generation/6
6,Aromatisse,,https://raw.githubusercontent.com/PokeAPI/sprites/master/sprites/pokemon/other/showdown/683.gif,https://www.phygitals.com/pokemon/683,,,https://www.phygitals.com/pokemon/generation/6
6,Swirlix,,https://raw.githubusercontent.com/PokeAPI/sprites/master/sprites/pokemon/other/showdown/684.gif,https://www.phygitals.com/pokemon/684,,,https://www.phygitals.com/pokemon/generation/6
6,Slurpuff,,https://raw.githubusercontent.com/PokeAPI/sprites/master/sprites/pokemon/other/showdown/685.gif,https://www.phygitals.com/pokemon/685,,,https://www.phygitals.com/pokemon/generation/6
6,Inkay,,https://raw.githubusercontent.com/PokeAPI/sprites/master/sprites/pokemon/other/showdown/686.gif,https://www.phygitals.com/pokemon/686,,,https://www.phygitals.com/pokemon/generation/6
6,Malamar,,https://raw.githubusercontent.com/PokeAPI/sprites/master/sprites/pokemon/other/showdown/687.gif,https://www.phygitals.com/pokemon/687,,,https://www.phygitals.com/pokemon/generation/6
6,Binacle,,https://raw.githubusercontent.com/PokeAPI/sprites/master/sprites/pokemon/other/showdown/688.gif,https://www.phygitals.com/pokemon/688,,,https://www.phygitals.com/pokemon/generation/6
6,Barbaracle,,https://raw.githubusercontent.com/PokeAPI/sprites/master/sprites/pokemon/other/showdown/689.gif,https://www.phygitals.com/pokemon/689,,,https://www.phygitals.com/pokemon/generation/6
6,Skrelp,,https://raw.githubusercontent.com/PokeAPI/sprites/master/sprites/pokemon/other/showdown/690.gif,https://www.phygitals.com/pokemon/690,,,https://www.phygitals.com/pokemon/generation/6
6,Dragalge,,https://raw.githubusercontent.com/PokeAPI/sprites/master/sprites/pokemon/other/showdown/691.gif,https://www.phygitals.com/pokemon/691,,,https://www.phygitals.com/pokemon/generation/6
6,Clauncher,,https://raw.githubusercontent.com/PokeAPI/sprites/master/sprites/pokemon/other/showdown/692.gif,https://www.phygitals.com/pokemon/692,,,https://www.phygitals.com/pokemon/generation/6
6,Clawitzer,,https://raw.githubusercontent.com/PokeAPI/sprites/master/sprites/pokemon/other/showdown/693.gif,https://www.phygitals.com/pokemon/693,,,https://www.phygitals.com/pokemon/generation/6
6,Helioptile,,https://raw.githubusercontent.com/PokeAPI/sprites/master/sprites/pokemon/other/showdown/694.gif,https://www.phygitals.com/pokemon/694,,,https://www.phygitals.com/pokemon/generation/6
6,Heliolisk,,https://raw.githubusercontent.com/PokeAPI/sprites/master/sprites/pokemon/other/showdown/695.gif,https://www.phygitals.com/pokemon/695,,,https://www.phygitals.com/pokemon/generation/6
6,Tyrunt,,https://raw.githubusercontent.com/PokeAPI/sprites/master/sprites/pokemon/other/showdown/696.gif,https://www.phygitals.com/pokemon/696,,,https://www.phygitals.com/pokemon/generation/6
6,Tyrantrum,,https://raw.githubusercontent.com/PokeAPI/sprites/master/sprites/pokemon/other/showdown/697.gif,https://www.phygitals.com/pokemon/697,,,https://www.phygitals.com/pokemon/generation/6
6,Amaura,,https://raw.githubusercontent.com/PokeAPI/sprites/master/sprites/pokemon/other/showdown/698.gif,https://www.phygitals.com/pokemon/698,,,https://www.phygitals.com/pokemon/generation/6
6,Aurorus,,https://raw.githubusercontent.com/PokeAPI/sprites/master/sprites/pokemon/other/showdown/699.gif,https://www.phygitals.com/pokemon/699,,,https://www.phygitals.com/pokemon/generation/6
6,Sylveon,,https://raw.githubusercontent.com/PokeAPI/sprites/master/sprites/pokemon/other/showdown/700.gif,https://www.phygitals.com/pokemon/700,,,https://www.phygitals.com/pokemon/generation/6
6,Hawlucha,,https://raw.githubusercontent.com/PokeAPI/sprites/master/sprites/pokemon/other/showdown/701.gif,https://www.phygitals.com/pokemon/701,,,https://www.phygitals.com/pokemon/generation/6
6,Dedenne,,https://raw.githubusercontent.com/PokeAPI/sprites/master/sprites/pokemon/other/showdown/702.gif,https://www.phygitals.com/pokemon/702,,,https://www.phygitals.com/pokemon/generation/6
6,Carbink,,https://raw.githubusercontent.com/PokeAPI/sprites/master/sprites/pokemon/other/showdown/703.gif,https://www.phygitals.com/pokemon/703,,,https://www.phygitals.com/pokemon/generation/6
6,Goomy,,https://raw.githubusercontent.com/PokeAPI/sprites/master/sprites/pokemon/other/showdown/704.gif,https://www.phygitals.com/pokemon/704,,,https://www.phygitals.com/pokemon/generation/6
6,Sliggoo,,https://raw.githubusercontent.com/PokeAPI/sprites/master/sprites/pokemon/other/showdown/705.gif,https://www.phygitals.com/pokemon/705,,,https://www.phygitals.com/pokemon/generation/6
6,Goodra,,https://raw.githubusercontent.com/PokeAPI/sprites/master/sprites/pokemon/other/showdown/706.gif,https://www.phygitals.com/pokemon/706,,,https://www.phygitals.com/pokemon/generation/6
6,Klefki,,https://raw.githubusercontent.com/PokeAPI/sprites/master/sprites/pokemon/other/showdown/707.gif,https://www.phygitals.com/pokemon/707,,,https://www.phygitals.com/pokemon/generation/6
6,Phantump,,https://raw.githubusercontent.com/PokeAPI/sprites/master/sprites/pokemon/other/showdown/708.gif,https://www.phygitals.com/pokemon/708,,,https://www.phygitals.com/pokemon/generation/6
6,Trevenant,,https://raw.githubusercontent.com/PokeAPI/sprites/master/sprites/pokemon/other/showdown/709.gif,https://www.phygitals.com/pokemon/709,,,https://www.phygitals.com/pokemon/generation/6
6,Pumpkaboo,,https://raw.githubusercontent.com/PokeAPI/sprites/master/sprites/pokemon/other/showdown/710.gif,https://www.phygitals.com/pokemon/710,,,https://www.phygitals.com/pokemon/generation/6
6,Gourgeist,,https://raw.githubusercontent.com/PokeAPI/sprites/master/sprites/pokemon/other/showdown/711.gif,https://www.phygitals.com/pokemon/711,,,https://www.phygitals.com/pokemon/generation/6
6,Bergmite,,https://raw.githubusercontent.com/PokeAPI/sprites/master/sprites/pokemon/other/showdown/712.gif,https://www.phygitals.com/pokemon/712,,,https://www.phygitals.com/pokemon/generation/6
6,Avalugg,,https://raw.githubusercontent.com/PokeAPI/sprites/master/sprites/pokemon/other/showdown/713.gif,https://www.phygitals.com/pokemon/713,,,https://www.phygitals.com/pokemon/generation/6
6,Noibat,,https://raw.githubusercontent.com/PokeAPI/sprites/master/sprites/pokemon/other/showdown/714.gif,https://www.phygitals.com/pokemon/714,,,https://www.phygitals.com/pokemon/generation/6
6,Noivern,,https://raw.githubusercontent.com/PokeAPI/sprites/master/sprites/pokemon/other/showdown/715.gif,https://www.phygitals.com/pokemon/715,,,https://www.phygitals.com/pokemon/generation/6
6,Xerneas,,https://raw.githubusercontent.com/PokeAPI/sprites/master/sprites/pokemon/other/showdown/716.gif,https://www.phygitals.com/pokemon/716,,,https://www.phygitals.com/pokemon/generation/6
6,Yveltal,,https://raw.githubusercontent.com/PokeAPI/sprites/master/sprites/pokemon/other/showdown/717.gif,https://www.phygitals.com/pokemon/717,,,https://www.phygitals.com/pokemon/generation/6
6,Zygarde,,https://raw.githubusercontent.com/PokeAPI/sprites/master/sprites/pokemon/other/showdown/718.gif,https://www.phygitals.com/pokemon/718,,,https://www.phygitals.com/pokemon/generation/6
6,Diancie,,https://raw.githubusercontent.com/PokeAPI/sprites/master/sprites/pokemon/other/showdown/719.gif,https://www.phygitals.com/pokemon/719,,,https://www.phygitals.com/pokemon/generation/6
6,Hoopa,,https://raw.githubusercontent.com/PokeAPI/sprites/master/sprites/pokemon/other/showdown/720.gif,https://www.phygitals.com/pokemon/720,,,https://www.phygitals.com/pokemon/generation/6
6,Volcanion,,https://raw.githubusercontent.com/PokeAPI/sprites/master/sprites/pokemon/other/showdown/721.gif,https://www.phygitals.com/pokemon/721,,,https://www.phygitals.com/pokemon/generation/6
6,,,https://t.co/1/i/adsct?bci=4&dv=Asia%2FCalcutta%26en-US%2Cen%26Google%20Inc.%26Win32%26255%26800%26600%2612%2624%26800%26600%260%26na&eci=3&event=%7B%7D&event_id=161037df-3e70-4185-a1f3-9d9f9a4fbede&integration=gtm&p_id=Twitter&p_user_id=0&pl_id=4de5eeb7-64d3-4c2c-87e7-01c0298db6aa&pt=Phygitals%20-%20Your%20Gateway%20to%20Physical%20%26%20Digital%20Collectibles&tw_document_href=https%3A%2F%2Fwww.phygitals.com%2Fpokemon%2Fgeneration%2F6&tw_iframe_status=0&txn_id=og5w0&type=javascript&version=2.3.34,,,,https://www.phygitals.com/pokemon/generation/6
6,,,https://analytics.twitter.com/1/i/adsct?bci=4&dv=Asia%2FCalcutta%26en-US%2Cen%26Google%20Inc.%26Win32%26255%26800%26600%2612%2624%26800%26600%260%26na&eci=3&event=%7B%7D&event_id=161037df-3e70-4185-a1f3-9d9f9a4fbede&integration=gtm&p_id=Twitter&p_user_id=0&pl_id=4de5eeb7-64d3-4c2c-87e7-01c0298db6aa&pt=Phygitals%20-%20Your%20Gateway%20to%20Physical%20%26%20Digital%20Collectibles&tw_document_href=https%3A%2F%2Fwww.phygitals.com%2Fpokemon%2Fgeneration%2F6&tw_iframe_status=0&txn_id=og5w0&type=javascript&version=2.3.34,,,,https://www.phygitals.com/pokemon/generation/6
7,Rowlet,,https://raw.githubusercontent.com/PokeAPI/sprites/master/sprites/pokemon/other/showdown/722.gif,https://www.phygitals.com/pokemon/722,,,https://www.phygitals.com/pokemon/generation/7
7,Dartrix,,https://raw.githubusercontent.com/PokeAPI/sprites/master/sprites/pokemon/other/showdown/723.gif,https://www.phygitals.com/pokemon/723,,,https://www.phygitals.com/pokemon/generation/7
7,Decidueye,,https://raw.githubusercontent.com/PokeAPI/sprites/master/sprites/pokemon/other/showdown/724.gif,https://www.phygitals.com/pokemon/724,,,https://www.phygitals.com/pokemon/generation/7
7,Litten,,https://raw.githubusercontent.com/PokeAPI/sprites/master/sprites/pokemon/other/showdown/725.gif,https://www.phygitals.com/pokemon/725,,,https://www.phygitals.com/pokemon/generation/7
7,Torracat,,https://raw.githubusercontent.com/PokeAPI/sprites/master/sprites/pokemon/other/showdown/726.gif,https://www.phygitals.com/pokemon/726,,,https://www.phygitals.com/pokemon/generation/7
7,Incineroar,,https://raw.githubusercontent.com/PokeAPI/sprites/master/sprites/pokemon/other/showdown/727.gif,https://www.phygitals.com/pokemon/727,,,https://www.phygitals.com/pokemon/generation/7
7,Popplio,,https://raw.githubusercontent.com/PokeAPI/sprites/master/sprites/pokemon/other/showdown/728.gif,https://www.phygitals.com/pokemon/728,,,https://www.phygitals.com/pokemon/generation/7
7,Brionne,,https://raw.githubusercontent.com/PokeAPI/sprites/master/sprites/pokemon/other/showdown/729.gif,https://www.phygitals.com/pokemon/729,,,https://www.phygitals.com/pokemon/generation/7
7,Primarina,,https://raw.githubusercontent.com/PokeAPI/sprites/master/sprites/pokemon/other/showdown/730.gif,https://www.phygitals.com/pokemon/730,,,https://www.phygitals.com/pokemon/generation/7
7,Pikipek,,https://raw.githubusercontent.com/PokeAPI/sprites/master/sprites/pokemon/other/showdown/731.gif,https://www.phygitals.com/pokemon/731,,,https://www.phygitals.com/pokemon/generation/7
7,Trumbeak,,https://raw.githubusercontent.com/PokeAPI/sprites/master/sprites/pokemon/other/showdown/732.gif,https://www.phygitals.com/pokemon/732,,,https://www.phygitals.com/pokemon/generation/7
7,Toucannon,,https://raw.githubusercontent.com/PokeAPI/sprites/master/sprites/pokemon/other/showdown/733.gif,https://www.phygitals.com/pokemon/733,,,https://www.phygitals.com/pokemon/generation/7
7,Yungoos,,https://raw.githubusercontent.com/PokeAPI/sprites/master/sprites/pokemon/other/showdown/734.gif,https://www.phygitals.com/pokemon/734,,,https://www.phygitals.com/pokemon/generation/7
7,Gumshoos,,https://raw.githubusercontent.com/PokeAPI/sprites/master/sprites/pokemon/other/showdown/735.gif,https://www.phygitals.com/pokemon/735,,,https://www.phygitals.com/pokemon/generation/7
7,Grubbin,,https://raw.githubusercontent.com/PokeAPI/sprites/master/sprites/pokemon/other/showdown/736.gif,https://www.phygitals.com/pokemon/736,,,https://www.phygitals.com/pokemon/generation/7
7,Charjabug,,https://raw.githubusercontent.com/PokeAPI/sprites/master/sprites/pokemon/other/showdown/737.gif,https://www.phygitals.com/pokemon/737,,,https://www.phygitals.com/pokemon/generation/7
7,Vikavolt,,https://raw.githubusercontent.com/PokeAPI/sprites/master/sprites/pokemon/other/showdown/738.gif,https://www.phygitals.com/pokemon/738,,,https://www.phygitals.com/pokemon/generation/7
7,Crabrawler,,https://raw.githubusercontent.com/PokeAPI/sprites/master/sprites/pokemon/other/showdown/739.gif,https://www.phygitals.com/pokemon/739,,,https://www.phygitals.com/pokemon/generation/7
7,Crabominable,,https://raw.githubusercontent.com/PokeAPI/sprites/master/sprites/pokemon/other/showdown/740.gif,https://www.phygitals.com/pokemon/740,,,https://www.phygitals.com/pokemon/generation/7
7,Oricorio,,https://raw.githubusercontent.com/PokeAPI/sprites/master/sprites/pokemon/other/showdown/741.gif,https://www.phygitals.com/pokemon/741,,,https://www.phygitals.com/pokemon/generation/7
7,Cutiefly,,https://raw.githubusercontent.com/PokeAPI/sprites/master/sprites/pokemon/other/showdown/742.gif,https://www.phygitals.com/pokemon/742,,,https://www.phygitals.com/pokemon/generation/7
7,Ribombee,,https://raw.githubusercontent.com/PokeAPI/sprites/master/sprites/pokemon/other/showdown/743.gif,https://www.phygitals.com/pokemon/743,,,https://www.phygitals.com/pokemon/generation/7
7,Rockruff,,https://raw.githubusercontent.com/PokeAPI/sprites/master/sprites/pokemon/other/showdown/744.gif,https://www.phygitals.com/pokemon/744,,,https://www.phygitals.com/pokemon/generation/7
7,Lycanroc,,https://raw.githubusercontent.com/PokeAPI/sprites/master/sprites/pokemon/other/showdown/745.gif,https://www.phygitals.com/pokemon/745,,,https://www.phygitals.com/pokemon/generation/7
7,Wishiwashi,,https://raw.githubusercontent.com/PokeAPI/sprites/master/sprites/pokemon/other/showdown/746.gif,https://www.phygitals.com/pokemon/746,,,https://www.phygitals.com/pokemon/generation/7
7,Mareanie,,https://raw.githubusercontent.com/PokeAPI/sprites/master/sprites/pokemon/other/showdown/747.gif,https://www.phygitals.com/pokemon/747,,,https://www.phygitals.com/pokemon/generation/7
7,Toxapex,,https://raw.githubusercontent.com/PokeAPI/sprites/master/sprites/pokemon/other/showdown/748.gif,https://www.phygitals.com/pokemon/748,,,https://www.phygitals.com/pokemon/generation/7
7,Mudbray,,https://raw.githubusercontent.com/PokeAPI/sprites/master/sprites/pokemon/other/showdown/749.gif,https://www.phygitals.com/pokemon/749,,,https://www.phygitals.com/pokemon/generation/7
7,Mudsdale,,https://raw.githubusercontent.com/PokeAPI/sprites/master/sprites/pokemon/other/showdown/750.gif,https://www.phygitals.com/pokemon/750,,,https://www.phygitals.com/pokemon/generation/7
7,Dewpider,,https://raw.githubusercontent.com/PokeAPI/sprites/master/sprites/pokemon/other/showdown/751.gif,https://www.phygitals.com/pokemon/751,,,https://www.phygitals.com/pokemon/generation/7
7,Araquanid,,https://raw.githubusercontent.com/PokeAPI/sprites/master/sprites/pokemon/other/showdown/752.gif,https://www.phygitals.com/pokemon/752,,,https://www.phygitals.com/pokemon/generation/7
7,Fomantis,,https://raw.githubusercontent.com/PokeAPI/sprites/master/sprites/pokemon/other/showdown/753.gif,https://www.phygitals.com/pokemon/753,,,https://www.phygitals.com/pokemon/generation/7
7,Lurantis,,https://raw.githubusercontent.com/PokeAPI/sprites/master/sprites/pokemon/other/showdown/754.gif,https://www.phygitals.com/pokemon/754,,,https://www.phygitals.com/pokemon/generation/7
7,Morelull,,https://raw.githubusercontent.com/PokeAPI/sprites/master/sprites/pokemon/other/showdown/755.gif,https://www.phygitals.com/pokemon/755,,,https://www.phygitals.com/pokemon/generation/7
7,Shiinotic,,https://raw.githubusercontent.com/PokeAPI/sprites/master/sprites/pokemon/other/showdown/756.gif,https://www.phygitals.com/pokemon/756,,,https://www.phygitals.com/pokemon/generation/7
7,Salandit,,https://raw.githubusercontent.com/PokeAPI/sprites/master/sprites/pokemon/other/showdown/757.gif,https://www.phygitals.com/pokemon/757,,,https://www.phygitals.com/pokemon/generation/7
7,Salazzle,,https://raw.githubusercontent.com/PokeAPI/sprites/master/sprites/pokemon/other/showdown/758.gif,https://www.phygitals.com/pokemon/758,,,https://www.phygitals.com/pokemon/generation/7
7,Stufful,,https://raw.githubusercontent.com/PokeAPI/sprites/master/sprites/pokemon/other/showdown/759.gif,https://www.phygitals.com/pokemon/759,,,https://www.phygitals.com/pokemon/generation/7
7,Bewear,,https://raw.githubusercontent.com/PokeAPI/sprites/master/sprites/pokemon/other/showdown/760.gif,https://www.phygitals.com/pokemon/760,,,https://www.phygitals.com/pokemon/generation/7
7,Bounsweet,,https://raw.githubusercontent.com/PokeAPI/sprites/master/sprites/pokemon/other/showdown/761.gif,https://www.phygitals.com/pokemon/761,,,https://www.phygitals.com/pokemon/generation/7
7,Steenee,,https://raw.githubusercontent.com/PokeAPI/sprites/master/sprites/pokemon/other/showdown/762.gif,https://www.phygitals.com/pokemon/762,,,https://www.phygitals.com/pokemon/generation/7
7,Tsareena,,https://raw.githubusercontent.com/PokeAPI/sprites/master/sprites/pokemon/other/showdown/763.gif,https://www.phygitals.com/pokemon/763,,,https://www.phygitals.com/pokemon/generation/7
7,Comfey,,https://raw.githubusercontent.com/PokeAPI/sprites/master/sprites/pokemon/other/showdown/764.gif,https://www.phygitals.com/pokemon/764,,,https://www.phygitals.com/pokemon/generation/7
7,Oranguru,,https://raw.githubusercontent.com/PokeAPI/sprites/master/sprites/pokemon/other/showdown/765.gif,https://www.phygitals.com/pokemon/765,,,https://www.phygitals.com/pokemon/generation/7
7,Passimian,,https://raw.githubusercontent.com/PokeAPI/sprites/master/sprites/pokemon/other/showdown/766.gif,https://www.phygitals.com/pokemon/766,,,https://www.phygitals.com/pokemon/generation/7
7,Wimpod,,https://raw.githubusercontent.com/PokeAPI/sprites/master/sprites/pokemon/other/showdown/767.gif,https://www.phygitals.com/pokemon/767,,,https://www.phygitals.com/pokemon/generation/7
7,Golisopod,,https://raw.githubusercontent.com/PokeAPI/sprites/master/sprites/pokemon/other/showdown/768.gif,https://www.phygitals.com/pokemon/768,,,https://www.phygitals.com/pokemon/generation/7
7,Sandygast,,https://raw.githubusercontent.com/PokeAPI/sprites/master/sprites/pokemon/other/showdown/769.gif,https://www.phygitals.com/pokemon/769,,,https://www.phygitals.com/pokemon/generation/7
7,Palossand,,https://raw.githubusercontent.com/PokeAPI/sprites/master/sprites/pokemon/other/showdown/770.gif,https://www.phygitals.com/pokemon/770,,,https://www.phygitals.com/pokemon/generation/7
7,Pyukumuku,,https://raw.githubusercontent.com/PokeAPI/sprites/master/sprites/pokemon/other/showdown/771.gif,https://www.phygitals.com/pokemon/771,,,https://www.phygitals.com/pokemon/generation/7
7,Type-null,,https://raw.githubusercontent.com/PokeAPI/sprites/master/sprites/pokemon/other/showdown/772.gif,https://www.phygitals.com/pokemon/772,,,https://www.phygitals.com/pokemon/generation/7
7,Silvally,,https://raw.githubusercontent.com/PokeAPI/sprites/master/sprites/pokemon/other/showdown/773.gif,https://www.phygitals.com/pokemon/773,,,https://www.phygitals.com/pokemon/generation/7
7,Minior,,https://raw.githubusercontent.com/PokeAPI/sprites/master/sprites/pokemon/other/showdown/774.gif,https://www.phygitals.com/pokemon/774,,,https://www.phygitals.com/pokemon/generation/7
7,Komala,,https://raw.githubusercontent.com/PokeAPI/sprites/master/sprites/pokemon/other/showdown/775.gif,https://www.phygitals.com/pokemon/775,,,https://www.phygitals.com/pokemon/generation/7
7,Turtonator,,https://raw.githubusercontent.com/PokeAPI/sprites/master/sprites/pokemon/other/showdown/776.gif,https://www.phygitals.com/pokemon/776,,,https://www.phygitals.com/pokemon/generation/7
7,Togedemaru,,https://raw.githubusercontent.com/PokeAPI/sprites/master/sprites/pokemon/other/showdown/777.gif,https://www.phygitals.com/pokemon/777,,,https://www.phygitals.com/pokemon/generation/7
7,Mimikyu,,https://raw.githubusercontent.com/PokeAPI/sprites/master/sprites/pokemon/other/showdown/778.gif,https://www.phygitals.com/pokemon/778,,,https://www.phygitals.com/pokemon/generation/7
7,Bruxish,,https://raw.githubusercontent.com/PokeAPI/sprites/master/sprites/pokemon/other/showdown/779.gif,https://www.phygitals.com/pokemon/779,,,https://www.phygitals.com/pokemon/generation/7
7,Drampa,,https://raw.githubusercontent.com/PokeAPI/sprites/master/sprites/pokemon/other/showdown/780.gif,https://www.phygitals.com/pokemon/780,,,https://www.phygitals.com/pokemon/generation/7
7,Dhelmise,,https://raw.githubusercontent.com/PokeAPI/sprites/master/sprites/pokemon/other/showdown/781.gif,https://www.phygitals.com/pokemon/781,,,https://www.phygitals.com/pokemon/generation/7
7,Jangmo-o,,https://raw.githubusercontent.com/PokeAPI/sprites/master/sprites/pokemon/other/showdown/782.gif,https://www.phygitals.com/pokemon/782,,,https://www.phygitals.com/pokemon/generation/7
7,Hakamo-o,,https://raw.githubusercontent.com/PokeAPI/sprites/master/sprites/pokemon/other/showdown/783.gif,https://www.phygitals.com/pokemon/783,,,https://www.phygitals.com/pokemon/generation/7
7,Kommo-o,,https://raw.githubusercontent.com/PokeAPI/sprites/master/sprites/pokemon/other/showdown/784.gif,https://www.phygitals.com/pokemon/784,,,https://www.phygitals.com/pokemon/generation/7
7,Tapu-koko,,https://raw.githubusercontent.com/PokeAPI/sprites/master/sprites/pokemon/other/showdown/785.gif,https://www.phygitals.com/pokemon/785,,,https://www.phygitals.com/pokemon/generation/7
7,Tapu-lele,,https://raw.githubusercontent.com/PokeAPI/sprites/master/sprites/pokemon/other/showdown/786.gif,https://www.phygitals.com/pokemon/786,,,https://www.phygitals.com/pokemon/generation/7
7,Tapu-bulu,,https://raw.githubusercontent.com/PokeAPI/sprites/master/sprites/pokemon/other/showdown/787.gif,https://www.phygitals.com/pokemon/787,,,https://www.phygitals.com/pokemon/generation/7
7,Tapu-fini,,https://raw.githubusercontent.com/PokeAPI/sprites/master/sprites/pokemon/other/showdown/788.gif,https://www.phygitals.com/pokemon/788,,,https://www.phygitals.com/pokemon/generation/7
7,Cosmog,,https://raw.githubusercontent.com/PokeAPI/sprites/master/sprites/pokemon/other/showdown/789.gif,https://www.phygitals.com/pokemon/789,,,https://www.phygitals.com/pokemon/generation/7
7,Cosmoem,,https://raw.githubusercontent.com/PokeAPI/sprites/master/sprites/pokemon/other/showdown/790.gif,https://www.phygitals.com/pokemon/790,,,https://www.phygitals.com/pokemon/generation/7
7,Solgaleo,,https://raw.githubusercontent.com/PokeAPI/sprites/master/sprites/pokemon/other/showdown/791.gif,https://www.phygitals.com/pokemon/791,,,https://www.phygitals.com/pokemon/generation/7
7,Lunala,,https://raw.githubusercontent.com/PokeAPI/sprites/master/sprites/pokemon/other/showdown/792.gif,https://www.phygitals.com/pokemon/792,,,https://www.phygitals.com/pokemon/generation/7
7,Nihilego,,https://raw.githubusercontent.com/PokeAPI/sprites/master/sprites/pokemon/other/showdown/793.gif,https://www.phygitals.com/pokemon/793,,,https://www.phygitals.com/pokemon/generation/7
7,Buzzwole,,https://raw.githubusercontent.com/PokeAPI/sprites/master/sprites/pokemon/other/showdown/794.gif,https://www.phygitals.com/pokemon/794,,,https://www.phygitals.com/pokemon/generation/7
7,Pheromosa,,https://raw.githubusercontent.com/PokeAPI/sprites/master/sprites/pokemon/other/showdown/795.gif,https://www.phygitals.com/pokemon/795,,,https://www.phygitals.com/pokemon/generation/7
7,Xurkitree,,https://raw.githubusercontent.com/PokeAPI/sprites/master/sprites/pokemon/other/showdown/796.gif,https://www.phygitals.com/pokemon/796,,,https://www.phygitals.com/pokemon/generation/7
7,Celesteela,,https://raw.githubusercontent.com/PokeAPI/sprites/master/sprites/pokemon/other/showdown/797.gif,https://www.phygitals.com/pokemon/797,,,https://www.phygitals.com/pokemon/generation/7
7,Kartana,,https://raw.githubusercontent.com/PokeAPI/sprites/master/sprites/pokemon/other/showdown/798.gif,https://www.phygitals.com/pokemon/798,,,https://www.phygitals.com/pokemon/generation/7
7,Guzzlord,,https://raw.githubusercontent.com/PokeAPI/sprites/master/sprites/pokemon/other/showdown/799.gif,https://www.phygitals.com/pokemon/799,,,https://www.phygitals.com/pokemon/generation/7
7,Necrozma,,https://raw.githubusercontent.com/PokeAPI/sprites/master/sprites/pokemon/other/showdown/800.gif,https://www.phygitals.com/pokemon/800,,,https://www.phygitals.com/pokemon/generation/7
7,Magearna,,https://raw.githubusercontent.com/PokeAPI/sprites/master/sprites/pokemon/other/showdown/801.gif,https://www.phygitals.com/pokemon/801,,,https://www.phygitals.com/pokemon/generation/7
7,Marshadow,,https://raw.githubusercontent.com/PokeAPI/sprites/master/sprites/pokemon/other/showdown/802.gif,https://www.phygitals.com/pokemon/802,,,https://www.phygitals.com/pokemon/generation/7
7,Poipole,,https://raw.githubusercontent.com/PokeAPI/sprites/master/sprites/pokemon/other/showdown/803.gif,https://www.phygitals.com/pokemon/803,,,https://www.phygitals.com/pokemon/generation/7
7,Naganadel,,https://raw.githubusercontent.com/PokeAPI/sprites/master/sprites/pokemon/other/showdown/804.gif,https://www.phygitals.com/pokemon/804,,,https://www.phygitals.com/pokemon/generation/7
7,Stakataka,,https://raw.githubusercontent.com/PokeAPI/sprites/master/sprites/pokemon/other/showdown/805.gif,https://www.phygitals.com/pokemon/805,,,https://www.phygitals.com/pokemon/generation/7
7,Blacephalon,,https://raw.githubusercontent.com/PokeAPI/sprites/master/sprites/pokemon/other/showdown/806.gif,https://www.phygitals.com/pokemon/806,,,https://www.phygitals.com/pokemon/generation/7
7,Zeraora,,https://raw.githubusercontent.com/PokeAPI/sprites/master/sprites/pokemon/other/showdown/807.gif,https://www.phygitals.com/pokemon/807,,,https://www.phygitals.com/pokemon/generation/7
7,Meltan,,https://raw.githubusercontent.com/PokeAPI/sprites/master/sprites/pokemon/other/showdown/808.gif,https://www.phygitals.com/pokemon/808,,,https://www.phygitals.com/pokemon/generation/7
7,Melmetal,,https://raw.githubusercontent.com/PokeAPI/sprites/master/sprites/pokemon/other/showdown/809.gif,https://www.phygitals.com/pokemon/809,,,https://www.phygitals.com/pokemon/generation/7
7,,,https://t.co/1/i/adsct?bci=4&dv=Asia%2FCalcutta%26en-US%2Cen%26Google%20Inc.%26Win32%26255%26800%26600%2612%2624%26800%26600%260%26na&eci=3&event=%7B%7D&event_id=d82bdc3c-cc3f-40db-ab37-fb6aa115a4c8&integration=gtm&p_id=Twitter&p_user_id=0&pl_id=ae243905-4163-4435-9a74-64306d779ad6&pt=Phygitals%20-%20Your%20Gateway%20to%20Physical%20%26%20Digital%20Collectibles&tw_document_href=https%3A%2F%2Fwww.phygitals.com%2Fpokemon%2Fgeneration%2F7&tw_iframe_status=0&txn_id=og5w0&type=javascript&version=2.3.34,,,,https://www.phygitals.com/pokemon/generation/7
7,,,https://analytics.twitter.com/1/i/adsct?bci=4&dv=Asia%2FCalcutta%26en-US%2Cen%26Google%20Inc.%26Win32%26255%26800%26600%2612%2624%26800%26600%260%26na&eci=3&event=%7B%7D&event_id=d82bdc3c-cc3f-40db-ab37-fb6aa115a4c8&integration=gtm&p_id=Twitter&p_user_id=0&pl_id=ae243905-4163-4435-9a74-64306d779ad6&pt=Phygitals%20-%20Your%20Gateway%20to%20Physical%20%26%20Digital%20Collectibles&tw_document_href=https%3A%2F%2Fwww.phygitals.com%2Fpokemon%2Fgeneration%2F7&tw_iframe_status=0&txn_id=og5w0&type=javascript&version=2.3.34,,,,https://www.phygitals.com/pokemon/generation/7
8,Grookey,,https://raw.githubusercontent.com/PokeAPI/sprites/master/sprites/pokemon/other/showdown/810.gif,https://www.phygitals.com/pokemon/810,,,https://www.phygitals.com/pokemon/generation/8
8,Thwackey,,https://raw.githubusercontent.com/PokeAPI/sprites/master/sprites/pokemon/other/showdown/811.gif,https://www.phygitals.com/pokemon/811,,,https://www.phygitals.com/pokemon/generation/8
8,Rillaboom,,https://raw.githubusercontent.com/PokeAPI/sprites/master/sprites/pokemon/other/showdown/812.gif,https://www.phygitals.com/pokemon/812,,,https://www.phygitals.com/pokemon/generation/8
8,Scorbunny,,https://raw.githubusercontent.com/PokeAPI/sprites/master/sprites/pokemon/other/showdown/813.gif,https://www.phygitals.com/pokemon/813,,,https://www.phygitals.com/pokemon/generation/8
8,Raboot,,https://raw.githubusercontent.com/PokeAPI/sprites/master/sprites/pokemon/other/showdown/814.gif,https://www.phygitals.com/pokemon/814,,,https://www.phygitals.com/pokemon/generation/8
8,Cinderace,,https://raw.githubusercontent.com/PokeAPI/sprites/master/sprites/pokemon/other/showdown/815.gif,https://www.phygitals.com/pokemon/815,,,https://www.phygitals.com/pokemon/generation/8
8,Sobble,,https://raw.githubusercontent.com/PokeAPI/sprites/master/sprites/pokemon/other/showdown/816.gif,https://www.phygitals.com/pokemon/816,,,https://www.phygitals.com/pokemon/generation/8
8,Drizzile,,https://raw.githubusercontent.com/PokeAPI/sprites/master/sprites/pokemon/other/showdown/817.gif,https://www.phygitals.com/pokemon/817,,,https://www.phygitals.com/pokemon/generation/8
8,Inteleon,,https://raw.githubusercontent.com/PokeAPI/sprites/master/sprites/pokemon/other/showdown/818.gif,https://www.phygitals.com/pokemon/818,,,https://www.phygitals.com/pokemon/generation/8
8,Skwovet,,https://raw.githubusercontent.com/PokeAPI/sprites/master/sprites/pokemon/other/showdown/819.gif,https://www.phygitals.com/pokemon/819,,,https://www.phygitals.com/pokemon/generation/8
8,Greedent,,https://raw.githubusercontent.com/PokeAPI/sprites/master/sprites/pokemon/other/showdown/820.gif,https://www.phygitals.com/pokemon/820,,,https://www.phygitals.com/pokemon/generation/8
8,Rookidee,,https://raw.githubusercontent.com/PokeAPI/sprites/master/sprites/pokemon/other/showdown/821.gif,https://www.phygitals.com/pokemon/821,,,https://www.phygitals.com/pokemon/generation/8
8,Corvisquire,,https://raw.githubusercontent.com/PokeAPI/sprites/master/sprites/pokemon/other/showdown/822.gif,https://www.phygitals.com/pokemon/822,,,https://www.phygitals.com/pokemon/generation/8
8,Corviknight,,https://raw.githubusercontent.com/PokeAPI/sprites/master/sprites/pokemon/other/showdown/823.gif,https://www.phygitals.com/pokemon/823,,,https://www.phygitals.com/pokemon/generation/8
8,Blipbug,,https://raw.githubusercontent.com/PokeAPI/sprites/master/sprites/pokemon/other/showdown/824.gif,https://www.phygitals.com/pokemon/824,,,https://www.phygitals.com/pokemon/generation/8
8,Dottler,,https://raw.githubusercontent.com/PokeAPI/sprites/master/sprites/pokemon/other/showdown/825.gif,https://www.phygitals.com/pokemon/825,,,https://www.phygitals.com/pokemon/generation/8
8,Orbeetle,,https://raw.githubusercontent.com/PokeAPI/sprites/master/sprites/pokemon/other/showdown/826.gif,https://www.phygitals.com/pokemon/826,,,https://www.phygitals.com/pokemon/generation/8
8,Nickit,,https://raw.githubusercontent.com/PokeAPI/sprites/master/sprites/pokemon/other/showdown/827.gif,https://www.phygitals.com/pokemon/827,,,https://www.phygitals.com/pokemon/generation/8
8,Thievul,,https://raw.githubusercontent.com/PokeAPI/sprites/master/sprites/pokemon/other/showdown/828.gif,https://www.phygitals.com/pokemon/828,,,https://www.phygitals.com/pokemon/generation/8
8,Gossifleur,,https://raw.githubusercontent.com/PokeAPI/sprites/master/sprites/pokemon/other/showdown/829.gif,https://www.phygitals.com/pokemon/829,,,https://www.phygitals.com/pokemon/generation/8
8,Eldegoss,,https://raw.githubusercontent.com/PokeAPI/sprites/master/sprites/pokemon/other/showdown/830.gif,https://www.phygitals.com/pokemon/830,,,https://www.phygitals.com/pokemon/generation/8
8,Wooloo,,https://raw.githubusercontent.com/PokeAPI/sprites/master/sprites/pokemon/other/showdown/831.gif,https://www.phygitals.com/pokemon/831,,,https://www.phygitals.com/pokemon/generation/8
8,Dubwool,,https://raw.githubusercontent.com/PokeAPI/sprites/master/sprites/pokemon/other/showdown/832.gif,https://www.phygitals.com/pokemon/832,,,https://www.phygitals.com/pokemon/generation/8
8,Chewtle,,https://raw.githubusercontent.com/PokeAPI/sprites/master/sprites/pokemon/other/showdown/833.gif,https://www.phygitals.com/pokemon/833,,,https://www.phygitals.com/pokemon/generation/8
8,Drednaw,,https://raw.githubusercontent.com/PokeAPI/sprites/master/sprites/pokemon/other/showdown/834.gif,https://www.phygitals.com/pokemon/834,,,https://www.phygitals.com/pokemon/generation/8
8,Yamper,,https://raw.githubusercontent.com/PokeAPI/sprites/master/sprites/pokemon/other/showdown/835.gif,https://www.phygitals.com/pokemon/835,,,https://www.phygitals.com/pokemon/generation/8
8,Boltund,,https://raw.githubusercontent.com/PokeAPI/sprites/master/sprites/pokemon/other/showdown/836.gif,https://www.phygitals.com/pokemon/836,,,https://www.phygitals.com/pokemon/generation/8
8,Rolycoly,,https://raw.githubusercontent.com/PokeAPI/sprites/master/sprites/pokemon/other/showdown/837.gif,https://www.phygitals.com/pokemon/837,,,https://www.phygitals.com/pokemon/generation/8
8,Carkol,,https://raw.githubusercontent.com/PokeAPI/sprites/master/sprites/pokemon/other/showdown/838.gif,https://www.phygitals.com/pokemon/838,,,https://www.phygitals.com/pokemon/generation/8
8,Coalossal,,https://raw.githubusercontent.com/PokeAPI/sprites/master/sprites/pokemon/other/showdown/839.gif,https://www.phygitals.com/pokemon/839,,,https://www.phygitals.com/pokemon/generation/8
8,Applin,,https://raw.githubusercontent.com/PokeAPI/sprites/master/sprites/pokemon/other/showdown/840.gif,https://www.phygitals.com/pokemon/840,,,https://www.phygitals.com/pokemon/generation/8
8,Flapple,,https://raw.githubusercontent.com/PokeAPI/sprites/master/sprites/pokemon/other/showdown/841.gif,https://www.phygitals.com/pokemon/841,,,https://www.phygitals.com/pokemon/generation/8
8,Appletun,,https://raw.githubusercontent.com/PokeAPI/sprites/master/sprites/pokemon/other/showdown/842.gif,https://www.phygitals.com/pokemon/842,,,https://www.phygitals.com/pokemon/generation/8
8,Silicobra,,https://raw.githubusercontent.com/PokeAPI/sprites/master/sprites/pokemon/other/showdown/843.gif,https://www.phygitals.com/pokemon/843,,,https://www.phygitals.com/pokemon/generation/8
8,Sandaconda,,https://raw.githubusercontent.com/PokeAPI/sprites/master/sprites/pokemon/other/showdown/844.gif,https://www.phygitals.com/pokemon/844,,,https://www.phygitals.com/pokemon/generation/8
8,Cramorant,,https://raw.githubusercontent.com/PokeAPI/sprites/master/sprites/pokemon/other/showdown/845.gif,https://www.phygitals.com/pokemon/845,,,https://www.phygitals.com/pokemon/generation/8
8,Arrokuda,,https://raw.githubusercontent.com/PokeAPI/sprites/master/sprites/pokemon/other/showdown/846.gif,https://www.phygitals.com/pokemon/846,,,https://www.phygitals.com/pokemon/generation/8
8,Barraskewda,,https://raw.githubusercontent.com/PokeAPI/sprites/master/sprites/pokemon/other/showdown/847.gif,https://www.phygitals.com/pokemon/847,,,https://www.phygitals.com/pokemon/generation/8
8,Toxel,,https://raw.githubusercontent.com/PokeAPI/sprites/master/sprites/pokemon/other/showdown/848.gif,https://www.phygitals.com/pokemon/848,,,https://www.phygitals.com/pokemon/generation/8
8,Toxtricity,,https://raw.githubusercontent.com/PokeAPI/sprites/master/sprites/pokemon/other/showdown/849.gif,https://www.phygitals.com/pokemon/849,,,https://www.phygitals.com/pokemon/generation/8
8,Sizzlipede,,https://raw.githubusercontent.com/PokeAPI/sprites/master/sprites/pokemon/other/showdown/850.gif,https://www.phygitals.com/pokemon/850,,,https://www.phygitals.com/pokemon/generation/8
8,Centiskorch,,https://raw.githubusercontent.com/PokeAPI/sprites/master/sprites/pokemon/other/showdown/851.gif,https://www.phygitals.com/pokemon/851,,,https://www.phygitals.com/pokemon/generation/8
8,Clobbopus,,https://raw.githubusercontent.com/PokeAPI/sprites/master/sprites/pokemon/other/showdown/852.gif,https://www.phygitals.com/pokemon/852,,,https://www.phygitals.com/pokemon/generation/8
8,Grapploct,,https://raw.githubusercontent.com/PokeAPI/sprites/master/sprites/pokemon/other/showdown/853.gif,https://www.phygitals.com/pokemon/853,,,https://www.phygitals.com/pokemon/generation/8
8,Sinistea,,https://raw.githubusercontent.com/PokeAPI/sprites/master/sprites/pokemon/other/showdown/854.gif,https://www.phygitals.com/pokemon/854,,,https://www.phygitals.com/pokemon/generation/8
8,Polteageist,,https://raw.githubusercontent.com/PokeAPI/sprites/master/sprites/pokemon/other/showdown/855.gif,https://www.phygitals.com/pokemon/855,,,https://www.phygitals.com/pokemon/generation/8
8,Hatenna,,https://raw.githubusercontent.com/PokeAPI/sprites/master/sprites/pokemon/other/showdown/856.gif,https://www.phygitals.com/pokemon/856,,,https://www.phygitals.com/pokemon/generation/8
8,Hattrem,,https://raw.githubusercontent.com/PokeAPI/sprites/master/sprites/pokemon/other/showdown/857.gif,https://www.phygitals.com/pokemon/857,,,https://www.phygitals.com/pokemon/generation/8
8,Hatterene,,https://raw.githubusercontent.com/PokeAPI/sprites/master/sprites/pokemon/other/showdown/858.gif,https://www.phygitals.com/pokemon/858,,,https://www.phygitals.com/pokemon/generation/8
8,Impidimp,,https://raw.githubusercontent.com/PokeAPI/sprites/master/sprites/pokemon/other/showdown/859.gif,https://www.phygitals.com/pokemon/859,,,https://www.phygitals.com/pokemon/generation/8
8,Morgrem,,https://raw.githubusercontent.com/PokeAPI/sprites/master/sprites/pokemon/other/showdown/860.gif,https://www.phygitals.com/pokemon/860,,,https://www.phygitals.com/pokemon/generation/8
8,Grimmsnarl,,https://raw.githubusercontent.com/PokeAPI/sprites/master/sprites/pokemon/other/showdown/861.gif,https://www.phygitals.com/pokemon/861,,,https://www.phygitals.com/pokemon/generation/8
8,Obstagoon,,https://raw.githubusercontent.com/PokeAPI/sprites/master/sprites/pokemon/other/showdown/862.gif,https://www.phygitals.com/pokemon/862,,,https://www.phygitals.com/pokemon/generation/8
8,Perrserker,,https://raw.githubusercontent.com/PokeAPI/sprites/master/sprites/pokemon/other/showdown/863.gif,https://www.phygitals.com/pokemon/863,,,https://www.phygitals.com/pokemon/generation/8
8,Cursola,,https://raw.githubusercontent.com/PokeAPI/sprites/master/sprites/pokemon/other/showdown/864.gif,https://www.phygitals.com/pokemon/864,,,https://www.phygitals.com/pokemon/generation/8
8,Sirfetchd,,https://raw.githubusercontent.com/PokeAPI/sprites/master/sprites/pokemon/other/showdown/865.gif,https://www.phygitals.com/pokemon/865,,,https://www.phygitals.com/pokemon/generation/8
8,Mr-rime,,https://raw.githubusercontent.com/PokeAPI/sprites/master/sprites/pokemon/other/showdown/866.gif,https://www.phygitals.com/pokemon/866,,,https://www.phygitals.com/pokemon/generation/8
8,Runerigus,,https://raw.githubusercontent.com/PokeAPI/sprites/master/sprites/pokemon/other/showdown/867.gif,https://www.phygitals.com/pokemon/867,,,https://www.phygitals.com/pokemon/generation/8
8,Milcery,,https://raw.githubusercontent.com/PokeAPI/sprites/master/sprites/pokemon/other/showdown/868.gif,https://www.phygitals.com/pokemon/868,,,https://www.phygitals.com/pokemon/generation/8
8,Alcremie,,https://raw.githubusercontent.com/PokeAPI/sprites/master/sprites/pokemon/other/showdown/869.gif,https://www.phygitals.com/pokemon/869,,,https://www.phygitals.com/pokemon/generation/8
8,Falinks,,https://raw.githubusercontent.com/PokeAPI/sprites/master/sprites/pokemon/other/showdown/870.gif,https://www.phygitals.com/pokemon/870,,,https://www.phygitals.com/pokemon/generation/8
8,Pincurchin,,https://raw.githubusercontent.com/PokeAPI/sprites/master/sprites/pokemon/other/showdown/871.gif,https://www.phygitals.com/pokemon/871,,,https://www.phygitals.com/pokemon/generation/8
8,Snom,,https://raw.githubusercontent.com/PokeAPI/sprites/master/sprites/pokemon/other/showdown/872.gif,https://www.phygitals.com/pokemon/872,,,https://www.phygitals.com/pokemon/generation/8
8,Frosmoth,,https://raw.githubusercontent.com/PokeAPI/sprites/master/sprites/pokemon/other/showdown/873.gif,https://www.phygitals.com/pokemon/873,,,https://www.phygitals.com/pokemon/generation/8
8,Stonjourner,,https://raw.githubusercontent.com/PokeAPI/sprites/master/sprites/pokemon/other/showdown/874.gif,https://www.phygitals.com/pokemon/874,,,https://www.phygitals.com/pokemon/generation/8
8,Eiscue,,https://raw.githubusercontent.com/PokeAPI/sprites/master/sprites/pokemon/other/showdown/875.gif,https://www.phygitals.com/pokemon/875,,,https://www.phygitals.com/pokemon/generation/8
8,Indeedee,,https://raw.githubusercontent.com/PokeAPI/sprites/master/sprites/pokemon/other/showdown/876.gif,https://www.phygitals.com/pokemon/876,,,https://www.phygitals.com/pokemon/generation/8
8,Morpeko,,https://raw.githubusercontent.com/PokeAPI/sprites/master/sprites/pokemon/other/showdown/877.gif,https://www.phygitals.com/pokemon/877,,,https://www.phygitals.com/pokemon/generation/8
8,Cufant,,https://raw.githubusercontent.com/PokeAPI/sprites/master/sprites/pokemon/other/showdown/878.gif,https://www.phygitals.com/pokemon/878,,,https://www.phygitals.com/pokemon/generation/8
8,Copperajah,,https://raw.githubusercontent.com/PokeAPI/sprites/master/sprites/pokemon/other/showdown/879.gif,https://www.phygitals.com/pokemon/879,,,https://www.phygitals.com/pokemon/generation/8
8,Dracozolt,,https://raw.githubusercontent.com/PokeAPI/sprites/master/sprites/pokemon/other/showdown/880.gif,https://www.phygitals.com/pokemon/880,,,https://www.phygitals.com/pokemon/generation/8
8,Arctozolt,,https://raw.githubusercontent.com/PokeAPI/sprites/master/sprites/pokemon/other/showdown/881.gif,https://www.phygitals.com/pokemon/881,,,https://www.phygitals.com/pokemon/generation/8
8,Dracovish,,https://raw.githubusercontent.com/PokeAPI/sprites/master/sprites/pokemon/other/showdown/882.gif,https://www.phygitals.com/pokemon/882,,,https://www.phygitals.com/pokemon/generation/8
8,Arctovish,,https://raw.githubusercontent.com/PokeAPI/sprites/master/sprites/pokemon/other/showdown/883.gif,https://www.phygitals.com/pokemon/883,,,https://www.phygitals.com/pokemon/generation/8
8,Duraludon,,https://raw.githubusercontent.com/PokeAPI/sprites/master/sprites/pokemon/other/showdown/884.gif,https://www.phygitals.com/pokemon/884,,,https://www.phygitals.com/pokemon/generation/8
8,Dreepy,,https://raw.githubusercontent.com/PokeAPI/sprites/master/sprites/pokemon/other/showdown/885.gif,https://www.phygitals.com/pokemon/885,,,https://www.phygitals.com/pokemon/generation/8
8,Drakloak,,https://raw.githubusercontent.com/PokeAPI/sprites/master/sprites/pokemon/other/showdown/886.gif,https://www.phygitals.com/pokemon/886,,,https://www.phygitals.com/pokemon/generation/8
8,Dragapult,,https://raw.githubusercontent.com/PokeAPI/sprites/master/sprites/pokemon/other/showdown/887.gif,https://www.phygitals.com/pokemon/887,,,https://www.phygitals.com/pokemon/generation/8
8,Zacian,,https://raw.githubusercontent.com/PokeAPI/sprites/master/sprites/pokemon/other/showdown/888.gif,https://www.phygitals.com/pokemon/888,,,https://www.phygitals.com/pokemon/generation/8
8,Zamazenta,,https://raw.githubusercontent.com/PokeAPI/sprites/master/sprites/pokemon/other/showdown/889.gif,https://www.phygitals.com/pokemon/889,,,https://www.phygitals.com/pokemon/generation/8
8,Eternatus,,https://raw.githubusercontent.com/PokeAPI/sprites/master/sprites/pokemon/other/showdown/890.gif,https://www.phygitals.com/pokemon/890,,,https://www.phygitals.com/pokemon/generation/8
8,Kubfu,,https://raw.githubusercontent.com/PokeAPI/sprites/master/sprites/pokemon/other/showdown/891.gif,https://www.phygitals.com/pokemon/891,,,https://www.phygitals.com/pokemon/generation/8
8,Urshifu,,https://raw.githubusercontent.com/PokeAPI/sprites/master/sprites/pokemon/other/showdown/892.gif,https://www.phygitals.com/pokemon/892,,,https://www.phygitals.com/pokemon/generation/8
8,Zarude,,https://raw.githubusercontent.com/PokeAPI/sprites/master/sprites/pokemon/other/showdown/893.gif,https://www.phygitals.com/pokemon/893,,,https://www.phygitals.com/pokemon/generation/8
8,Regieleki,,https://raw.githubusercontent.com/PokeAPI/sprites/master/sprites/pokemon/other/showdown/894.gif,https://www.phygitals.com/pokemon/894,,,https://www.phygitals.com/pokemon/generation/8
8,Regidrago,,https://raw.githubusercontent.com/PokeAPI/sprites/master/sprites/pokemon/other/showdown/895.gif,https://www.phygitals.com/pokemon/895,,,https://www.phygitals.com/pokemon/generation/8
8,Glastrier,,https://raw.githubusercontent.com/PokeAPI/sprites/master/sprites/pokemon/other/showdown/896.gif,https://www.phygitals.com/pokemon/896,,,https://www.phygitals.com/pokemon/generation/8
8,Spectrier,,https://raw.githubusercontent.com/PokeAPI/sprites/master/sprites/pokemon/other/showdown/897.gif,https://www.phygitals.com/pokemon/897,,,https://www.phygitals.com/pokemon/generation/8
8,Calyrex,,https://raw.githubusercontent.com/PokeAPI/sprites/master/sprites/pokemon/other/showdown/898.gif,https://www.phygitals.com/pokemon/898,,,https://www.phygitals.com/pokemon/generation/8
8,Wyrdeer,,https://raw.githubusercontent.com/PokeAPI/sprites/master/sprites/pokemon/other/showdown/899.gif,https://www.phygitals.com/pokemon/899,,,https://www.phygitals.com/pokemon/generation/8
8,Kleavor,,https://raw.githubusercontent.com/PokeAPI/sprites/master/sprites/pokemon/other/showdown/900.gif,https://www.phygitals.com/pokemon/900,,,https://www.phygitals.com/pokemon/generation/8
8,Ursaluna,,https://raw.githubusercontent.com/PokeAPI/sprites/master/sprites/pokemon/other/showdown/901.gif,https://www.phygitals.com/pokemon/901,,,https://www.phygitals.com/pokemon/generation/8
8,Basculegion,,https://raw.githubusercontent.com/PokeAPI/sprites/master/sprites/pokemon/other/showdown/902.gif,https://www.phygitals.com/pokemon/902,,,https://www.phygitals.com/pokemon/generation/8
8,Sneasler,,https://raw.githubusercontent.com/PokeAPI/sprites/master/sprites/pokemon/other/showdown/903.gif,https://www.phygitals.com/pokemon/903,,,https://www.phygitals.com/pokemon/generation/8
8,Overqwil,,https://raw.githubusercontent.com/PokeAPI/sprites/master/sprites/pokemon/other/showdown/904.gif,https://www.phygitals.com/pokemon/904,,,https://www.phygitals.com/pokemon/generation/8
8,Enamorus,,https://raw.githubusercontent.com/PokeAPI/sprites/master/sprites/pokemon/other/showdown/905.gif,https://www.phygitals.com/pokemon/905,,,https://www.phygitals.com/pokemon/generation/8
8,,,https://t.co/1/i/adsct?bci=4&dv=Asia%2FCalcutta%26en-US%2Cen%26Google%20Inc.%26Win32%26255%26800%26600%2612%2624%26800%26600%260%26na&eci=3&event=%7B%7D&event_id=422b8dc1-f64d-42c4-a04b-80f4ee626f75&integration=gtm&p_id=Twitter&p_user_id=0&pl_id=ca0cdf82-4ac3-4c10-8117-21315c177118&pt=Phygitals%20-%20Your%20Gateway%20to%20Physical%20%26%20Digital%20Collectibles&tw_document_href=https%3A%2F%2Fwww.phygitals.com%2Fpokemon%2Fgeneration%2F8&tw_iframe_status=0&txn_id=og5w0&type=javascript&version=2.3.34,,,,https://www.phygitals.com/pokemon/generation/8
8,,,https://analytics.twitter.com/1/i/adsct?bci=4&dv=Asia%2FCalcutta%26en-US%2Cen%26Google%20Inc.%26Win32%26255%26800%26600%2612%2624%26800%26600%260%26na&eci=3&event=%7B%7D&event_id=422b8dc1-f64d-42c4-a04b-80f4ee626f75&integration=gtm&p_id=Twitter&p_user_id=0&pl_id=ca0cdf82-4ac3-4c10-8117-21315c177118&pt=Phygitals%20-%20Your%20Gateway%20to%20Physical%20%26%20Digital%20Collectibles&tw_document_href=https%3A%2F%2Fwww.phygitals.com%2Fpokemon%2Fgeneration%2F8&tw_iframe_status=0&txn_id=og5w0&type=javascript&version=2.3.34,,,,https://www.phygitals.com/pokemon/generation/8
9,Sprigatito,,https://raw.githubusercontent.com/PokeAPI/sprites/master/sprites/pokemon/other/showdown/906.gif,https://www.phygitals.com/pokemon/906,,,https://www.phygitals.com/pokemon/generation/9
9,Floragato,,https://raw.githubusercontent.com/PokeAPI/sprites/master/sprites/pokemon/other/showdown/907.gif,https://www.phygitals.com/pokemon/907,,,https://www.phygitals.com/pokemon/generation/9
9,Meowscarada,,https://raw.githubusercontent.com/PokeAPI/sprites/master/sprites/pokemon/other/showdown/908.gif,https://www.phygitals.com/pokemon/908,,,https://www.phygitals.com/pokemon/generation/9
9,Fuecoco,,https://raw.githubusercontent.com/PokeAPI/sprites/master/sprites/pokemon/other/showdown/909.gif,https://www.phygitals.com/pokemon/909,,,https://www.phygitals.com/pokemon/generation/9
9,Crocalor,,https://raw.githubusercontent.com/PokeAPI/sprites/master/sprites/pokemon/other/showdown/910.gif,https://www.phygitals.com/pokemon/910,,,https://www.phygitals.com/pokemon/generation/9
9,Skeledirge,,https://raw.githubusercontent.com/PokeAPI/sprites/master/sprites/pokemon/other/showdown/911.gif,https://www.phygitals.com/pokemon/911,,,https://www.phygitals.com/pokemon/generation/9
9,Quaxly,,https://raw.githubusercontent.com/PokeAPI/sprites/master/sprites/pokemon/other/showdown/912.gif,https://www.phygitals.com/pokemon/912,,,https://www.phygitals.com/pokemon/generation/9
9,Quaxwell,,https://raw.githubusercontent.com/PokeAPI/sprites/master/sprites/pokemon/other/showdown/913.gif,https://www.phygitals.com/pokemon/913,,,https://www.phygitals.com/pokemon/generation/9
9,Quaquaval,,https://raw.githubusercontent.com/PokeAPI/sprites/master/sprites/pokemon/other/showdown/914.gif,https://www.phygitals.com/pokemon/914,,,https://www.phygitals.com/pokemon/generation/9
9,Lechonk,,https://raw.githubusercontent.com/PokeAPI/sprites/master/sprites/pokemon/other/showdown/915.gif,https://www.phygitals.com/pokemon/915,,,https://www.phygitals.com/pokemon/generation/9
9,Oinkologne,,https://raw.githubusercontent.com/PokeAPI/sprites/master/sprites/pokemon/other/showdown/916.gif,https://www.phygitals.com/pokemon/916,,,https://www.phygitals.com/pokemon/generation/9
9,Tarountula,,https://raw.githubusercontent.com/PokeAPI/sprites/master/sprites/pokemon/other/showdown/917.gif,https://www.phygitals.com/pokemon/917,,,https://www.phygitals.com/pokemon/generation/9
9,Spidops,,https://raw.githubusercontent.com/PokeAPI/sprites/master/sprites/pokemon/other/showdown/918.gif,https://www.phygitals.com/pokemon/918,,,https://www.phygitals.com/pokemon/generation/9
9,Nymble,,https://raw.githubusercontent.com/PokeAPI/sprites/master/sprites/pokemon/other/showdown/919.gif,https://www.phygitals.com/pokemon/919,,,https://www.phygitals.com/pokemon/generation/9
9,Lokix,,https://raw.githubusercontent.com/PokeAPI/sprites/master/sprites/pokemon/other/showdown/920.gif,https://www.phygitals.com/pokemon/920,,,https://www.phygitals.com/pokemon/generation/9
9,Pawmi,,https://raw.githubusercontent.com/PokeAPI/sprites/master/sprites/pokemon/other/showdown/921.gif,https://www.phygitals.com/pokemon/921,,,https://www.phygitals.com/pokemon/generation/9
9,Pawmo,,https://raw.githubusercontent.com/PokeAPI/sprites/master/sprites/pokemon/other/showdown/922.gif,https://www.phygitals.com/pokemon/922,,,https://www.phygitals.com/pokemon/generation/9
9,Pawmot,,https://raw.githubusercontent.com/PokeAPI/sprites/master/sprites/pokemon/other/showdown/923.gif,https://www.phygitals.com/pokemon/923,,,https://www.phygitals.com/pokemon/generation/9
9,Tandemaus,,https://raw.githubusercontent.com/PokeAPI/sprites/master/sprites/pokemon/other/showdown/924.gif,https://www.phygitals.com/pokemon/924,,,https://www.phygitals.com/pokemon/generation/9
9,Maushold,,https://raw.githubusercontent.com/PokeAPI/sprites/master/sprites/pokemon/other/showdown/925.gif,https://www.phygitals.com/pokemon/925,,,https://www.phygitals.com/pokemon/generation/9
9,Fidough,,https://raw.githubusercontent.com/PokeAPI/sprites/master/sprites/pokemon/926.png,https://www.phygitals.com/pokemon/926,,,https://www.phygitals.com/pokemon/generation/9
9,Dachsbun,,https://raw.githubusercontent.com/PokeAPI/sprites/master/sprites/pokemon/927.png,https://www.phygitals.com/pokemon/927,,,https://www.phygitals.com/pokemon/generation/9
9,Smoliv,,https://raw.githubusercontent.com/PokeAPI/sprites/master/sprites/pokemon/other/showdown/928.gif,https://www.phygitals.com/pokemon/928,,,https://www.phygitals.com/pokemon/generation/9
9,Dolliv,,https://raw.githubusercontent.com/PokeAPI/sprites/master/sprites/pokemon/other/showdown/929.gif,https://www.phygitals.com/pokemon/929,,,https://www.phygitals.com/pokemon/generation/9
9,Arboliva,,https://raw.githubusercontent.com/PokeAPI/sprites/master/sprites/pokemon/other/showdown/930.gif,https://www.phygitals.com/pokemon/930,,,https://www.phygitals.com/pokemon/generation/9
9,Squawkabilly,,https://raw.githubusercontent.com/PokeAPI/sprites/master/sprites/pokemon/other/showdown/931.gif,https://www.phygitals.com/pokemon/931,,,https://www.phygitals.com/pokemon/generation/9
9,Nacli,,https://raw.githubusercontent.com/PokeAPI/sprites/master/sprites/pokemon/932.png,https://www.phygitals.com/pokemon/932,,,https://www.phygitals.com/pokemon/generation/9
9,Naclstack,,https://raw.githubusercontent.com/PokeAPI/sprites/master/sprites/pokemon/933.png,https://www.phygitals.com/pokemon/933,,,https://www.phygitals.com/pokemon/generation/9
9,Garganacl,,https://raw.githubusercontent.com/PokeAPI/sprites/master/sprites/pokemon/934.png,https://www.phygitals.com/pokemon/934,,,https://www.phygitals.com/pokemon/generation/9
9,Charcadet,,https://raw.githubusercontent.com/PokeAPI/sprites/master/sprites/pokemon/935.png,https://www.phygitals.com/pokemon/935,,,https://www.phygitals.com/pokemon/generation/9
9,Armarouge,,https://raw.githubusercontent.com/PokeAPI/sprites/master/sprites/pokemon/936.png,https://www.phygitals.com/pokemon/936,,,https://www.phygitals.com/pokemon/generation/9
9,Ceruledge,,https://raw.githubusercontent.com/PokeAPI/sprites/master/sprites/pokemon/937.png,https://www.phygitals.com/pokemon/937,,,https://www.phygitals.com/pokemon/generation/9
9,Tadbulb,,https://raw.githubusercontent.com/PokeAPI/sprites/master/sprites/pokemon/other/showdown/938.gif,https://www.phygitals.com/pokemon/938,,,https://www.phygitals.com/pokemon/generation/9
9,Bellibolt,,https://raw.githubusercontent.com/PokeAPI/sprites/master/sprites/pokemon/other/showdown/939.gif,https://www.phygitals.com/pokemon/939,,,https://www.phygitals.com/pokemon/generation/9
9,Wattrel,,https://raw.githubusercontent.com/PokeAPI/sprites/master/sprites/pokemon/940.png,https://www.phygitals.com/pokemon/940,,,https://www.phygitals.com/pokemon/generation/9
9,Kilowattrel,,https://raw.githubusercontent.com/PokeAPI/sprites/master/sprites/pokemon/941.png,https://www.phygitals.com/pokemon/941,,,https://www.phygitals.com/pokemon/generation/9
9,Maschiff,,https://raw.githubusercontent.com/PokeAPI/sprites/master/sprites/pokemon/942.png,https://www.phygitals.com/pokemon/942,,,https://www.phygitals.com/pokemon/generation/9
9,Mabosstiff,,https://raw.githubusercontent.com/PokeAPI/sprites/master/sprites/pokemon/943.png,https://www.phygitals.com/pokemon/943,,,https://www.phygitals.com/pokemon/generation/9
9,Shroodle,,https://raw.githubusercontent.com/PokeAPI/sprites/master/sprites/pokemon/944.png,https://www.phygitals.com/pokemon/944,,,https://www.phygitals.com/pokemon/generation/9
9,Grafaiai,,https://raw.githubusercontent.com/PokeAPI/sprites/master/sprites/pokemon/945.png,https://www.phygitals.com/pokemon/945,,,https://www.phygitals.com/pokemon/generation/9
9,Bramblin,,https://raw.githubusercontent.com/PokeAPI/sprites/master/sprites/pokemon/946.png,https://www.phygitals.com/pokemon/946,,,https://www.phygitals.com/pokemon/generation/9
9,Brambleghast,,https://raw.githubusercontent.com/PokeAPI/sprites/master/sprites/pokemon/947.png,https://www.phygitals.com/pokemon/947,,,https://www.phygitals.com/pokemon/generation/9
9,Toedscool,,https://raw.githubusercontent.com/PokeAPI/sprites/master/sprites/pokemon/948.png,https://www.phygitals.com/pokemon/948,,,https://www.phygitals.com/pokemon/generation/9
9,Toedscruel,,https://raw.githubusercontent.com/PokeAPI/sprites/master/sprites/pokemon/949.png,https://www.phygitals.com/pokemon/949,,,https://www.phygitals.com/pokemon/generation/9
9,Klawf,,https://raw.githubusercontent.com/PokeAPI/sprites/master/sprites/pokemon/950.png,https://www.phygitals.com/pokemon/950,,,https://www.phygitals.com/pokemon/generation/9
9,Capsakid,,https://raw.githubusercontent.com/PokeAPI/sprites/master/sprites/pokemon/other/showdown/951.gif,https://www.phygitals.com/pokemon/951,,,https://www.phygitals.com/pokemon/generation/9
9,Scovillain,,https://raw.githubusercontent.com/PokeAPI/sprites/master/sprites/pokemon/other/showdown/952.gif,https://www.phygitals.com/pokemon/952,,,https://www.phygitals.com/pokemon/generation/9
9,Rellor,,https://raw.githubusercontent.com/PokeAPI/sprites/master/sprites/pokemon/other/showdown/953.gif,https://www.phygitals.com/pokemon/953,,,https://www.phygitals.com/pokemon/generation/9
9,Rabsca,,https://raw.githubusercontent.com/PokeAPI/sprites/master/sprites/pokemon/other/showdown/954.gif,https://www.phygitals.com/pokemon/954,,,https://www.phygitals.com/pokemon/generation/9
9,Flittle,,https://raw.githubusercontent.com/PokeAPI/sprites/master/sprites/pokemon/other/showdown/955.gif,https://www.phygitals.com/pokemon/955,,,https://www.phygitals.com/pokemon/generation/9
9,Espathra,,https://raw.githubusercontent.com/PokeAPI/sprites/master/sprites/pokemon/other/showdown/956.gif,https://www.phygitals.com/pokemon/956,,,https://www.phygitals.com/pokemon/generation/9
9,Tinkatink,,https://raw.githubusercontent.com/PokeAPI/sprites/master/sprites/pokemon/other/showdown/957.gif,https://www.phygitals.com/pokemon/957,,,https://www.phygitals.com/pokemon/generation/9
9,Tinkatuff,,https://raw.githubusercontent.com/PokeAPI/sprites/master/sprites/pokemon/other/showdown/958.gif,https://www.phygitals.com/pokemon/958,,,https://www.phygitals.com/pokemon/generation/9
9,Tinkaton,,https://raw.githubusercontent.com/PokeAPI/sprites/master/sprites/pokemon/other/showdown/959.gif,https://www.phygitals.com/pokemon/959,,,https://www.phygitals.com/pokemon/generation/9
9,Wiglett,,https://raw.githubusercontent.com/PokeAPI/sprites/master/sprites/pokemon/other/showdown/960.gif,https://www.phygitals.com/pokemon/960,,,https://www.phygitals.com/pokemon/generation/9
9,Wugtrio,,https://raw.githubusercontent.com/PokeAPI/sprites/master/sprites/pokemon/other/showdown/961.gif,https://www.phygitals.com/pokemon/961,,,https://www.phygitals.com/pokemon/generation/9
9,Bombirdier,,https://raw.githubusercontent.com/PokeAPI/sprites/master/sprites/pokemon/962.png,https://www.phygitals.com/pokemon/962,,,https://www.phygitals.com/pokemon/generation/9
9,Finizen,,https://raw.githubusercontent.com/PokeAPI/sprites/master/sprites/pokemon/other/showdown/963.gif,https://www.phygitals.com/pokemon/963,,,https://www.phygitals.com/pokemon/generation/9
9,Palafin,,https://raw.githubusercontent.com/PokeAPI/sprites/master/sprites/pokemon/other/showdown/964.gif,https://www.phygitals.com/pokemon/964,,,https://www.phygitals.com/pokemon/generation/9
9,Varoom,,https://raw.githubusercontent.com/PokeAPI/sprites/master/sprites/pokemon/other/showdown/965.gif,https://www.phygitals.com/pokemon/965,,,https://www.phygitals.com/pokemon/generation/9
9,Revavroom,,https://raw.githubusercontent.com/PokeAPI/sprites/master/sprites/pokemon/other/showdown/966.gif,https://www.phygitals.com/pokemon/966,,,https://www.phygitals.com/pokemon/generation/9
9,Cyclizar,,https://raw.githubusercontent.com/PokeAPI/sprites/master/sprites/pokemon/other/showdown/967.gif,https://www.phygitals.com/pokemon/967,,,https://www.phygitals.com/pokemon/generation/9
9,Orthworm,,https://raw.githubusercontent.com/PokeAPI/sprites/master/sprites/pokemon/other/showdown/968.gif,https://www.phygitals.com/pokemon/968,,,https://www.phygitals.com/pokemon/generation/9
9,Glimmet,,https://raw.githubusercontent.com/PokeAPI/sprites/master/sprites/pokemon/969.png,https://www.phygitals.com/pokemon/969,,,https://www.phygitals.com/pokemon/generation/9
9,Glimmora,,https://raw.githubusercontent.com/PokeAPI/sprites/master/sprites/pokemon/970.png,https://www.phygitals.com/pokemon/970,,,https://www.phygitals.com/pokemon/generation/9
9,Greavard,,https://raw.githubusercontent.com/PokeAPI/sprites/master/sprites/pokemon/other/showdown/971.gif,https://www.phygitals.com/pokemon/971,,,https://www.phygitals.com/pokemon/generation/9
9,Houndstone,,https://raw.githubusercontent.com/PokeAPI/sprites/master/sprites/pokemon/other/showdown/972.gif,https://www.phygitals.com/pokemon/972,,,https://www.phygitals.com/pokemon/generation/9
9,Flamigo,,https://raw.githubusercontent.com/PokeAPI/sprites/master/sprites/pokemon/other/showdown/973.gif,https://www.phygitals.com/pokemon/973,,,https://www.phygitals.com/pokemon/generation/9
9,Cetoddle,,https://raw.githubusercontent.com/PokeAPI/sprites/master/sprites/pokemon/other/showdown/974.gif,https://www.phygitals.com/pokemon/974,,,https://www.phygitals.com/pokemon/generation/9
9,Cetitan,,https://raw.githubusercontent.com/PokeAPI/sprites/master/sprites/pokemon/other/showdown/975.gif,https://www.phygitals.com/pokemon/975,,,https://www.phygitals.com/pokemon/generation/9
9,Veluza,,https://raw.githubusercontent.com/PokeAPI/sprites/master/sprites/pokemon/other/showdown/976.gif,https://www.phygitals.com/pokemon/976,,,https://www.phygitals.com/pokemon/generation/9
9,Dondozo,,https://raw.githubusercontent.com/PokeAPI/sprites/master/sprites/pokemon/other/showdown/977.gif,https://www.phygitals.com/pokemon/977,,,https://www.phygitals.com/pokemon/generation/9
9,Tatsugiri,,https://raw.githubusercontent.com/PokeAPI/sprites/master/sprites/pokemon/other/showdown/978.gif,https://www.phygitals.com/pokemon/978,,,https://www.phygitals.com/pokemon/generation/9
9,Annihilape,,https://raw.githubusercontent.com/PokeAPI/sprites/master/sprites/pokemon/other/showdown/979.gif,https://www.phygitals.com/pokemon/979,,,https://www.phygitals.com/pokemon/generation/9
9,Clodsire,,https://raw.githubusercontent.com/PokeAPI/sprites/master/sprites/pokemon/other/showdown/980.gif,https://www.phygitals.com/pokemon/980,,,https://www.phygitals.com/pokemon/generation/9
9,Farigiraf,,https://raw.githubusercontent.com/PokeAPI/sprites/master/sprites/pokemon/other/showdown/981.gif,https://www.phygitals.com/pokemon/981,,,https://www.phygitals.com/pokemon/generation/9
9,Dudunsparce,,https://raw.githubusercontent.com/PokeAPI/sprites/master/sprites/pokemon/other/showdown/982.gif,https://www.phygitals.com/pokemon/982,,,https://www.phygitals.com/pokemon/generation/9
9,Kingambit,,https://raw.githubusercontent.com/PokeAPI/sprites/master/sprites/pokemon/983.png,https://www.phygitals.com/pokemon/983,,,https://www.phygitals.com/pokemon/generation/9
9,Great-tusk,,https://raw.githubusercontent.com/PokeAPI/sprites/master/sprites/pokemon/984.png,https://www.phygitals.com/pokemon/984,,,https://www.phygitals.com/pokemon/generation/9
9,Scream-tail,,https://raw.githubusercontent.com/PokeAPI/sprites/master/sprites/pokemon/985.png,https://www.phygitals.com/pokemon/985,,,https://www.phygitals.com/pokemon/generation/9
9,Brute-bonnet,,https://raw.githubusercontent.com/PokeAPI/sprites/master/sprites/pokemon/986.png,https://www.phygitals.com/pokemon/986,,,https://www.phygitals.com/pokemon/generation/9
9,Flutter-mane,,https://raw.githubusercontent.com/PokeAPI/sprites/master/sprites/pokemon/987.png,https://www.phygitals.com/pokemon/987,,,https://www.phygitals.com/pokemon/generation/9
9,Slither-wing,,https://raw.githubusercontent.com/PokeAPI/sprites/master/sprites/pokemon/988.png,https://www.phygitals.com/pokemon/988,,,https://www.phygitals.com/pokemon/generation/9
9,Sandy-shocks,,https://raw.githubusercontent.com/PokeAPI/sprites/master/sprites/pokemon/989.png,https://www.phygitals.com/pokemon/989,,,https://www.phygitals.com/pokemon/generation/9
9,Iron-treads,,https://raw.githubusercontent.com/PokeAPI/sprites/master/sprites/pokemon/990.png,https://www.phygitals.com/pokemon/990,,,https://www.phygitals.com/pokemon/generation/9
9,Iron-bundle,,https://raw.githubusercontent.com/PokeAPI/sprites/master/sprites/pokemon/991.png,https://www.phygitals.com/pokemon/991,,,https://www.phygitals.com/pokemon/generation/9
9,Iron-hands,,https://raw.githubusercontent.com/PokeAPI/sprites/master/sprites/pokemon/992.png,https://www.phygitals.com/pokemon/992,,,https://www.phygitals.com/pokemon/generation/9
9,Iron-jugulis,,https://raw.githubusercontent.com/PokeAPI/sprites/master/sprites/pokemon/993.png,https://www.phygitals.com/pokemon/993,,,https://www.phygitals.com/pokemon/generation/9
9,Iron-moth,,https://raw.githubusercontent.com/PokeAPI/sprites/master/sprites/pokemon/994.png,https://www.phygitals.com/pokemon/994,,,https://www.phygitals.com/pokemon/generation/9
9,Iron-thorns,,https://raw.githubusercontent.com/PokeAPI/sprites/master/sprites/pokemon/995.png,https://www.phygitals.com/pokemon/995,,,https://www.phygitals.com/pokemon/generation/9
9,Frigibax,,https://raw.githubusercontent.com/PokeAPI/sprites/master/sprites/pokemon/996.png,https://www.phygitals.com/pokemon/996,,,https://www.phygitals.com/pokemon/generation/9
9,Arctibax,,https://raw.githubusercontent.com/PokeAPI/sprites/master/sprites/pokemon/997.png,https://www.phygitals.com/pokemon/997,,,https://www.phygitals.com/pokemon/generation/9
9,Baxcalibur,,https://raw.githubusercontent.com/PokeAPI/sprites/master/sprites/pokemon/998.png,https://www.phygitals.com/pokemon/998,,,https://www.phygitals.com/pokemon/generation/9
9,Gimmighoul,,https://raw.githubusercontent.com/PokeAPI/sprites/master/sprites/pokemon/999.png,https://www.phygitals.com/pokemon/999,,,https://www.phygitals.com/pokemon/generation/9
9,Gholdengo,,https://raw.githubusercontent.com/PokeAPI/sprites/master/sprites/pokemon/1000.png,https://www.phygitals.com/pokemon/1000,,,https://www.phygitals.com/pokemon/generation/9
9,Wo-chien,,https://raw.githubusercontent.com/PokeAPI/sprites/master/sprites/pokemon/1001.png,https://www.phygitals.com/pokemon/1001,,,https://www.phygitals.com/pokemon/generation/9
9,Chien-pao,,https://raw.githubusercontent.com/PokeAPI/sprites/master/sprites/pokemon/1002.png,https://www.phygitals.com/pokemon/1002,,,https://www.phygitals.com/pokemon/generation/9
9,Ting-lu,,https://raw.githubusercontent.com/PokeAPI/sprites/master/sprites/pokemon/1003.png,https://www.phygitals.com/pokemon/1003,,,https://www.phygitals.com/pokemon/generation/9
9,Chi-yu,,https://raw.githubusercontent.com/PokeAPI/sprites/master/sprites/pokemon/1004.png,https://www.phygitals.com/pokemon/1004,,,https://www.phygitals.com/pokemon/generation/9
9,Roaring-moon,,https://raw.githubusercontent.com/PokeAPI/sprites/master/sprites/pokemon/1005.png,https://www.phygitals.com/pokemon/1005,,,https://www.phygitals.com/pokemon/generation/9
9,Iron-valiant,,https://raw.githubusercontent.com/PokeAPI/sprites/master/sprites/pokemon/1006.png,https://www.phygitals.com/pokemon/1006,,,https://www.phygitals.com/pokemon/generation/9
9,Koraidon,,https://raw.githubusercontent.com/PokeAPI/sprites/master/sprites/pokemon/1007.png,https://www.phygitals.com/pokemon/1007,,,https://www.phygitals.com/pokemon/generation/9
9,Miraidon,,https://raw.githubusercontent.com/PokeAPI/sprites/master/sprites/pokemon/1008.png,https://www.phygitals.com/pokemon/1008,,,https://www.phygitals.com/pokemon/generation/9
9,Walking-wake,,https://raw.githubusercontent.com/PokeAPI/sprites/master/sprites/pokemon/1009.png,https://www.phygitals.com/pokemon/1009,,,https://www.phygitals.com/pokemon/generation/9
9,Iron-leaves,,https://raw.githubusercontent.com/PokeAPI/sprites/master/sprites/pokemon/1010.png,https://www.phygitals.com/pokemon/1010,,,https://www.phygitals.com/pokemon/generation/9
9,Dipplin,,https://raw.githubusercontent.com/PokeAPI/sprites/master/sprites/pokemon/1011.png,https://www.phygitals.com/pokemon/1011,,,https://www.phygitals.com/pokemon/generation/9
9,Poltchageist,,https://raw.githubusercontent.com/PokeAPI/sprites/master/sprites/pokemon/1012.png,https://www.phygitals.com/pokemon/1012,,,https://www.phygitals.com/pokemon/generation/9
9,Sinistcha,,https://raw.githubusercontent.com/PokeAPI/sprites/master/sprites/pokemon/1013.png,https://www.phygitals.com/pokemon/1013,,,https://www.phygitals.com/pokemon/generation/9
9,Okidogi,,https://raw.githubusercontent.com/PokeAPI/sprites/master/sprites/pokemon/1014.png,https://www.phygitals.com/pokemon/1014,,,https://www.phygitals.com/pokemon/generation/9
9,Munkidori,,https://raw.githubusercontent.com/PokeAPI/sprites/master/sprites/pokemon/1015.png,https://www.phygitals.com/pokemon/1015,,,https://www.phygitals.com/pokemon/generation/9
9,Fezandipiti,,https://raw.githubusercontent.com/PokeAPI/sprites/master/sprites/pokemon/1016.png,https://www.phygitals.com/pokemon/1016,,,https://www.phygitals.com/pokemon/generation/9
9,Ogerpon,,https://raw.githubusercontent.com/PokeAPI/sprites/master/sprites/pokemon/1017.png,https://www.phygitals.com/pokemon/1017,,,https://www.phygitals.com/pokemon/generation/9
9,Archaludon,,https://raw.githubusercontent.com/PokeAPI/sprites/master/sprites/pokemon/1018.png,https://www.phygitals.com/pokemon/1018,,,https://www.phygitals.com/pokemon/generation/9
9,Hydrapple,,https://raw.githubusercontent.com/PokeAPI/sprites/master/sprites/pokemon/1019.png,https://www.phygitals.com/pokemon/1019,,,https://www.phygitals.com/pokemon/generation/9
9,Gouging-fire,,https://raw.githubusercontent.com/PokeAPI/sprites/master/sprites/pokemon/1020.png,https://www.phygitals.com/pokemon/1020,,,https://www.phygitals.com/pokemon/generation/9
9,Raging-bolt,,https://raw.githubusercontent.com/PokeAPI/sprites/master/sprites/pokemon/1021.png,https://www.phygitals.com/pokemon/1021,,,https://www.phygitals.com/pokemon/generation/9
9,Iron-boulder,,https://raw.githubusercontent.com/PokeAPI/sprites/master/sprites/pokemon/1022.png,https://www.phygitals.com/pokemon/1022,,,https://www.phygitals.com/pokemon/generation/9
9,Iron-crown,,https://raw.githubusercontent.com/PokeAPI/sprites/master/sprites/pokemon/1023.png,https://www.phygitals.com/pokemon/1023,,,https://www.phygitals.com/pokemon/generation/9
9,Terapagos,,https://raw.githubusercontent.com/PokeAPI/sprites/master/sprites/pokemon/1024.png,https://www.phygitals.com/pokemon/1024,,,https://www.phygitals.com/pokemon/generation/9
9,Pecharunt,,https://raw.githubusercontent.com/PokeAPI/sprites/master/sprites/pokemon/1025.png,https://www.phygitals.com/pokemon/1025,,,https://www.phygitals.com/pokemon/generation/9
9,,,https://t.co/1/i/adsct?bci=4&dv=Asia%2FCalcutta%26en-US%2Cen%26Google%20Inc.%26Win32%26255%26800%26600%2612%2624%26800%26600%260%26na&eci=3&event=%7B%7D&event_id=c6739f4c-0edc-4df3-82d0-dec310f522c9&integration=gtm&p_id=Twitter&p_user_id=0&pl_id=1e83d41b-0097-4c5a-9434-a2e79384ceb1&pt=Phygitals%20-%20Your%20Gateway%20to%20Physical%20%26%20Digital%20Collectibles&tw_document_href=https%3A%2F%2Fwww.phygitals.com%2Fpokemon%2Fgeneration%2F9&tw_iframe_status=0&txn_id=og5w0&type=javascript&version=2.3.34,,,,https://www.phygitals.com/pokemon/generation/9
9,,,https://analytics.twitter.com/1/i/adsct?bci=4&dv=Asia%2FCalcutta%26en-US%2Cen%26Google%20Inc.%26Win32%26255%26800%26600%2612%2624%26800%26600%260%26na&eci=3&event=%7B%7D&event_id=c6739f4c-0edc-4df3-82d0-dec310f522c9&integration=gtm&p_id=Twitter&p_user_id=0&pl_id=1e83d41b-0097-4c5a-9434-a2e79384ceb1&pt=Phygitals%20-%20Your%20Gateway%20to%20Physical%20%26%20Digital%20Collectibles&tw_document_href=https%3A%2F%2Fwww.phygitals.com%2Fpokemon%2Fgeneration%2F9&tw_iframe_status=0&txn_id=og5w0&type=javascript&version=2.3.34,,,,https://www.phygitals.com/pokemon/generation/9
