pokemon_id,pokemon_name,generation,pokemon_url,source_generation_url,full_listing_name,listing_price,fmv,currency,listings_available,floor_price,alt_xyz_sales
1,Bulbasaur,1,https://www.phygitals.com/pokemon/1,https://www.phygitals.com/pokemon/generation/1,Bulbasaur,$275,,USD,,,[]
2,Ivysaur,1,https://www.phygitals.com/pokemon/2,https://www.phygitals.com/pokemon/generation/1,Ivysaur,$178,,USD,,,[]
3,Venusaur,1,https://www.phygitals.com/pokemon/3,https://www.phygitals.com/pokemon/generation/1,,,,,,,[]
4,Charmander,1,https://www.phygitals.com/pokemon/4,https://www.phygitals.com/pokemon/generation/1,,,,,,,[]
5,Charmeleon,1,https://www.phygitals.com/pokemon/5,https://www.phygitals.com/pokemon/generation/1,,,,,,,[]
6,Charizard,1,https://www.phygitals.com/pokemon/6,https://www.phygitals.com/pokemon/generation/1,,,,,,,[]
7,Squirtle,1,https://www.phygitals.com/pokemon/7,https://www.phygitals.com/pokemon/generation/1,,,,,,,[]
8,Wartortle,1,https://www.phygitals.com/pokemon/8,https://www.phygitals.com/pokemon/generation/1,,,,,,,[]
9,Blastoise,1,https://www.phygitals.com/pokemon/9,https://www.phygitals.com/pokemon/generation/1,,,,,,,[]
10,Caterpie,1,https://www.phygitals.com/pokemon/10,https://www.phygitals.com/pokemon/generation/1,,,,,,,[]
11,Metapod,1,https://www.phygitals.com/pokemon/11,https://www.phygitals.com/pokemon/generation/1,,,,,,,[]
12,Butterfree,1,https://www.phygitals.com/pokemon/12,https://www.phygitals.com/pokemon/generation/1,,,,,,,[]
13,Weedle,1,https://www.phygitals.com/pokemon/13,https://www.phygitals.com/pokemon/generation/1,,,,,,,[]
14,Kakuna,1,https://www.phygitals.com/pokemon/14,https://www.phygitals.com/pokemon/generation/1,,,,,,,[]
15,Beedrill,1,https://www.phygitals.com/pokemon/15,https://www.phygitals.com/pokemon/generation/1,,,,,,,[]
16,Pidgey,1,https://www.phygitals.com/pokemon/16,https://www.phygitals.com/pokemon/generation/1,,,,,,,[]
17,Pidgeotto,1,https://www.phygitals.com/pokemon/17,https://www.phygitals.com/pokemon/generation/1,,,,,,,[]
18,Pidgeot,1,https://www.phygitals.com/pokemon/18,https://www.phygitals.com/pokemon/generation/1,,,,,,,[]
19,Rattata,1,https://www.phygitals.com/pokemon/19,https://www.phygitals.com/pokemon/generation/1,,,,,,,[]
20,Raticate,1,https://www.phygitals.com/pokemon/20,https://www.phygitals.com/pokemon/generation/1,,,,,,,[]
21,Spearow,1,https://www.phygitals.com/pokemon/21,https://www.phygitals.com/pokemon/generation/1,,,,,,,[]
22,Fearow,1,https://www.phygitals.com/pokemon/22,https://www.phygitals.com/pokemon/generation/1,,,,,,,[]
23,Ekans,1,https://www.phygitals.com/pokemon/23,https://www.phygitals.com/pokemon/generation/1,,,,,,,[]
24,Arbok,1,https://www.phygitals.com/pokemon/24,https://www.phygitals.com/pokemon/generation/1,,,,,,,[]
25,Pikachu,1,https://www.phygitals.com/pokemon/25,https://www.phygitals.com/pokemon/generation/1,,,,,,,[]
26,Raichu,1,https://www.phygitals.com/pokemon/26,https://www.phygitals.com/pokemon/generation/1,,,,,,,[]
27,Sandshrew,1,https://www.phygitals.com/pokemon/27,https://www.phygitals.com/pokemon/generation/1,,,,,,,[]
28,Sandslash,1,https://www.phygitals.com/pokemon/28,https://www.phygitals.com/pokemon/generation/1,,,,,,,[]
29,Nidoran-f,1,https://www.phygitals.com/pokemon/29,https://www.phygitals.com/pokemon/generation/1,,,,,,,[]
30,Nidorina,1,https://www.phygitals.com/pokemon/30,https://www.phygitals.com/pokemon/generation/1,,,,,,,[]
31,Nidoqueen,1,https://www.phygitals.com/pokemon/31,https://www.phygitals.com/pokemon/generation/1,,,,,,,[]
32,Nidoran-m,1,https://www.phygitals.com/pokemon/32,https://www.phygitals.com/pokemon/generation/1,,,,,,,[]
33,Nidorino,1,https://www.phygitals.com/pokemon/33,https://www.phygitals.com/pokemon/generation/1,,,,,,,[]
34,Nidoking,1,https://www.phygitals.com/pokemon/34,https://www.phygitals.com/pokemon/generation/1,,,,,,,[]
35,Clefairy,1,https://www.phygitals.com/pokemon/35,https://www.phygitals.com/pokemon/generation/1,,,,,,,[]
36,Clefable,1,https://www.phygitals.com/pokemon/36,https://www.phygitals.com/pokemon/generation/1,,,,,,,[]
37,Vulpix,1,https://www.phygitals.com/pokemon/37,https://www.phygitals.com/pokemon/generation/1,,,,,,,[]
38,Ninetales,1,https://www.phygitals.com/pokemon/38,https://www.phygitals.com/pokemon/generation/1,,,,,,,[]
39,Jigglypuff,1,https://www.phygitals.com/pokemon/39,https://www.phygitals.com/pokemon/generation/1,,,,,,,[]
40,Wigglytuff,1,https://www.phygitals.com/pokemon/40,https://www.phygitals.com/pokemon/generation/1,,,,,,,[]
41,Zubat,1,https://www.phygitals.com/pokemon/41,https://www.phygitals.com/pokemon/generation/1,,,,,,,[]
42,Golbat,1,https://www.phygitals.com/pokemon/42,https://www.phygitals.com/pokemon/generation/1,,,,,,,[]
43,Oddish,1,https://www.phygitals.com/pokemon/43,https://www.phygitals.com/pokemon/generation/1,,,,,,,[]
44,Gloom,1,https://www.phygitals.com/pokemon/44,https://www.phygitals.com/pokemon/generation/1,,,,,,,[]
45,Vileplume,1,https://www.phygitals.com/pokemon/45,https://www.phygitals.com/pokemon/generation/1,,,,,,,[]
46,Paras,1,https://www.phygitals.com/pokemon/46,https://www.phygitals.com/pokemon/generation/1,,,,,,,[]
47,Parasect,1,https://www.phygitals.com/pokemon/47,https://www.phygitals.com/pokemon/generation/1,,,,,,,[]
48,Venonat,1,https://www.phygitals.com/pokemon/48,https://www.phygitals.com/pokemon/generation/1,,,,,,,[]
49,Venomoth,1,https://www.phygitals.com/pokemon/49,https://www.phygitals.com/pokemon/generation/1,,,,,,,[]
50,Diglett,1,https://www.phygitals.com/pokemon/50,https://www.phygitals.com/pokemon/generation/1,,,,,,,[]
51,Dugtrio,1,https://www.phygitals.com/pokemon/51,https://www.phygitals.com/pokemon/generation/1,,,,,,,[]
52,Meowth,1,https://www.phygitals.com/pokemon/52,https://www.phygitals.com/pokemon/generation/1,,,,,,,[]
53,Persian,1,https://www.phygitals.com/pokemon/53,https://www.phygitals.com/pokemon/generation/1,,,,,,,[]
54,Psyduck,1,https://www.phygitals.com/pokemon/54,https://www.phygitals.com/pokemon/generation/1,,,,,,,[]
55,Golduck,1,https://www.phygitals.com/pokemon/55,https://www.phygitals.com/pokemon/generation/1,,,,,,,[]
56,Mankey,1,https://www.phygitals.com/pokemon/56,https://www.phygitals.com/pokemon/generation/1,,,,,,,[]
57,Primeape,1,https://www.phygitals.com/pokemon/57,https://www.phygitals.com/pokemon/generation/1,,,,,,,[]
58,Growlithe,1,https://www.phygitals.com/pokemon/58,https://www.phygitals.com/pokemon/generation/1,,,,,,,[]
59,Arcanine,1,https://www.phygitals.com/pokemon/59,https://www.phygitals.com/pokemon/generation/1,,,,,,,[]
60,Poliwag,1,https://www.phygitals.com/pokemon/60,https://www.phygitals.com/pokemon/generation/1,,,,,,,[]
61,Poliwhirl,1,https://www.phygitals.com/pokemon/61,https://www.phygitals.com/pokemon/generation/1,,,,,,,[]
62,Poliwrath,1,https://www.phygitals.com/pokemon/62,https://www.phygitals.com/pokemon/generation/1,,,,,,,[]
63,Abra,1,https://www.phygitals.com/pokemon/63,https://www.phygitals.com/pokemon/generation/1,,,,,,,[]
64,Kadabra,1,https://www.phygitals.com/pokemon/64,https://www.phygitals.com/pokemon/generation/1,,,,,,,[]
65,Alakazam,1,https://www.phygitals.com/pokemon/65,https://www.phygitals.com/pokemon/generation/1,,,,,,,[]
66,Machop,1,https://www.phygitals.com/pokemon/66,https://www.phygitals.com/pokemon/generation/1,,,,,,,[]
67,Machoke,1,https://www.phygitals.com/pokemon/67,https://www.phygitals.com/pokemon/generation/1,,,,,,,[]
68,Machamp,1,https://www.phygitals.com/pokemon/68,https://www.phygitals.com/pokemon/generation/1,,,,,,,[]
69,Bellsprout,1,https://www.phygitals.com/pokemon/69,https://www.phygitals.com/pokemon/generation/1,,,,,,,[]
70,Weepinbell,1,https://www.phygitals.com/pokemon/70,https://www.phygitals.com/pokemon/generation/1,,,,,,,[]
71,Victreebel,1,https://www.phygitals.com/pokemon/71,https://www.phygitals.com/pokemon/generation/1,,,,,,,[]
72,Tentacool,1,https://www.phygitals.com/pokemon/72,https://www.phygitals.com/pokemon/generation/1,,,,,,,[]
73,Tentacruel,1,https://www.phygitals.com/pokemon/73,https://www.phygitals.com/pokemon/generation/1,,,,,,,[]
74,Geodude,1,https://www.phygitals.com/pokemon/74,https://www.phygitals.com/pokemon/generation/1,,,,,,,[]
75,Graveler,1,https://www.phygitals.com/pokemon/75,https://www.phygitals.com/pokemon/generation/1,,,,,,,[]
76,Golem,1,https://www.phygitals.com/pokemon/76,https://www.phygitals.com/pokemon/generation/1,,,,,,,[]
77,Ponyta,1,https://www.phygitals.com/pokemon/77,https://www.phygitals.com/pokemon/generation/1,,,,,,,[]
78,Rapidash,1,https://www.phygitals.com/pokemon/78,https://www.phygitals.com/pokemon/generation/1,,,,,,,[]
79,Slowpoke,1,https://www.phygitals.com/pokemon/79,https://www.phygitals.com/pokemon/generation/1,,,,,,,[]
80,Slowbro,1,https://www.phygitals.com/pokemon/80,https://www.phygitals.com/pokemon/generation/1,,,,,,,[]
81,Magnemite,1,https://www.phygitals.com/pokemon/81,https://www.phygitals.com/pokemon/generation/1,,,,,,,[]
82,Magneton,1,https://www.phygitals.com/pokemon/82,https://www.phygitals.com/pokemon/generation/1,,,,,,,[]
83,Farfetchd,1,https://www.phygitals.com/pokemon/83,https://www.phygitals.com/pokemon/generation/1,,,,,,,[]
84,Doduo,1,https://www.phygitals.com/pokemon/84,https://www.phygitals.com/pokemon/generation/1,,,,,,,[]
85,Dodrio,1,https://www.phygitals.com/pokemon/85,https://www.phygitals.com/pokemon/generation/1,,,,,,,[]
86,Seel,1,https://www.phygitals.com/pokemon/86,https://www.phygitals.com/pokemon/generation/1,,,,,,,[]
87,Dewgong,1,https://www.phygitals.com/pokemon/87,https://www.phygitals.com/pokemon/generation/1,,,,,,,[]
88,Grimer,1,https://www.phygitals.com/pokemon/88,https://www.phygitals.com/pokemon/generation/1,,,,,,,[]
89,Muk,1,https://www.phygitals.com/pokemon/89,https://www.phygitals.com/pokemon/generation/1,,,,,,,[]
90,Shellder,1,https://www.phygitals.com/pokemon/90,https://www.phygitals.com/pokemon/generation/1,,,,,,,[]
91,Cloyster,1,https://www.phygitals.com/pokemon/91,https://www.phygitals.com/pokemon/generation/1,,,,,,,[]
92,Gastly,1,https://www.phygitals.com/pokemon/92,https://www.phygitals.com/pokemon/generation/1,,,,,,,[]
93,Haunter,1,https://www.phygitals.com/pokemon/93,https://www.phygitals.com/pokemon/generation/1,,,,,,,[]
94,Gengar,1,https://www.phygitals.com/pokemon/94,https://www.phygitals.com/pokemon/generation/1,,,,,,,[]
95,Onix,1,https://www.phygitals.com/pokemon/95,https://www.phygitals.com/pokemon/generation/1,,,,,,,[]
96,Drowzee,1,https://www.phygitals.com/pokemon/96,https://www.phygitals.com/pokemon/generation/1,,,,,,,[]
97,Hypno,1,https://www.phygitals.com/pokemon/97,https://www.phygitals.com/pokemon/generation/1,,,,,,,[]
98,Krabby,1,https://www.phygitals.com/pokemon/98,https://www.phygitals.com/pokemon/generation/1,,,,,,,[]
99,Kingler,1,https://www.phygitals.com/pokemon/99,https://www.phygitals.com/pokemon/generation/1,,,,,,,[]
100,Voltorb,1,https://www.phygitals.com/pokemon/100,https://www.phygitals.com/pokemon/generation/1,,,,,,,[]
101,Electrode,1,https://www.phygitals.com/pokemon/101,https://www.phygitals.com/pokemon/generation/1,,,,,,,[]
102,Exeggcute,1,https://www.phygitals.com/pokemon/102,https://www.phygitals.com/pokemon/generation/1,,,,,,,[]
103,Exeggutor,1,https://www.phygitals.com/pokemon/103,https://www.phygitals.com/pokemon/generation/1,,,,,,,[]
104,Cubone,1,https://www.phygitals.com/pokemon/104,https://www.phygitals.com/pokemon/generation/1,,,,,,,[]
105,Marowak,1,https://www.phygitals.com/pokemon/105,https://www.phygitals.com/pokemon/generation/1,,,,,,,[]
106,Hitmonlee,1,https://www.phygitals.com/pokemon/106,https://www.phygitals.com/pokemon/generation/1,,,,,,,[]
107,Hitmonchan,1,https://www.phygitals.com/pokemon/107,https://www.phygitals.com/pokemon/generation/1,,,,,,,[]
108,Lickitung,1,https://www.phygitals.com/pokemon/108,https://www.phygitals.com/pokemon/generation/1,,,,,,,[]
109,Koffing,1,https://www.phygitals.com/pokemon/109,https://www.phygitals.com/pokemon/generation/1,,,,,,,[]
110,Weezing,1,https://www.phygitals.com/pokemon/110,https://www.phygitals.com/pokemon/generation/1,,,,,,,[]
111,Rhyhorn,1,https://www.phygitals.com/pokemon/111,https://www.phygitals.com/pokemon/generation/1,,,,,,,[]
112,Rhydon,1,https://www.phygitals.com/pokemon/112,https://www.phygitals.com/pokemon/generation/1,,,,,,,[]
113,Chansey,1,https://www.phygitals.com/pokemon/113,https://www.phygitals.com/pokemon/generation/1,,,,,,,[]
114,Tangela,1,https://www.phygitals.com/pokemon/114,https://www.phygitals.com/pokemon/generation/1,,,,,,,[]
115,Kangaskhan,1,https://www.phygitals.com/pokemon/115,https://www.phygitals.com/pokemon/generation/1,,,,,,,[]
116,Horsea,1,https://www.phygitals.com/pokemon/116,https://www.phygitals.com/pokemon/generation/1,,,,,,,[]
117,Seadra,1,https://www.phygitals.com/pokemon/117,https://www.phygitals.com/pokemon/generation/1,,,,,,,[]
118,Goldeen,1,https://www.phygitals.com/pokemon/118,https://www.phygitals.com/pokemon/generation/1,,,,,,,[]
119,Seaking,1,https://www.phygitals.com/pokemon/119,https://www.phygitals.com/pokemon/generation/1,,,,,,,[]
120,Staryu,1,https://www.phygitals.com/pokemon/120,https://www.phygitals.com/pokemon/generation/1,,,,,,,[]
121,Starmie,1,https://www.phygitals.com/pokemon/121,https://www.phygitals.com/pokemon/generation/1,,,,,,,[]
122,Mr-mime,1,https://www.phygitals.com/pokemon/122,https://www.phygitals.com/pokemon/generation/1,,,,,,,[]
123,Scyther,1,https://www.phygitals.com/pokemon/123,https://www.phygitals.com/pokemon/generation/1,,,,,,,[]
124,Jynx,1,https://www.phygitals.com/pokemon/124,https://www.phygitals.com/pokemon/generation/1,,,,,,,[]
125,Electabuzz,1,https://www.phygitals.com/pokemon/125,https://www.phygitals.com/pokemon/generation/1,,,,,,,[]
126,Magmar,1,https://www.phygitals.com/pokemon/126,https://www.phygitals.com/pokemon/generation/1,,,,,,,[]
127,Pinsir,1,https://www.phygitals.com/pokemon/127,https://www.phygitals.com/pokemon/generation/1,,,,,,,[]
128,Tauros,1,https://www.phygitals.com/pokemon/128,https://www.phygitals.com/pokemon/generation/1,,,,,,,[]
129,Magikarp,1,https://www.phygitals.com/pokemon/129,https://www.phygitals.com/pokemon/generation/1,,,,,,,[]
130,Gyarados,1,https://www.phygitals.com/pokemon/130,https://www.phygitals.com/pokemon/generation/1,,,,,,,[]
131,Lapras,1,https://www.phygitals.com/pokemon/131,https://www.phygitals.com/pokemon/generation/1,,,,,,,[]
132,Ditto,1,https://www.phygitals.com/pokemon/132,https://www.phygitals.com/pokemon/generation/1,,,,,,,[]
133,Eevee,1,https://www.phygitals.com/pokemon/133,https://www.phygitals.com/pokemon/generation/1,,,,,,,[]
134,Vaporeon,1,https://www.phygitals.com/pokemon/134,https://www.phygitals.com/pokemon/generation/1,,,,,,,[]
135,Jolteon,1,https://www.phygitals.com/pokemon/135,https://www.phygitals.com/pokemon/generation/1,,,,,,,[]
136,Flareon,1,https://www.phygitals.com/pokemon/136,https://www.phygitals.com/pokemon/generation/1,,,,,,,[]
137,Porygon,1,https://www.phygitals.com/pokemon/137,https://www.phygitals.com/pokemon/generation/1,,,,,,,[]
138,Omanyte,1,https://www.phygitals.com/pokemon/138,https://www.phygitals.com/pokemon/generation/1,,,,,,,[]
139,Omastar,1,https://www.phygitals.com/pokemon/139,https://www.phygitals.com/pokemon/generation/1,,,,,,,[]
140,Kabuto,1,https://www.phygitals.com/pokemon/140,https://www.phygitals.com/pokemon/generation/1,,,,,,,[]
141,Kabutops,1,https://www.phygitals.com/pokemon/141,https://www.phygitals.com/pokemon/generation/1,,,,,,,[]
142,Aerodactyl,1,https://www.phygitals.com/pokemon/142,https://www.phygitals.com/pokemon/generation/1,,,,,,,[]
143,Snorlax,1,https://www.phygitals.com/pokemon/143,https://www.phygitals.com/pokemon/generation/1,,,,,,,[]
144,Articuno,1,https://www.phygitals.com/pokemon/144,https://www.phygitals.com/pokemon/generation/1,,,,,,,[]
145,Zapdos,1,https://www.phygitals.com/pokemon/145,https://www.phygitals.com/pokemon/generation/1,,,,,,,[]
146,Moltres,1,https://www.phygitals.com/pokemon/146,https://www.phygitals.com/pokemon/generation/1,,,,,,,[]
147,Dratini,1,https://www.phygitals.com/pokemon/147,https://www.phygitals.com/pokemon/generation/1,,,,,,,[]
148,Dragonair,1,https://www.phygitals.com/pokemon/148,https://www.phygitals.com/pokemon/generation/1,,,,,,,[]
149,Dragonite,1,https://www.phygitals.com/pokemon/149,https://www.phygitals.com/pokemon/generation/1,,,,,,,[]
150,Mewtwo,1,https://www.phygitals.com/pokemon/150,https://www.phygitals.com/pokemon/generation/1,,,,,,,[]
151,Mew,1,https://www.phygitals.com/pokemon/151,https://www.phygitals.com/pokemon/generation/1,,,,,,,[]
152,Chikorita,2,https://www.phygitals.com/pokemon/152,https://www.phygitals.com/pokemon/generation/2,,,,,,,[]
153,Bayleef,2,https://www.phygitals.com/pokemon/153,https://www.phygitals.com/pokemon/generation/2,,,,,,,[]
154,Meganium,2,https://www.phygitals.com/pokemon/154,https://www.phygitals.com/pokemon/generation/2,,,,,,,[]
155,Cyndaquil,2,https://www.phygitals.com/pokemon/155,https://www.phygitals.com/pokemon/generation/2,,,,,,,[]
156,Quilava,2,https://www.phygitals.com/pokemon/156,https://www.phygitals.com/pokemon/generation/2,,,,,,,[]
157,Typhlosion,2,https://www.phygitals.com/pokemon/157,https://www.phygitals.com/pokemon/generation/2,,,,,,,[]
158,Totodile,2,https://www.phygitals.com/pokemon/158,https://www.phygitals.com/pokemon/generation/2,,,,,,,[]
159,Croconaw,2,https://www.phygitals.com/pokemon/159,https://www.phygitals.com/pokemon/generation/2,,,,,,,[]
160,Feraligatr,2,https://www.phygitals.com/pokemon/160,https://www.phygitals.com/pokemon/generation/2,,,,,,,[]
161,Sentret,2,https://www.phygitals.com/pokemon/161,https://www.phygitals.com/pokemon/generation/2,,,,,,,[]
162,Furret,2,https://www.phygitals.com/pokemon/162,https://www.phygitals.com/pokemon/generation/2,,,,,,,[]
163,Hoothoot,2,https://www.phygitals.com/pokemon/163,https://www.phygitals.com/pokemon/generation/2,,,,,,,[]
164,Noctowl,2,https://www.phygitals.com/pokemon/164,https://www.phygitals.com/pokemon/generation/2,,,,,,,[]
165,Ledyba,2,https://www.phygitals.com/pokemon/165,https://www.phygitals.com/pokemon/generation/2,,,,,,,[]
166,Ledian,2,https://www.phygitals.com/pokemon/166,https://www.phygitals.com/pokemon/generation/2,,,,,,,[]
167,Spinarak,2,https://www.phygitals.com/pokemon/167,https://www.phygitals.com/pokemon/generation/2,,,,,,,[]
168,Ariados,2,https://www.phygitals.com/pokemon/168,https://www.phygitals.com/pokemon/generation/2,,,,,,,[]
169,Crobat,2,https://www.phygitals.com/pokemon/169,https://www.phygitals.com/pokemon/generation/2,,,,,,,[]
170,Chinchou,2,https://www.phygitals.com/pokemon/170,https://www.phygitals.com/pokemon/generation/2,,,,,,,[]
171,Lanturn,2,https://www.phygitals.com/pokemon/171,https://www.phygitals.com/pokemon/generation/2,,,,,,,[]
172,Pichu,2,https://www.phygitals.com/pokemon/172,https://www.phygitals.com/pokemon/generation/2,,,,,,,[]
173,Cleffa,2,https://www.phygitals.com/pokemon/173,https://www.phygitals.com/pokemon/generation/2,,,,,,,[]
174,Igglybuff,2,https://www.phygitals.com/pokemon/174,https://www.phygitals.com/pokemon/generation/2,,,,,,,[]
175,Togepi,2,https://www.phygitals.com/pokemon/175,https://www.phygitals.com/pokemon/generation/2,,,,,,,[]
176,Togetic,2,https://www.phygitals.com/pokemon/176,https://www.phygitals.com/pokemon/generation/2,,,,,,,[]
177,Natu,2,https://www.phygitals.com/pokemon/177,https://www.phygitals.com/pokemon/generation/2,,,,,,,[]
178,Xatu,2,https://www.phygitals.com/pokemon/178,https://www.phygitals.com/pokemon/generation/2,,,,,,,[]
179,Mareep,2,https://www.phygitals.com/pokemon/179,https://www.phygitals.com/pokemon/generation/2,,,,,,,[]
180,Flaaffy,2,https://www.phygitals.com/pokemon/180,https://www.phygitals.com/pokemon/generation/2,,,,,,,[]
181,Ampharos,2,https://www.phygitals.com/pokemon/181,https://www.phygitals.com/pokemon/generation/2,,,,,,,[]
182,Bellossom,2,https://www.phygitals.com/pokemon/182,https://www.phygitals.com/pokemon/generation/2,,,,,,,[]
183,Marill,2,https://www.phygitals.com/pokemon/183,https://www.phygitals.com/pokemon/generation/2,,,,,,,[]
184,Azumarill,2,https://www.phygitals.com/pokemon/184,https://www.phygitals.com/pokemon/generation/2,,,,,,,[]
185,Sudowoodo,2,https://www.phygitals.com/pokemon/185,https://www.phygitals.com/pokemon/generation/2,,,,,,,[]
186,Politoed,2,https://www.phygitals.com/pokemon/186,https://www.phygitals.com/pokemon/generation/2,,,,,,,[]
187,Hoppip,2,https://www.phygitals.com/pokemon/187,https://www.phygitals.com/pokemon/generation/2,,,,,,,[]
188,Skiploom,2,https://www.phygitals.com/pokemon/188,https://www.phygitals.com/pokemon/generation/2,,,,,,,[]
189,Jumpluff,2,https://www.phygitals.com/pokemon/189,https://www.phygitals.com/pokemon/generation/2,,,,,,,[]
190,Aipom,2,https://www.phygitals.com/pokemon/190,https://www.phygitals.com/pokemon/generation/2,,,,,,,[]
191,Sunkern,2,https://www.phygitals.com/pokemon/191,https://www.phygitals.com/pokemon/generation/2,,,,,,,[]
192,Sunflora,2,https://www.phygitals.com/pokemon/192,https://www.phygitals.com/pokemon/generation/2,,,,,,,[]
193,Yanma,2,https://www.phygitals.com/pokemon/193,https://www.phygitals.com/pokemon/generation/2,,,,,,,[]
194,Wooper,2,https://www.phygitals.com/pokemon/194,https://www.phygitals.com/pokemon/generation/2,,,,,,,[]
195,Quagsire,2,https://www.phygitals.com/pokemon/195,https://www.phygitals.com/pokemon/generation/2,,,,,,,[]
196,Espeon,2,https://www.phygitals.com/pokemon/196,https://www.phygitals.com/pokemon/generation/2,,,,,,,[]
197,Umbreon,2,https://www.phygitals.com/pokemon/197,https://www.phygitals.com/pokemon/generation/2,,,,,,,[]
198,Murkrow,2,https://www.phygitals.com/pokemon/198,https://www.phygitals.com/pokemon/generation/2,,,,,,,[]
199,Slowking,2,https://www.phygitals.com/pokemon/199,https://www.phygitals.com/pokemon/generation/2,,,,,,,[]
200,Misdreavus,2,https://www.phygitals.com/pokemon/200,https://www.phygitals.com/pokemon/generation/2,,,,,,,[]
201,Unown,2,https://www.phygitals.com/pokemon/201,https://www.phygitals.com/pokemon/generation/2,,,,,,,[]
202,Wobbuffet,2,https://www.phygitals.com/pokemon/202,https://www.phygitals.com/pokemon/generation/2,,,,,,,[]
203,Girafarig,2,https://www.phygitals.com/pokemon/203,https://www.phygitals.com/pokemon/generation/2,,,,,,,[]
204,Pineco,2,https://www.phygitals.com/pokemon/204,https://www.phygitals.com/pokemon/generation/2,,,,,,,[]
205,Forretress,2,https://www.phygitals.com/pokemon/205,https://www.phygitals.com/pokemon/generation/2,,,,,,,[]
206,Dunsparce,2,https://www.phygitals.com/pokemon/206,https://www.phygitals.com/pokemon/generation/2,,,,,,,[]
207,Gligar,2,https://www.phygitals.com/pokemon/207,https://www.phygitals.com/pokemon/generation/2,,,,,,,[]
208,Steelix,2,https://www.phygitals.com/pokemon/208,https://www.phygitals.com/pokemon/generation/2,,,,,,,[]
209,Snubbull,2,https://www.phygitals.com/pokemon/209,https://www.phygitals.com/pokemon/generation/2,,,,,,,[]
210,Granbull,2,https://www.phygitals.com/pokemon/210,https://www.phygitals.com/pokemon/generation/2,,,,,,,[]
211,Qwilfish,2,https://www.phygitals.com/pokemon/211,https://www.phygitals.com/pokemon/generation/2,,,,,,,[]
212,Scizor,2,https://www.phygitals.com/pokemon/212,https://www.phygitals.com/pokemon/generation/2,,,,,,,[]
213,Shuckle,2,https://www.phygitals.com/pokemon/213,https://www.phygitals.com/pokemon/generation/2,,,,,,,[]
214,Heracross,2,https://www.phygitals.com/pokemon/214,https://www.phygitals.com/pokemon/generation/2,,,,,,,[]
215,Sneasel,2,https://www.phygitals.com/pokemon/215,https://www.phygitals.com/pokemon/generation/2,,,,,,,[]
216,Teddiursa,2,https://www.phygitals.com/pokemon/216,https://www.phygitals.com/pokemon/generation/2,,,,,,,[]
217,Ursaring,2,https://www.phygitals.com/pokemon/217,https://www.phygitals.com/pokemon/generation/2,,,,,,,[]
218,Slugma,2,https://www.phygitals.com/pokemon/218,https://www.phygitals.com/pokemon/generation/2,,,,,,,[]
219,Magcargo,2,https://www.phygitals.com/pokemon/219,https://www.phygitals.com/pokemon/generation/2,,,,,,,[]
220,Swinub,2,https://www.phygitals.com/pokemon/220,https://www.phygitals.com/pokemon/generation/2,,,,,,,[]
221,Piloswine,2,https://www.phygitals.com/pokemon/221,https://www.phygitals.com/pokemon/generation/2,,,,,,,[]
222,Corsola,2,https://www.phygitals.com/pokemon/222,https://www.phygitals.com/pokemon/generation/2,,,,,,,[]
223,Remoraid,2,https://www.phygitals.com/pokemon/223,https://www.phygitals.com/pokemon/generation/2,,,,,,,[]
224,Octillery,2,https://www.phygitals.com/pokemon/224,https://www.phygitals.com/pokemon/generation/2,,,,,,,[]
225,Delibird,2,https://www.phygitals.com/pokemon/225,https://www.phygitals.com/pokemon/generation/2,,,,,,,[]
226,Mantine,2,https://www.phygitals.com/pokemon/226,https://www.phygitals.com/pokemon/generation/2,,,,,,,[]
227,Skarmory,2,https://www.phygitals.com/pokemon/227,https://www.phygitals.com/pokemon/generation/2,,,,,,,[]
228,Houndour,2,https://www.phygitals.com/pokemon/228,https://www.phygitals.com/pokemon/generation/2,,,,,,,[]
229,Houndoom,2,https://www.phygitals.com/pokemon/229,https://www.phygitals.com/pokemon/generation/2,,,,,,,[]
230,Kingdra,2,https://www.phygitals.com/pokemon/230,https://www.phygitals.com/pokemon/generation/2,,,,,,,[]
231,Phanpy,2,https://www.phygitals.com/pokemon/231,https://www.phygitals.com/pokemon/generation/2,,,,,,,[]
232,Donphan,2,https://www.phygitals.com/pokemon/232,https://www.phygitals.com/pokemon/generation/2,,,,,,,[]
233,Porygon2,2,https://www.phygitals.com/pokemon/233,https://www.phygitals.com/pokemon/generation/2,,,,,,,[]
234,Stantler,2,https://www.phygitals.com/pokemon/234,https://www.phygitals.com/pokemon/generation/2,,,,,,,[]
235,Smeargle,2,https://www.phygitals.com/pokemon/235,https://www.phygitals.com/pokemon/generation/2,,,,,,,[]
236,Tyrogue,2,https://www.phygitals.com/pokemon/236,https://www.phygitals.com/pokemon/generation/2,,,,,,,[]
237,Hitmontop,2,https://www.phygitals.com/pokemon/237,https://www.phygitals.com/pokemon/generation/2,,,,,,,[]
238,Smoochum,2,https://www.phygitals.com/pokemon/238,https://www.phygitals.com/pokemon/generation/2,,,,,,,[]
239,Elekid,2,https://www.phygitals.com/pokemon/239,https://www.phygitals.com/pokemon/generation/2,,,,,,,[]
240,Magby,2,https://www.phygitals.com/pokemon/240,https://www.phygitals.com/pokemon/generation/2,,,,,,,[]
241,Miltank,2,https://www.phygitals.com/pokemon/241,https://www.phygitals.com/pokemon/generation/2,,,,,,,[]
242,Blissey,2,https://www.phygitals.com/pokemon/242,https://www.phygitals.com/pokemon/generation/2,,,,,,,[]
243,Raikou,2,https://www.phygitals.com/pokemon/243,https://www.phygitals.com/pokemon/generation/2,,,,,,,[]
244,Entei,2,https://www.phygitals.com/pokemon/244,https://www.phygitals.com/pokemon/generation/2,,,,,,,[]
245,Suicune,2,https://www.phygitals.com/pokemon/245,https://www.phygitals.com/pokemon/generation/2,,,,,,,[]
246,Larvitar,2,https://www.phygitals.com/pokemon/246,https://www.phygitals.com/pokemon/generation/2,,,,,,,[]
247,Pupitar,2,https://www.phygitals.com/pokemon/247,https://www.phygitals.com/pokemon/generation/2,,,,,,,[]
248,Tyranitar,2,https://www.phygitals.com/pokemon/248,https://www.phygitals.com/pokemon/generation/2,,,,,,,[]
249,Lugia,2,https://www.phygitals.com/pokemon/249,https://www.phygitals.com/pokemon/generation/2,,,,,,,[]
250,Ho-oh,2,https://www.phygitals.com/pokemon/250,https://www.phygitals.com/pokemon/generation/2,,,,,,,[]
251,Celebi,2,https://www.phygitals.com/pokemon/251,https://www.phygitals.com/pokemon/generation/2,,,,,,,[]
252,Treecko,3,https://www.phygitals.com/pokemon/252,https://www.phygitals.com/pokemon/generation/3,,,,,,,[]
253,Grovyle,3,https://www.phygitals.com/pokemon/253,https://www.phygitals.com/pokemon/generation/3,,,,,,,[]
254,Sceptile,3,https://www.phygitals.com/pokemon/254,https://www.phygitals.com/pokemon/generation/3,,,,,,,[]
255,Torchic,3,https://www.phygitals.com/pokemon/255,https://www.phygitals.com/pokemon/generation/3,,,,,,,[]
256,Combusken,3,https://www.phygitals.com/pokemon/256,https://www.phygitals.com/pokemon/generation/3,,,,,,,[]
257,Blaziken,3,https://www.phygitals.com/pokemon/257,https://www.phygitals.com/pokemon/generation/3,,,,,,,[]
258,Mudkip,3,https://www.phygitals.com/pokemon/258,https://www.phygitals.com/pokemon/generation/3,,,,,,,[]
259,Marshtomp,3,https://www.phygitals.com/pokemon/259,https://www.phygitals.com/pokemon/generation/3,,,,,,,[]
260,Swampert,3,https://www.phygitals.com/pokemon/260,https://www.phygitals.com/pokemon/generation/3,,,,,,,[]
261,Poochyena,3,https://www.phygitals.com/pokemon/261,https://www.phygitals.com/pokemon/generation/3,,,,,,,[]
262,Mightyena,3,https://www.phygitals.com/pokemon/262,https://www.phygitals.com/pokemon/generation/3,,,,,,,[]
263,Zigzagoon,3,https://www.phygitals.com/pokemon/263,https://www.phygitals.com/pokemon/generation/3,,,,,,,[]
264,Linoone,3,https://www.phygitals.com/pokemon/264,https://www.phygitals.com/pokemon/generation/3,,,,,,,[]
265,Wurmple,3,https://www.phygitals.com/pokemon/265,https://www.phygitals.com/pokemon/generation/3,,,,,,,[]
266,Silcoon,3,https://www.phygitals.com/pokemon/266,https://www.phygitals.com/pokemon/generation/3,,,,,,,[]
267,Beautifly,3,https://www.phygitals.com/pokemon/267,https://www.phygitals.com/pokemon/generation/3,,,,,,,[]
268,Cascoon,3,https://www.phygitals.com/pokemon/268,https://www.phygitals.com/pokemon/generation/3,,,,,,,[]
269,Dustox,3,https://www.phygitals.com/pokemon/269,https://www.phygitals.com/pokemon/generation/3,,,,,,,[]
270,Lotad,3,https://www.phygitals.com/pokemon/270,https://www.phygitals.com/pokemon/generation/3,,,,,,,[]
271,Lombre,3,https://www.phygitals.com/pokemon/271,https://www.phygitals.com/pokemon/generation/3,,,,,,,[]
272,Ludicolo,3,https://www.phygitals.com/pokemon/272,https://www.phygitals.com/pokemon/generation/3,,,,,,,[]
273,Seedot,3,https://www.phygitals.com/pokemon/273,https://www.phygitals.com/pokemon/generation/3,,,,,,,[]
274,Nuzleaf,3,https://www.phygitals.com/pokemon/274,https://www.phygitals.com/pokemon/generation/3,,,,,,,[]
275,Shiftry,3,https://www.phygitals.com/pokemon/275,https://www.phygitals.com/pokemon/generation/3,,,,,,,[]
276,Taillow,3,https://www.phygitals.com/pokemon/276,https://www.phygitals.com/pokemon/generation/3,,,,,,,[]
277,Swellow,3,https://www.phygitals.com/pokemon/277,https://www.phygitals.com/pokemon/generation/3,,,,,,,[]
278,Wingull,3,https://www.phygitals.com/pokemon/278,https://www.phygitals.com/pokemon/generation/3,,,,,,,[]
279,Pelipper,3,https://www.phygitals.com/pokemon/279,https://www.phygitals.com/pokemon/generation/3,,,,,,,[]
280,Ralts,3,https://www.phygitals.com/pokemon/280,https://www.phygitals.com/pokemon/generation/3,,,,,,,[]
281,Kirlia,3,https://www.phygitals.com/pokemon/281,https://www.phygitals.com/pokemon/generation/3,,,,,,,[]
282,Gardevoir,3,https://www.phygitals.com/pokemon/282,https://www.phygitals.com/pokemon/generation/3,,,,,,,[]
283,Surskit,3,https://www.phygitals.com/pokemon/283,https://www.phygitals.com/pokemon/generation/3,,,,,,,[]
284,Masquerain,3,https://www.phygitals.com/pokemon/284,https://www.phygitals.com/pokemon/generation/3,,,,,,,[]
285,Shroomish,3,https://www.phygitals.com/pokemon/285,https://www.phygitals.com/pokemon/generation/3,,,,,,,[]
286,Breloom,3,https://www.phygitals.com/pokemon/286,https://www.phygitals.com/pokemon/generation/3,,,,,,,[]
287,Slakoth,3,https://www.phygitals.com/pokemon/287,https://www.phygitals.com/pokemon/generation/3,,,,,,,[]
288,Vigoroth,3,https://www.phygitals.com/pokemon/288,https://www.phygitals.com/pokemon/generation/3,,,,,,,[]
289,Slaking,3,https://www.phygitals.com/pokemon/289,https://www.phygitals.com/pokemon/generation/3,,,,,,,[]
290,Nincada,3,https://www.phygitals.com/pokemon/290,https://www.phygitals.com/pokemon/generation/3,,,,,,,[]
291,Ninjask,3,https://www.phygitals.com/pokemon/291,https://www.phygitals.com/pokemon/generation/3,,,,,,,[]
292,Shedinja,3,https://www.phygitals.com/pokemon/292,https://www.phygitals.com/pokemon/generation/3,,,,,,,[]
293,Whismur,3,https://www.phygitals.com/pokemon/293,https://www.phygitals.com/pokemon/generation/3,,,,,,,[]
294,Loudred,3,https://www.phygitals.com/pokemon/294,https://www.phygitals.com/pokemon/generation/3,,,,,,,[]
295,Exploud,3,https://www.phygitals.com/pokemon/295,https://www.phygitals.com/pokemon/generation/3,,,,,,,[]
296,Makuhita,3,https://www.phygitals.com/pokemon/296,https://www.phygitals.com/pokemon/generation/3,,,,,,,[]
297,Hariyama,3,https://www.phygitals.com/pokemon/297,https://www.phygitals.com/pokemon/generation/3,,,,,,,[]
298,Azurill,3,https://www.phygitals.com/pokemon/298,https://www.phygitals.com/pokemon/generation/3,,,,,,,[]
299,Nosepass,3,https://www.phygitals.com/pokemon/299,https://www.phygitals.com/pokemon/generation/3,,,,,,,[]
300,Skitty,3,https://www.phygitals.com/pokemon/300,https://www.phygitals.com/pokemon/generation/3,,,,,,,[]
301,Delcatty,3,https://www.phygitals.com/pokemon/301,https://www.phygitals.com/pokemon/generation/3,,,,,,,[]
302,Sableye,3,https://www.phygitals.com/pokemon/302,https://www.phygitals.com/pokemon/generation/3,,,,,,,[]
303,Mawile,3,https://www.phygitals.com/pokemon/303,https://www.phygitals.com/pokemon/generation/3,,,,,,,[]
304,Aron,3,https://www.phygitals.com/pokemon/304,https://www.phygitals.com/pokemon/generation/3,,,,,,,[]
305,Lairon,3,https://www.phygitals.com/pokemon/305,https://www.phygitals.com/pokemon/generation/3,,,,,,,[]
306,Aggron,3,https://www.phygitals.com/pokemon/306,https://www.phygitals.com/pokemon/generation/3,,,,,,,[]
307,Meditite,3,https://www.phygitals.com/pokemon/307,https://www.phygitals.com/pokemon/generation/3,,,,,,,[]
308,Medicham,3,https://www.phygitals.com/pokemon/308,https://www.phygitals.com/pokemon/generation/3,,,,,,,[]
309,Electrike,3,https://www.phygitals.com/pokemon/309,https://www.phygitals.com/pokemon/generation/3,,,,,,,[]
310,Manectric,3,https://www.phygitals.com/pokemon/310,https://www.phygitals.com/pokemon/generation/3,,,,,,,[]
311,Plusle,3,https://www.phygitals.com/pokemon/311,https://www.phygitals.com/pokemon/generation/3,,,,,,,[]
312,Minun,3,https://www.phygitals.com/pokemon/312,https://www.phygitals.com/pokemon/generation/3,,,,,,,[]
313,Volbeat,3,https://www.phygitals.com/pokemon/313,https://www.phygitals.com/pokemon/generation/3,,,,,,,[]
314,Illumise,3,https://www.phygitals.com/pokemon/314,https://www.phygitals.com/pokemon/generation/3,,,,,,,[]
315,Roselia,3,https://www.phygitals.com/pokemon/315,https://www.phygitals.com/pokemon/generation/3,,,,,,,[]
316,Gulpin,3,https://www.phygitals.com/pokemon/316,https://www.phygitals.com/pokemon/generation/3,,,,,,,[]
317,Swalot,3,https://www.phygitals.com/pokemon/317,https://www.phygitals.com/pokemon/generation/3,,,,,,,[]
318,Carvanha,3,https://www.phygitals.com/pokemon/318,https://www.phygitals.com/pokemon/generation/3,,,,,,,[]
319,Sharpedo,3,https://www.phygitals.com/pokemon/319,https://www.phygitals.com/pokemon/generation/3,,,,,,,[]
320,Wailmer,3,https://www.phygitals.com/pokemon/320,https://www.phygitals.com/pokemon/generation/3,,,,,,,[]
321,Wailord,3,https://www.phygitals.com/pokemon/321,https://www.phygitals.com/pokemon/generation/3,,,,,,,[]
322,Numel,3,https://www.phygitals.com/pokemon/322,https://www.phygitals.com/pokemon/generation/3,,,,,,,[]
323,Camerupt,3,https://www.phygitals.com/pokemon/323,https://www.phygitals.com/pokemon/generation/3,,,,,,,[]
324,Torkoal,3,https://www.phygitals.com/pokemon/324,https://www.phygitals.com/pokemon/generation/3,,,,,,,[]
325,Spoink,3,https://www.phygitals.com/pokemon/325,https://www.phygitals.com/pokemon/generation/3,,,,,,,[]
326,Grumpig,3,https://www.phygitals.com/pokemon/326,https://www.phygitals.com/pokemon/generation/3,,,,,,,[]
327,Spinda,3,https://www.phygitals.com/pokemon/327,https://www.phygitals.com/pokemon/generation/3,,,,,,,[]
328,Trapinch,3,https://www.phygitals.com/pokemon/328,https://www.phygitals.com/pokemon/generation/3,,,,,,,[]
329,Vibrava,3,https://www.phygitals.com/pokemon/329,https://www.phygitals.com/pokemon/generation/3,,,,,,,[]
330,Flygon,3,https://www.phygitals.com/pokemon/330,https://www.phygitals.com/pokemon/generation/3,,,,,,,[]
331,Cacnea,3,https://www.phygitals.com/pokemon/331,https://www.phygitals.com/pokemon/generation/3,,,,,,,[]
332,Cacturne,3,https://www.phygitals.com/pokemon/332,https://www.phygitals.com/pokemon/generation/3,,,,,,,[]
333,Swablu,3,https://www.phygitals.com/pokemon/333,https://www.phygitals.com/pokemon/generation/3,,,,,,,[]
334,Altaria,3,https://www.phygitals.com/pokemon/334,https://www.phygitals.com/pokemon/generation/3,,,,,,,[]
335,Zangoose,3,https://www.phygitals.com/pokemon/335,https://www.phygitals.com/pokemon/generation/3,,,,,,,[]
336,Seviper,3,https://www.phygitals.com/pokemon/336,https://www.phygitals.com/pokemon/generation/3,,,,,,,[]
337,Lunatone,3,https://www.phygitals.com/pokemon/337,https://www.phygitals.com/pokemon/generation/3,,,,,,,[]
338,Solrock,3,https://www.phygitals.com/pokemon/338,https://www.phygitals.com/pokemon/generation/3,,,,,,,[]
339,Barboach,3,https://www.phygitals.com/pokemon/339,https://www.phygitals.com/pokemon/generation/3,,,,,,,[]
340,Whiscash,3,https://www.phygitals.com/pokemon/340,https://www.phygitals.com/pokemon/generation/3,,,,,,,[]
341,Corphish,3,https://www.phygitals.com/pokemon/341,https://www.phygitals.com/pokemon/generation/3,,,,,,,[]
342,Crawdaunt,3,https://www.phygitals.com/pokemon/342,https://www.phygitals.com/pokemon/generation/3,,,,,,,[]
343,Baltoy,3,https://www.phygitals.com/pokemon/343,https://www.phygitals.com/pokemon/generation/3,,,,,,,[]
344,Claydol,3,https://www.phygitals.com/pokemon/344,https://www.phygitals.com/pokemon/generation/3,,,,,,,[]
345,Lileep,3,https://www.phygitals.com/pokemon/345,https://www.phygitals.com/pokemon/generation/3,,,,,,,[]
346,Cradily,3,https://www.phygitals.com/pokemon/346,https://www.phygitals.com/pokemon/generation/3,,,,,,,[]
347,Anorith,3,https://www.phygitals.com/pokemon/347,https://www.phygitals.com/pokemon/generation/3,,,,,,,[]
348,Armaldo,3,https://www.phygitals.com/pokemon/348,https://www.phygitals.com/pokemon/generation/3,,,,,,,[]
349,Feebas,3,https://www.phygitals.com/pokemon/349,https://www.phygitals.com/pokemon/generation/3,,,,,,,[]
350,Milotic,3,https://www.phygitals.com/pokemon/350,https://www.phygitals.com/pokemon/generation/3,,,,,,,[]
351,Castform,3,https://www.phygitals.com/pokemon/351,https://www.phygitals.com/pokemon/generation/3,,,,,,,[]
352,Kecleon,3,https://www.phygitals.com/pokemon/352,https://www.phygitals.com/pokemon/generation/3,,,,,,,[]
353,Shuppet,3,https://www.phygitals.com/pokemon/353,https://www.phygitals.com/pokemon/generation/3,,,,,,,[]
354,Banette,3,https://www.phygitals.com/pokemon/354,https://www.phygitals.com/pokemon/generation/3,,,,,,,[]
355,Duskull,3,https://www.phygitals.com/pokemon/355,https://www.phygitals.com/pokemon/generation/3,,,,,,,[]
356,Dusclops,3,https://www.phygitals.com/pokemon/356,https://www.phygitals.com/pokemon/generation/3,,,,,,,[]
357,Tropius,3,https://www.phygitals.com/pokemon/357,https://www.phygitals.com/pokemon/generation/3,,,,,,,[]
358,Chimecho,3,https://www.phygitals.com/pokemon/358,https://www.phygitals.com/pokemon/generation/3,,,,,,,[]
359,Absol,3,https://www.phygitals.com/pokemon/359,https://www.phygitals.com/pokemon/generation/3,,,,,,,[]
360,Wynaut,3,https://www.phygitals.com/pokemon/360,https://www.phygitals.com/pokemon/generation/3,,,,,,,[]
361,Snorunt,3,https://www.phygitals.com/pokemon/361,https://www.phygitals.com/pokemon/generation/3,,,,,,,[]
362,Glalie,3,https://www.phygitals.com/pokemon/362,https://www.phygitals.com/pokemon/generation/3,,,,,,,[]
363,Spheal,3,https://www.phygitals.com/pokemon/363,https://www.phygitals.com/pokemon/generation/3,,,,,,,[]
364,Sealeo,3,https://www.phygitals.com/pokemon/364,https://www.phygitals.com/pokemon/generation/3,,,,,,,[]
365,Walrein,3,https://www.phygitals.com/pokemon/365,https://www.phygitals.com/pokemon/generation/3,,,,,,,[]
366,Clamperl,3,https://www.phygitals.com/pokemon/366,https://www.phygitals.com/pokemon/generation/3,,,,,,,[]
367,Huntail,3,https://www.phygitals.com/pokemon/367,https://www.phygitals.com/pokemon/generation/3,,,,,,,[]
368,Gorebyss,3,https://www.phygitals.com/pokemon/368,https://www.phygitals.com/pokemon/generation/3,,,,,,,[]
369,Relicanth,3,https://www.phygitals.com/pokemon/369,https://www.phygitals.com/pokemon/generation/3,,,,,,,[]
370,Luvdisc,3,https://www.phygitals.com/pokemon/370,https://www.phygitals.com/pokemon/generation/3,,,,,,,[]
371,Bagon,3,https://www.phygitals.com/pokemon/371,https://www.phygitals.com/pokemon/generation/3,,,,,,,[]
372,Shelgon,3,https://www.phygitals.com/pokemon/372,https://www.phygitals.com/pokemon/generation/3,,,,,,,[]
373,Salamence,3,https://www.phygitals.com/pokemon/373,https://www.phygitals.com/pokemon/generation/3,,,,,,,[]
374,Beldum,3,https://www.phygitals.com/pokemon/374,https://www.phygitals.com/pokemon/generation/3,,,,,,,[]
375,Metang,3,https://www.phygitals.com/pokemon/375,https://www.phygitals.com/pokemon/generation/3,,,,,,,[]
376,Metagross,3,https://www.phygitals.com/pokemon/376,https://www.phygitals.com/pokemon/generation/3,,,,,,,[]
377,Regirock,3,https://www.phygitals.com/pokemon/377,https://www.phygitals.com/pokemon/generation/3,,,,,,,[]
378,Regice,3,https://www.phygitals.com/pokemon/378,https://www.phygitals.com/pokemon/generation/3,,,,,,,[]
379,Registeel,3,https://www.phygitals.com/pokemon/379,https://www.phygitals.com/pokemon/generation/3,,,,,,,[]
380,Latias,3,https://www.phygitals.com/pokemon/380,https://www.phygitals.com/pokemon/generation/3,,,,,,,[]
381,Latios,3,https://www.phygitals.com/pokemon/381,https://www.phygitals.com/pokemon/generation/3,,,,,,,[]
382,Kyogre,3,https://www.phygitals.com/pokemon/382,https://www.phygitals.com/pokemon/generation/3,,,,,,,[]
383,Groudon,3,https://www.phygitals.com/pokemon/383,https://www.phygitals.com/pokemon/generation/3,,,,,,,[]
384,Rayquaza,3,https://www.phygitals.com/pokemon/384,https://www.phygitals.com/pokemon/generation/3,,,,,,,[]
385,Jirachi,3,https://www.phygitals.com/pokemon/385,https://www.phygitals.com/pokemon/generation/3,,,,,,,[]
386,Deoxys,3,https://www.phygitals.com/pokemon/386,https://www.phygitals.com/pokemon/generation/3,,,,,,,[]
387,Turtwig,4,https://www.phygitals.com/pokemon/387,https://www.phygitals.com/pokemon/generation/4,,,,,,,[]
388,Grotle,4,https://www.phygitals.com/pokemon/388,https://www.phygitals.com/pokemon/generation/4,,,,,,,[]
389,Torterra,4,https://www.phygitals.com/pokemon/389,https://www.phygitals.com/pokemon/generation/4,,,,,,,[]
390,Chimchar,4,https://www.phygitals.com/pokemon/390,https://www.phygitals.com/pokemon/generation/4,,,,,,,[]
391,Monferno,4,https://www.phygitals.com/pokemon/391,https://www.phygitals.com/pokemon/generation/4,,,,,,,[]
392,Infernape,4,https://www.phygitals.com/pokemon/392,https://www.phygitals.com/pokemon/generation/4,,,,,,,[]
393,Piplup,4,https://www.phygitals.com/pokemon/393,https://www.phygitals.com/pokemon/generation/4,,,,,,,[]
394,Prinplup,4,https://www.phygitals.com/pokemon/394,https://www.phygitals.com/pokemon/generation/4,,,,,,,[]
395,Empoleon,4,https://www.phygitals.com/pokemon/395,https://www.phygitals.com/pokemon/generation/4,,,,,,,[]
396,Starly,4,https://www.phygitals.com/pokemon/396,https://www.phygitals.com/pokemon/generation/4,,,,,,,[]
397,Staravia,4,https://www.phygitals.com/pokemon/397,https://www.phygitals.com/pokemon/generation/4,,,,,,,[]
398,Staraptor,4,https://www.phygitals.com/pokemon/398,https://www.phygitals.com/pokemon/generation/4,,,,,,,[]
399,Bidoof,4,https://www.phygitals.com/pokemon/399,https://www.phygitals.com/pokemon/generation/4,,,,,,,[]
400,Bibarel,4,https://www.phygitals.com/pokemon/400,https://www.phygitals.com/pokemon/generation/4,,,,,,,[]
401,Kricketot,4,https://www.phygitals.com/pokemon/401,https://www.phygitals.com/pokemon/generation/4,,,,,,,[]
402,Kricketune,4,https://www.phygitals.com/pokemon/402,https://www.phygitals.com/pokemon/generation/4,,,,,,,[]
403,Shinx,4,https://www.phygitals.com/pokemon/403,https://www.phygitals.com/pokemon/generation/4,,,,,,,[]
404,Luxio,4,https://www.phygitals.com/pokemon/404,https://www.phygitals.com/pokemon/generation/4,,,,,,,[]
405,Luxray,4,https://www.phygitals.com/pokemon/405,https://www.phygitals.com/pokemon/generation/4,,,,,,,[]
406,Budew,4,https://www.phygitals.com/pokemon/406,https://www.phygitals.com/pokemon/generation/4,,,,,,,[]
407,Roserade,4,https://www.phygitals.com/pokemon/407,https://www.phygitals.com/pokemon/generation/4,,,,,,,[]
408,Cranidos,4,https://www.phygitals.com/pokemon/408,https://www.phygitals.com/pokemon/generation/4,,,,,,,[]
409,Rampardos,4,https://www.phygitals.com/pokemon/409,https://www.phygitals.com/pokemon/generation/4,,,,,,,[]
410,Shieldon,4,https://www.phygitals.com/pokemon/410,https://www.phygitals.com/pokemon/generation/4,,,,,,,[]
411,Bastiodon,4,https://www.phygitals.com/pokemon/411,https://www.phygitals.com/pokemon/generation/4,,,,,,,[]
412,Burmy,4,https://www.phygitals.com/pokemon/412,https://www.phygitals.com/pokemon/generation/4,,,,,,,[]
413,Wormadam,4,https://www.phygitals.com/pokemon/413,https://www.phygitals.com/pokemon/generation/4,,,,,,,[]
414,Mothim,4,https://www.phygitals.com/pokemon/414,https://www.phygitals.com/pokemon/generation/4,,,,,,,[]
415,Combee,4,https://www.phygitals.com/pokemon/415,https://www.phygitals.com/pokemon/generation/4,,,,,,,[]
416,Vespiquen,4,https://www.phygitals.com/pokemon/416,https://www.phygitals.com/pokemon/generation/4,,,,,,,[]
417,Pachirisu,4,https://www.phygitals.com/pokemon/417,https://www.phygitals.com/pokemon/generation/4,,,,,,,[]
418,Buizel,4,https://www.phygitals.com/pokemon/418,https://www.phygitals.com/pokemon/generation/4,,,,,,,[]
419,Floatzel,4,https://www.phygitals.com/pokemon/419,https://www.phygitals.com/pokemon/generation/4,,,,,,,[]
420,Cherubi,4,https://www.phygitals.com/pokemon/420,https://www.phygitals.com/pokemon/generation/4,,,,,,,[]
421,Cherrim,4,https://www.phygitals.com/pokemon/421,https://www.phygitals.com/pokemon/generation/4,,,,,,,[]
422,Shellos,4,https://www.phygitals.com/pokemon/422,https://www.phygitals.com/pokemon/generation/4,,,,,,,[]
423,Gastrodon,4,https://www.phygitals.com/pokemon/423,https://www.phygitals.com/pokemon/generation/4,,,,,,,[]
424,Ambipom,4,https://www.phygitals.com/pokemon/424,https://www.phygitals.com/pokemon/generation/4,,,,,,,[]
425,Drifloon,4,https://www.phygitals.com/pokemon/425,https://www.phygitals.com/pokemon/generation/4,,,,,,,[]
426,Drifblim,4,https://www.phygitals.com/pokemon/426,https://www.phygitals.com/pokemon/generation/4,,,,,,,[]
427,Buneary,4,https://www.phygitals.com/pokemon/427,https://www.phygitals.com/pokemon/generation/4,,,,,,,[]
428,Lopunny,4,https://www.phygitals.com/pokemon/428,https://www.phygitals.com/pokemon/generation/4,,,,,,,[]
429,Mismagius,4,https://www.phygitals.com/pokemon/429,https://www.phygitals.com/pokemon/generation/4,,,,,,,[]
430,Honchkrow,4,https://www.phygitals.com/pokemon/430,https://www.phygitals.com/pokemon/generation/4,,,,,,,[]
431,Glameow,4,https://www.phygitals.com/pokemon/431,https://www.phygitals.com/pokemon/generation/4,,,,,,,[]
432,Purugly,4,https://www.phygitals.com/pokemon/432,https://www.phygitals.com/pokemon/generation/4,,,,,,,[]
433,Chingling,4,https://www.phygitals.com/pokemon/433,https://www.phygitals.com/pokemon/generation/4,,,,,,,[]
434,Stunky,4,https://www.phygitals.com/pokemon/434,https://www.phygitals.com/pokemon/generation/4,,,,,,,[]
435,Skuntank,4,https://www.phygitals.com/pokemon/435,https://www.phygitals.com/pokemon/generation/4,,,,,,,[]
436,Bronzor,4,https://www.phygitals.com/pokemon/436,https://www.phygitals.com/pokemon/generation/4,,,,,,,[]
437,Bronzong,4,https://www.phygitals.com/pokemon/437,https://www.phygitals.com/pokemon/generation/4,,,,,,,[]
438,Bonsly,4,https://www.phygitals.com/pokemon/438,https://www.phygitals.com/pokemon/generation/4,,,,,,,[]
439,Mime-jr,4,https://www.phygitals.com/pokemon/439,https://www.phygitals.com/pokemon/generation/4,,,,,,,[]
440,Happiny,4,https://www.phygitals.com/pokemon/440,https://www.phygitals.com/pokemon/generation/4,,,,,,,[]
441,Chatot,4,https://www.phygitals.com/pokemon/441,https://www.phygitals.com/pokemon/generation/4,,,,,,,[]
442,Spiritomb,4,https://www.phygitals.com/pokemon/442,https://www.phygitals.com/pokemon/generation/4,,,,,,,[]
443,Gible,4,https://www.phygitals.com/pokemon/443,https://www.phygitals.com/pokemon/generation/4,,,,,,,[]
444,Gabite,4,https://www.phygitals.com/pokemon/444,https://www.phygitals.com/pokemon/generation/4,,,,,,,[]
445,Garchomp,4,https://www.phygitals.com/pokemon/445,https://www.phygitals.com/pokemon/generation/4,,,,,,,[]
446,Munchlax,4,https://www.phygitals.com/pokemon/446,https://www.phygitals.com/pokemon/generation/4,,,,,,,[]
447,Riolu,4,https://www.phygitals.com/pokemon/447,https://www.phygitals.com/pokemon/generation/4,,,,,,,[]
448,Lucario,4,https://www.phygitals.com/pokemon/448,https://www.phygitals.com/pokemon/generation/4,,,,,,,[]
449,Hippopotas,4,https://www.phygitals.com/pokemon/449,https://www.phygitals.com/pokemon/generation/4,,,,,,,[]
450,Hippowdon,4,https://www.phygitals.com/pokemon/450,https://www.phygitals.com/pokemon/generation/4,,,,,,,[]
451,Skorupi,4,https://www.phygitals.com/pokemon/451,https://www.phygitals.com/pokemon/generation/4,,,,,,,[]
452,Drapion,4,https://www.phygitals.com/pokemon/452,https://www.phygitals.com/pokemon/generation/4,,,,,,,[]
453,Croagunk,4,https://www.phygitals.com/pokemon/453,https://www.phygitals.com/pokemon/generation/4,,,,,,,[]
454,Toxicroak,4,https://www.phygitals.com/pokemon/454,https://www.phygitals.com/pokemon/generation/4,,,,,,,[]
455,Carnivine,4,https://www.phygitals.com/pokemon/455,https://www.phygitals.com/pokemon/generation/4,,,,,,,[]
456,Finneon,4,https://www.phygitals.com/pokemon/456,https://www.phygitals.com/pokemon/generation/4,,,,,,,[]
457,Lumineon,4,https://www.phygitals.com/pokemon/457,https://www.phygitals.com/pokemon/generation/4,,,,,,,[]
458,Mantyke,4,https://www.phygitals.com/pokemon/458,https://www.phygitals.com/pokemon/generation/4,,,,,,,[]
459,Snover,4,https://www.phygitals.com/pokemon/459,https://www.phygitals.com/pokemon/generation/4,,,,,,,[]
460,Abomasnow,4,https://www.phygitals.com/pokemon/460,https://www.phygitals.com/pokemon/generation/4,,,,,,,[]
461,Weavile,4,https://www.phygitals.com/pokemon/461,https://www.phygitals.com/pokemon/generation/4,,,,,,,[]
462,Magnezone,4,https://www.phygitals.com/pokemon/462,https://www.phygitals.com/pokemon/generation/4,,,,,,,[]
463,Lickilicky,4,https://www.phygitals.com/pokemon/463,https://www.phygitals.com/pokemon/generation/4,,,,,,,[]
464,Rhyperior,4,https://www.phygitals.com/pokemon/464,https://www.phygitals.com/pokemon/generation/4,,,,,,,[]
465,Tangrowth,4,https://www.phygitals.com/pokemon/465,https://www.phygitals.com/pokemon/generation/4,,,,,,,[]
466,Electivire,4,https://www.phygitals.com/pokemon/466,https://www.phygitals.com/pokemon/generation/4,,,,,,,[]
467,Magmortar,4,https://www.phygitals.com/pokemon/467,https://www.phygitals.com/pokemon/generation/4,,,,,,,[]
468,Togekiss,4,https://www.phygitals.com/pokemon/468,https://www.phygitals.com/pokemon/generation/4,,,,,,,[]
469,Yanmega,4,https://www.phygitals.com/pokemon/469,https://www.phygitals.com/pokemon/generation/4,,,,,,,[]
470,Leafeon,4,https://www.phygitals.com/pokemon/470,https://www.phygitals.com/pokemon/generation/4,,,,,,,[]
471,Glaceon,4,https://www.phygitals.com/pokemon/471,https://www.phygitals.com/pokemon/generation/4,,,,,,,[]
472,Gliscor,4,https://www.phygitals.com/pokemon/472,https://www.phygitals.com/pokemon/generation/4,,,,,,,[]
473,Mamoswine,4,https://www.phygitals.com/pokemon/473,https://www.phygitals.com/pokemon/generation/4,,,,,,,[]
474,Porygon-z,4,https://www.phygitals.com/pokemon/474,https://www.phygitals.com/pokemon/generation/4,,,,,,,[]
475,Gallade,4,https://www.phygitals.com/pokemon/475,https://www.phygitals.com/pokemon/generation/4,,,,,,,[]
476,Probopass,4,https://www.phygitals.com/pokemon/476,https://www.phygitals.com/pokemon/generation/4,,,,,,,[]
477,Dusknoir,4,https://www.phygitals.com/pokemon/477,https://www.phygitals.com/pokemon/generation/4,,,,,,,[]
478,Froslass,4,https://www.phygitals.com/pokemon/478,https://www.phygitals.com/pokemon/generation/4,,,,,,,[]
479,Rotom,4,https://www.phygitals.com/pokemon/479,https://www.phygitals.com/pokemon/generation/4,,,,,,,[]
480,Uxie,4,https://www.phygitals.com/pokemon/480,https://www.phygitals.com/pokemon/generation/4,,,,,,,[]
481,Mesprit,4,https://www.phygitals.com/pokemon/481,https://www.phygitals.com/pokemon/generation/4,,,,,,,[]
482,Azelf,4,https://www.phygitals.com/pokemon/482,https://www.phygitals.com/pokemon/generation/4,,,,,,,[]
483,Dialga,4,https://www.phygitals.com/pokemon/483,https://www.phygitals.com/pokemon/generation/4,,,,,,,[]
484,Palkia,4,https://www.phygitals.com/pokemon/484,https://www.phygitals.com/pokemon/generation/4,,,,,,,[]
485,Heatran,4,https://www.phygitals.com/pokemon/485,https://www.phygitals.com/pokemon/generation/4,,,,,,,[]
486,Regigigas,4,https://www.phygitals.com/pokemon/486,https://www.phygitals.com/pokemon/generation/4,,,,,,,[]
487,Giratina,4,https://www.phygitals.com/pokemon/487,https://www.phygitals.com/pokemon/generation/4,,,,,,,[]
488,Cresselia,4,https://www.phygitals.com/pokemon/488,https://www.phygitals.com/pokemon/generation/4,,,,,,,[]
489,Phione,4,https://www.phygitals.com/pokemon/489,https://www.phygitals.com/pokemon/generation/4,,,,,,,[]
490,Manaphy,4,https://www.phygitals.com/pokemon/490,https://www.phygitals.com/pokemon/generation/4,,,,,,,[]
491,Darkrai,4,https://www.phygitals.com/pokemon/491,https://www.phygitals.com/pokemon/generation/4,,,,,,,[]
492,Shaymin,4,https://www.phygitals.com/pokemon/492,https://www.phygitals.com/pokemon/generation/4,,,,,,,[]
493,Arceus,4,https://www.phygitals.com/pokemon/493,https://www.phygitals.com/pokemon/generation/4,,,,,,,[]
494,Victini,5,https://www.phygitals.com/pokemon/494,https://www.phygitals.com/pokemon/generation/5,,,,,,,[]
495,Snivy,5,https://www.phygitals.com/pokemon/495,https://www.phygitals.com/pokemon/generation/5,,,,,,,[]
496,Servine,5,https://www.phygitals.com/pokemon/496,https://www.phygitals.com/pokemon/generation/5,,,,,,,[]
497,Serperior,5,https://www.phygitals.com/pokemon/497,https://www.phygitals.com/pokemon/generation/5,,,,,,,[]
498,Tepig,5,https://www.phygitals.com/pokemon/498,https://www.phygitals.com/pokemon/generation/5,,,,,,,[]
499,Pignite,5,https://www.phygitals.com/pokemon/499,https://www.phygitals.com/pokemon/generation/5,,,,,,,[]
500,Emboar,5,https://www.phygitals.com/pokemon/500,https://www.phygitals.com/pokemon/generation/5,,,,,,,[]
501,Oshawott,5,https://www.phygitals.com/pokemon/501,https://www.phygitals.com/pokemon/generation/5,,,,,,,[]
502,Dewott,5,https://www.phygitals.com/pokemon/502,https://www.phygitals.com/pokemon/generation/5,,,,,,,[]
503,Samurott,5,https://www.phygitals.com/pokemon/503,https://www.phygitals.com/pokemon/generation/5,,,,,,,[]
504,Patrat,5,https://www.phygitals.com/pokemon/504,https://www.phygitals.com/pokemon/generation/5,,,,,,,[]
505,Watchog,5,https://www.phygitals.com/pokemon/505,https://www.phygitals.com/pokemon/generation/5,,,,,,,[]
506,Lillipup,5,https://www.phygitals.com/pokemon/506,https://www.phygitals.com/pokemon/generation/5,,,,,,,[]
507,Herdier,5,https://www.phygitals.com/pokemon/507,https://www.phygitals.com/pokemon/generation/5,,,,,,,[]
508,Stoutland,5,https://www.phygitals.com/pokemon/508,https://www.phygitals.com/pokemon/generation/5,,,,,,,[]
509,Purrloin,5,https://www.phygitals.com/pokemon/509,https://www.phygitals.com/pokemon/generation/5,,,,,,,[]
510,Liepard,5,https://www.phygitals.com/pokemon/510,https://www.phygitals.com/pokemon/generation/5,,,,,,,[]
511,Pansage,5,https://www.phygitals.com/pokemon/511,https://www.phygitals.com/pokemon/generation/5,,,,,,,[]
512,Simisage,5,https://www.phygitals.com/pokemon/512,https://www.phygitals.com/pokemon/generation/5,,,,,,,[]
513,Pansear,5,https://www.phygitals.com/pokemon/513,https://www.phygitals.com/pokemon/generation/5,,,,,,,[]
514,Simisear,5,https://www.phygitals.com/pokemon/514,https://www.phygitals.com/pokemon/generation/5,,,,,,,[]
515,Panpour,5,https://www.phygitals.com/pokemon/515,https://www.phygitals.com/pokemon/generation/5,,,,,,,[]
516,Simipour,5,https://www.phygitals.com/pokemon/516,https://www.phygitals.com/pokemon/generation/5,,,,,,,[]
517,Munna,5,https://www.phygitals.com/pokemon/517,https://www.phygitals.com/pokemon/generation/5,,,,,,,[]
518,Musharna,5,https://www.phygitals.com/pokemon/518,https://www.phygitals.com/pokemon/generation/5,,,,,,,[]
519,Pidove,5,https://www.phygitals.com/pokemon/519,https://www.phygitals.com/pokemon/generation/5,,,,,,,[]
520,Tranquill,5,https://www.phygitals.com/pokemon/520,https://www.phygitals.com/pokemon/generation/5,,,,,,,[]
521,Unfezant,5,https://www.phygitals.com/pokemon/521,https://www.phygitals.com/pokemon/generation/5,,,,,,,[]
522,Blitzle,5,https://www.phygitals.com/pokemon/522,https://www.phygitals.com/pokemon/generation/5,,,,,,,[]
523,Zebstrika,5,https://www.phygitals.com/pokemon/523,https://www.phygitals.com/pokemon/generation/5,,,,,,,[]
524,Roggenrola,5,https://www.phygitals.com/pokemon/524,https://www.phygitals.com/pokemon/generation/5,,,,,,,[]
525,Boldore,5,https://www.phygitals.com/pokemon/525,https://www.phygitals.com/pokemon/generation/5,,,,,,,[]
526,Gigalith,5,https://www.phygitals.com/pokemon/526,https://www.phygitals.com/pokemon/generation/5,,,,,,,[]
527,Woobat,5,https://www.phygitals.com/pokemon/527,https://www.phygitals.com/pokemon/generation/5,,,,,,,[]
528,Swoobat,5,https://www.phygitals.com/pokemon/528,https://www.phygitals.com/pokemon/generation/5,,,,,,,[]
529,Drilbur,5,https://www.phygitals.com/pokemon/529,https://www.phygitals.com/pokemon/generation/5,,,,,,,[]
530,Excadrill,5,https://www.phygitals.com/pokemon/530,https://www.phygitals.com/pokemon/generation/5,,,,,,,[]
531,Audino,5,https://www.phygitals.com/pokemon/531,https://www.phygitals.com/pokemon/generation/5,,,,,,,[]
532,Timburr,5,https://www.phygitals.com/pokemon/532,https://www.phygitals.com/pokemon/generation/5,,,,,,,[]
533,Gurdurr,5,https://www.phygitals.com/pokemon/533,https://www.phygitals.com/pokemon/generation/5,,,,,,,[]
534,Conkeldurr,5,https://www.phygitals.com/pokemon/534,https://www.phygitals.com/pokemon/generation/5,,,,,,,[]
535,Tympole,5,https://www.phygitals.com/pokemon/535,https://www.phygitals.com/pokemon/generation/5,,,,,,,[]
536,Palpitoad,5,https://www.phygitals.com/pokemon/536,https://www.phygitals.com/pokemon/generation/5,,,,,,,[]
537,Seismitoad,5,https://www.phygitals.com/pokemon/537,https://www.phygitals.com/pokemon/generation/5,,,,,,,[]
538,Throh,5,https://www.phygitals.com/pokemon/538,https://www.phygitals.com/pokemon/generation/5,,,,,,,[]
539,Sawk,5,https://www.phygitals.com/pokemon/539,https://www.phygitals.com/pokemon/generation/5,,,,,,,[]
540,Sewaddle,5,https://www.phygitals.com/pokemon/540,https://www.phygitals.com/pokemon/generation/5,,,,,,,[]
541,Swadloon,5,https://www.phygitals.com/pokemon/541,https://www.phygitals.com/pokemon/generation/5,,,,,,,[]
542,Leavanny,5,https://www.phygitals.com/pokemon/542,https://www.phygitals.com/pokemon/generation/5,,,,,,,[]
543,Venipede,5,https://www.phygitals.com/pokemon/543,https://www.phygitals.com/pokemon/generation/5,,,,,,,[]
544,Whirlipede,5,https://www.phygitals.com/pokemon/544,https://www.phygitals.com/pokemon/generation/5,,,,,,,[]
545,Scolipede,5,https://www.phygitals.com/pokemon/545,https://www.phygitals.com/pokemon/generation/5,,,,,,,[]
546,Cottonee,5,https://www.phygitals.com/pokemon/546,https://www.phygitals.com/pokemon/generation/5,,,,,,,[]
547,Whimsicott,5,https://www.phygitals.com/pokemon/547,https://www.phygitals.com/pokemon/generation/5,,,,,,,[]
548,Petilil,5,https://www.phygitals.com/pokemon/548,https://www.phygitals.com/pokemon/generation/5,,,,,,,[]
549,Lilligant,5,https://www.phygitals.com/pokemon/549,https://www.phygitals.com/pokemon/generation/5,,,,,,,[]
550,Basculin,5,https://www.phygitals.com/pokemon/550,https://www.phygitals.com/pokemon/generation/5,,,,,,,[]
551,Sandile,5,https://www.phygitals.com/pokemon/551,https://www.phygitals.com/pokemon/generation/5,,,,,,,[]
552,Krokorok,5,https://www.phygitals.com/pokemon/552,https://www.phygitals.com/pokemon/generation/5,,,,,,,[]
553,Krookodile,5,https://www.phygitals.com/pokemon/553,https://www.phygitals.com/pokemon/generation/5,,,,,,,[]
554,Darumaka,5,https://www.phygitals.com/pokemon/554,https://www.phygitals.com/pokemon/generation/5,,,,,,,[]
555,Darmanitan,5,https://www.phygitals.com/pokemon/555,https://www.phygitals.com/pokemon/generation/5,,,,,,,[]
556,Maractus,5,https://www.phygitals.com/pokemon/556,https://www.phygitals.com/pokemon/generation/5,,,,,,,[]
557,Dwebble,5,https://www.phygitals.com/pokemon/557,https://www.phygitals.com/pokemon/generation/5,,,,,,,[]
558,Crustle,5,https://www.phygitals.com/pokemon/558,https://www.phygitals.com/pokemon/generation/5,,,,,,,[]
559,Scraggy,5,https://www.phygitals.com/pokemon/559,https://www.phygitals.com/pokemon/generation/5,,,,,,,[]
560,Scrafty,5,https://www.phygitals.com/pokemon/560,https://www.phygitals.com/pokemon/generation/5,,,,,,,[]
561,Sigilyph,5,https://www.phygitals.com/pokemon/561,https://www.phygitals.com/pokemon/generation/5,,,,,,,[]
562,Yamask,5,https://www.phygitals.com/pokemon/562,https://www.phygitals.com/pokemon/generation/5,,,,,,,[]
563,Cofagrigus,5,https://www.phygitals.com/pokemon/563,https://www.phygitals.com/pokemon/generation/5,,,,,,,[]
564,Tirtouga,5,https://www.phygitals.com/pokemon/564,https://www.phygitals.com/pokemon/generation/5,,,,,,,[]
565,Carracosta,5,https://www.phygitals.com/pokemon/565,https://www.phygitals.com/pokemon/generation/5,,,,,,,[]
566,Archen,5,https://www.phygitals.com/pokemon/566,https://www.phygitals.com/pokemon/generation/5,,,,,,,[]
567,Archeops,5,https://www.phygitals.com/pokemon/567,https://www.phygitals.com/pokemon/generation/5,,,,,,,[]
568,Trubbish,5,https://www.phygitals.com/pokemon/568,https://www.phygitals.com/pokemon/generation/5,,,,,,,[]
569,Garbodor,5,https://www.phygitals.com/pokemon/569,https://www.phygitals.com/pokemon/generation/5,,,,,,,[]
570,Zorua,5,https://www.phygitals.com/pokemon/570,https://www.phygitals.com/pokemon/generation/5,,,,,,,[]
571,Zoroark,5,https://www.phygitals.com/pokemon/571,https://www.phygitals.com/pokemon/generation/5,,,,,,,[]
572,Minccino,5,https://www.phygitals.com/pokemon/572,https://www.phygitals.com/pokemon/generation/5,,,,,,,[]
573,Cinccino,5,https://www.phygitals.com/pokemon/573,https://www.phygitals.com/pokemon/generation/5,,,,,,,[]
574,Gothita,5,https://www.phygitals.com/pokemon/574,https://www.phygitals.com/pokemon/generation/5,,,,,,,[]
575,Gothorita,5,https://www.phygitals.com/pokemon/575,https://www.phygitals.com/pokemon/generation/5,,,,,,,[]
576,Gothitelle,5,https://www.phygitals.com/pokemon/576,https://www.phygitals.com/pokemon/generation/5,,,,,,,[]
577,Solosis,5,https://www.phygitals.com/pokemon/577,https://www.phygitals.com/pokemon/generation/5,,,,,,,[]
578,Duosion,5,https://www.phygitals.com/pokemon/578,https://www.phygitals.com/pokemon/generation/5,,,,,,,[]
579,Reuniclus,5,https://www.phygitals.com/pokemon/579,https://www.phygitals.com/pokemon/generation/5,,,,,,,[]
580,Ducklett,5,https://www.phygitals.com/pokemon/580,https://www.phygitals.com/pokemon/generation/5,,,,,,,[]
581,Swanna,5,https://www.phygitals.com/pokemon/581,https://www.phygitals.com/pokemon/generation/5,,,,,,,[]
582,Vanillite,5,https://www.phygitals.com/pokemon/582,https://www.phygitals.com/pokemon/generation/5,,,,,,,[]
583,Vanillish,5,https://www.phygitals.com/pokemon/583,https://www.phygitals.com/pokemon/generation/5,,,,,,,[]
584,Vanilluxe,5,https://www.phygitals.com/pokemon/584,https://www.phygitals.com/pokemon/generation/5,,,,,,,[]
585,Deerling,5,https://www.phygitals.com/pokemon/585,https://www.phygitals.com/pokemon/generation/5,,,,,,,[]
586,Sawsbuck,5,https://www.phygitals.com/pokemon/586,https://www.phygitals.com/pokemon/generation/5,,,,,,,[]
587,Emolga,5,https://www.phygitals.com/pokemon/587,https://www.phygitals.com/pokemon/generation/5,,,,,,,[]
588,Karrablast,5,https://www.phygitals.com/pokemon/588,https://www.phygitals.com/pokemon/generation/5,,,,,,,[]
589,Escavalier,5,https://www.phygitals.com/pokemon/589,https://www.phygitals.com/pokemon/generation/5,,,,,,,[]
590,Foongus,5,https://www.phygitals.com/pokemon/590,https://www.phygitals.com/pokemon/generation/5,,,,,,,[]
591,Amoonguss,5,https://www.phygitals.com/pokemon/591,https://www.phygitals.com/pokemon/generation/5,,,,,,,[]
592,Frillish,5,https://www.phygitals.com/pokemon/592,https://www.phygitals.com/pokemon/generation/5,,,,,,,[]
593,Jellicent,5,https://www.phygitals.com/pokemon/593,https://www.phygitals.com/pokemon/generation/5,,,,,,,[]
594,Alomomola,5,https://www.phygitals.com/pokemon/594,https://www.phygitals.com/pokemon/generation/5,,,,,,,[]
595,Joltik,5,https://www.phygitals.com/pokemon/595,https://www.phygitals.com/pokemon/generation/5,,,,,,,[]
596,Galvantula,5,https://www.phygitals.com/pokemon/596,https://www.phygitals.com/pokemon/generation/5,,,,,,,[]
597,Ferroseed,5,https://www.phygitals.com/pokemon/597,https://www.phygitals.com/pokemon/generation/5,,,,,,,[]
598,Ferrothorn,5,https://www.phygitals.com/pokemon/598,https://www.phygitals.com/pokemon/generation/5,,,,,,,[]
599,Klink,5,https://www.phygitals.com/pokemon/599,https://www.phygitals.com/pokemon/generation/5,,,,,,,[]
600,Klang,5,https://www.phygitals.com/pokemon/600,https://www.phygitals.com/pokemon/generation/5,,,,,,,[]
601,Klinklang,5,https://www.phygitals.com/pokemon/601,https://www.phygitals.com/pokemon/generation/5,,,,,,,[]
602,Tynamo,5,https://www.phygitals.com/pokemon/602,https://www.phygitals.com/pokemon/generation/5,,,,,,,[]
603,Eelektrik,5,https://www.phygitals.com/pokemon/603,https://www.phygitals.com/pokemon/generation/5,,,,,,,[]
604,Eelektross,5,https://www.phygitals.com/pokemon/604,https://www.phygitals.com/pokemon/generation/5,,,,,,,[]
605,Elgyem,5,https://www.phygitals.com/pokemon/605,https://www.phygitals.com/pokemon/generation/5,,,,,,,[]
606,Beheeyem,5,https://www.phygitals.com/pokemon/606,https://www.phygitals.com/pokemon/generation/5,,,,,,,[]
607,Litwick,5,https://www.phygitals.com/pokemon/607,https://www.phygitals.com/pokemon/generation/5,,,,,,,[]
608,Lampent,5,https://www.phygitals.com/pokemon/608,https://www.phygitals.com/pokemon/generation/5,,,,,,,[]
609,Chandelure,5,https://www.phygitals.com/pokemon/609,https://www.phygitals.com/pokemon/generation/5,,,,,,,[]
610,Axew,5,https://www.phygitals.com/pokemon/610,https://www.phygitals.com/pokemon/generation/5,,,,,,,[]
611,Fraxure,5,https://www.phygitals.com/pokemon/611,https://www.phygitals.com/pokemon/generation/5,,,,,,,[]
612,Haxorus,5,https://www.phygitals.com/pokemon/612,https://www.phygitals.com/pokemon/generation/5,,,,,,,[]
613,Cubchoo,5,https://www.phygitals.com/pokemon/613,https://www.phygitals.com/pokemon/generation/5,,,,,,,[]
614,Beartic,5,https://www.phygitals.com/pokemon/614,https://www.phygitals.com/pokemon/generation/5,,,,,,,[]
615,Cryogonal,5,https://www.phygitals.com/pokemon/615,https://www.phygitals.com/pokemon/generation/5,,,,,,,[]
616,Shelmet,5,https://www.phygitals.com/pokemon/616,https://www.phygitals.com/pokemon/generation/5,,,,,,,[]
617,Accelgor,5,https://www.phygitals.com/pokemon/617,https://www.phygitals.com/pokemon/generation/5,,,,,,,[]
618,Stunfisk,5,https://www.phygitals.com/pokemon/618,https://www.phygitals.com/pokemon/generation/5,,,,,,,[]
619,Mienfoo,5,https://www.phygitals.com/pokemon/619,https://www.phygitals.com/pokemon/generation/5,,,,,,,[]
620,Mienshao,5,https://www.phygitals.com/pokemon/620,https://www.phygitals.com/pokemon/generation/5,,,,,,,[]
621,Druddigon,5,https://www.phygitals.com/pokemon/621,https://www.phygitals.com/pokemon/generation/5,,,,,,,[]
622,Golett,5,https://www.phygitals.com/pokemon/622,https://www.phygitals.com/pokemon/generation/5,,,,,,,[]
623,Golurk,5,https://www.phygitals.com/pokemon/623,https://www.phygitals.com/pokemon/generation/5,,,,,,,[]
624,Pawniard,5,https://www.phygitals.com/pokemon/624,https://www.phygitals.com/pokemon/generation/5,,,,,,,[]
625,Bisharp,5,https://www.phygitals.com/pokemon/625,https://www.phygitals.com/pokemon/generation/5,,,,,,,[]
626,Bouffalant,5,https://www.phygitals.com/pokemon/626,https://www.phygitals.com/pokemon/generation/5,,,,,,,[]
627,Rufflet,5,https://www.phygitals.com/pokemon/627,https://www.phygitals.com/pokemon/generation/5,,,,,,,[]
628,Braviary,5,https://www.phygitals.com/pokemon/628,https://www.phygitals.com/pokemon/generation/5,,,,,,,[]
629,Vullaby,5,https://www.phygitals.com/pokemon/629,https://www.phygitals.com/pokemon/generation/5,,,,,,,[]
630,Mandibuzz,5,https://www.phygitals.com/pokemon/630,https://www.phygitals.com/pokemon/generation/5,,,,,,,[]
631,Heatmor,5,https://www.phygitals.com/pokemon/631,https://www.phygitals.com/pokemon/generation/5,,,,,,,[]
632,Durant,5,https://www.phygitals.com/pokemon/632,https://www.phygitals.com/pokemon/generation/5,,,,,,,[]
633,Deino,5,https://www.phygitals.com/pokemon/633,https://www.phygitals.com/pokemon/generation/5,,,,,,,[]
634,Zweilous,5,https://www.phygitals.com/pokemon/634,https://www.phygitals.com/pokemon/generation/5,,,,,,,[]
635,Hydreigon,5,https://www.phygitals.com/pokemon/635,https://www.phygitals.com/pokemon/generation/5,,,,,,,[]
636,Larvesta,5,https://www.phygitals.com/pokemon/636,https://www.phygitals.com/pokemon/generation/5,,,,,,,[]
637,Volcarona,5,https://www.phygitals.com/pokemon/637,https://www.phygitals.com/pokemon/generation/5,,,,,,,[]
638,Cobalion,5,https://www.phygitals.com/pokemon/638,https://www.phygitals.com/pokemon/generation/5,,,,,,,[]
639,Terrakion,5,https://www.phygitals.com/pokemon/639,https://www.phygitals.com/pokemon/generation/5,,,,,,,[]
640,Virizion,5,https://www.phygitals.com/pokemon/640,https://www.phygitals.com/pokemon/generation/5,,,,,,,[]
641,Tornadus,5,https://www.phygitals.com/pokemon/641,https://www.phygitals.com/pokemon/generation/5,,,,,,,[]
642,Thundurus,5,https://www.phygitals.com/pokemon/642,https://www.phygitals.com/pokemon/generation/5,,,,,,,[]
643,Reshiram,5,https://www.phygitals.com/pokemon/643,https://www.phygitals.com/pokemon/generation/5,,,,,,,[]
644,Zekrom,5,https://www.phygitals.com/pokemon/644,https://www.phygitals.com/pokemon/generation/5,,,,,,,[]
645,Landorus,5,https://www.phygitals.com/pokemon/645,https://www.phygitals.com/pokemon/generation/5,,,,,,,[]
646,Kyurem,5,https://www.phygitals.com/pokemon/646,https://www.phygitals.com/pokemon/generation/5,,,,,,,[]
647,Keldeo,5,https://www.phygitals.com/pokemon/647,https://www.phygitals.com/pokemon/generation/5,,,,,,,[]
648,Meloetta,5,https://www.phygitals.com/pokemon/648,https://www.phygitals.com/pokemon/generation/5,,,,,,,[]
649,Genesect,5,https://www.phygitals.com/pokemon/649,https://www.phygitals.com/pokemon/generation/5,,,,,,,[]
650,Chespin,6,https://www.phygitals.com/pokemon/650,https://www.phygitals.com/pokemon/generation/6,,,,,,,[]
651,Quilladin,6,https://www.phygitals.com/pokemon/651,https://www.phygitals.com/pokemon/generation/6,,,,,,,[]
652,Chesnaught,6,https://www.phygitals.com/pokemon/652,https://www.phygitals.com/pokemon/generation/6,,,,,,,[]
653,Fennekin,6,https://www.phygitals.com/pokemon/653,https://www.phygitals.com/pokemon/generation/6,,,,,,,[]
654,Braixen,6,https://www.phygitals.com/pokemon/654,https://www.phygitals.com/pokemon/generation/6,,,,,,,[]
655,Delphox,6,https://www.phygitals.com/pokemon/655,https://www.phygitals.com/pokemon/generation/6,,,,,,,[]
656,Froakie,6,https://www.phygitals.com/pokemon/656,https://www.phygitals.com/pokemon/generation/6,,,,,,,[]
657,Frogadier,6,https://www.phygitals.com/pokemon/657,https://www.phygitals.com/pokemon/generation/6,,,,,,,[]
658,Greninja,6,https://www.phygitals.com/pokemon/658,https://www.phygitals.com/pokemon/generation/6,,,,,,,[]
659,Bunnelby,6,https://www.phygitals.com/pokemon/659,https://www.phygitals.com/pokemon/generation/6,,,,,,,[]
660,Diggersby,6,https://www.phygitals.com/pokemon/660,https://www.phygitals.com/pokemon/generation/6,,,,,,,[]
661,Fletchling,6,https://www.phygitals.com/pokemon/661,https://www.phygitals.com/pokemon/generation/6,,,,,,,[]
662,Fletchinder,6,https://www.phygitals.com/pokemon/662,https://www.phygitals.com/pokemon/generation/6,,,,,,,[]
663,Talonflame,6,https://www.phygitals.com/pokemon/663,https://www.phygitals.com/pokemon/generation/6,,,,,,,[]
664,Scatterbug,6,https://www.phygitals.com/pokemon/664,https://www.phygitals.com/pokemon/generation/6,,,,,,,[]
665,Spewpa,6,https://www.phygitals.com/pokemon/665,https://www.phygitals.com/pokemon/generation/6,,,,,,,[]
666,Vivillon,6,https://www.phygitals.com/pokemon/666,https://www.phygitals.com/pokemon/generation/6,,,,,,,[]
667,Litleo,6,https://www.phygitals.com/pokemon/667,https://www.phygitals.com/pokemon/generation/6,,,,,,,[]
668,Pyroar,6,https://www.phygitals.com/pokemon/668,https://www.phygitals.com/pokemon/generation/6,,,,,,,[]
669,Flabebe,6,https://www.phygitals.com/pokemon/669,https://www.phygitals.com/pokemon/generation/6,,,,,,,[]
670,Floette,6,https://www.phygitals.com/pokemon/670,https://www.phygitals.com/pokemon/generation/6,,,,,,,[]
671,Florges,6,https://www.phygitals.com/pokemon/671,https://www.phygitals.com/pokemon/generation/6,,,,,,,[]
672,Skiddo,6,https://www.phygitals.com/pokemon/672,https://www.phygitals.com/pokemon/generation/6,,,,,,,[]
673,Gogoat,6,https://www.phygitals.com/pokemon/673,https://www.phygitals.com/pokemon/generation/6,,,,,,,[]
674,Pancham,6,https://www.phygitals.com/pokemon/674,https://www.phygitals.com/pokemon/generation/6,,,,,,,[]
675,Pangoro,6,https://www.phygitals.com/pokemon/675,https://www.phygitals.com/pokemon/generation/6,,,,,,,[]
676,Furfrou,6,https://www.phygitals.com/pokemon/676,https://www.phygitals.com/pokemon/generation/6,,,,,,,[]
677,Espurr,6,https://www.phygitals.com/pokemon/677,https://www.phygitals.com/pokemon/generation/6,,,,,,,[]
678,Meowstic,6,https://www.phygitals.com/pokemon/678,https://www.phygitals.com/pokemon/generation/6,,,,,,,[]
679,Honedge,6,https://www.phygitals.com/pokemon/679,https://www.phygitals.com/pokemon/generation/6,,,,,,,[]
680,Doublade,6,https://www.phygitals.com/pokemon/680,https://www.phygitals.com/pokemon/generation/6,,,,,,,[]
681,Aegislash,6,https://www.phygitals.com/pokemon/681,https://www.phygitals.com/pokemon/generation/6,,,,,,,[]
682,Spritzee,6,https://www.phygitals.com/pokemon/682,https://www.phygitals.com/pokemon/generation/6,,,,,,,[]
683,Aromatisse,6,https://www.phygitals.com/pokemon/683,https://www.phygitals.com/pokemon/generation/6,,,,,,,[]
684,Swirlix,6,https://www.phygitals.com/pokemon/684,https://www.phygitals.com/pokemon/generation/6,,,,,,,[]
685,Slurpuff,6,https://www.phygitals.com/pokemon/685,https://www.phygitals.com/pokemon/generation/6,,,,,,,[]
686,Inkay,6,https://www.phygitals.com/pokemon/686,https://www.phygitals.com/pokemon/generation/6,,,,,,,[]
687,Malamar,6,https://www.phygitals.com/pokemon/687,https://www.phygitals.com/pokemon/generation/6,,,,,,,[]
688,Binacle,6,https://www.phygitals.com/pokemon/688,https://www.phygitals.com/pokemon/generation/6,,,,,,,[]
689,Barbaracle,6,https://www.phygitals.com/pokemon/689,https://www.phygitals.com/pokemon/generation/6,,,,,,,[]
690,Skrelp,6,https://www.phygitals.com/pokemon/690,https://www.phygitals.com/pokemon/generation/6,,,,,,,[]
691,Dragalge,6,https://www.phygitals.com/pokemon/691,https://www.phygitals.com/pokemon/generation/6,,,,,,,[]
692,Clauncher,6,https://www.phygitals.com/pokemon/692,https://www.phygitals.com/pokemon/generation/6,,,,,,,[]
693,Clawitzer,6,https://www.phygitals.com/pokemon/693,https://www.phygitals.com/pokemon/generation/6,,,,,,,[]
694,Helioptile,6,https://www.phygitals.com/pokemon/694,https://www.phygitals.com/pokemon/generation/6,,,,,,,[]
695,Heliolisk,6,https://www.phygitals.com/pokemon/695,https://www.phygitals.com/pokemon/generation/6,,,,,,,[]
696,Tyrunt,6,https://www.phygitals.com/pokemon/696,https://www.phygitals.com/pokemon/generation/6,,,,,,,[]
697,Tyrantrum,6,https://www.phygitals.com/pokemon/697,https://www.phygitals.com/pokemon/generation/6,,,,,,,[]
698,Amaura,6,https://www.phygitals.com/pokemon/698,https://www.phygitals.com/pokemon/generation/6,,,,,,,[]
699,Aurorus,6,https://www.phygitals.com/pokemon/699,https://www.phygitals.com/pokemon/generation/6,,,,,,,[]
700,Sylveon,6,https://www.phygitals.com/pokemon/700,https://www.phygitals.com/pokemon/generation/6,,,,,,,[]
701,Hawlucha,6,https://www.phygitals.com/pokemon/701,https://www.phygitals.com/pokemon/generation/6,,,,,,,[]
702,Dedenne,6,https://www.phygitals.com/pokemon/702,https://www.phygitals.com/pokemon/generation/6,,,,,,,[]
703,Carbink,6,https://www.phygitals.com/pokemon/703,https://www.phygitals.com/pokemon/generation/6,,,,,,,[]
704,Goomy,6,https://www.phygitals.com/pokemon/704,https://www.phygitals.com/pokemon/generation/6,,,,,,,[]
705,Sliggoo,6,https://www.phygitals.com/pokemon/705,https://www.phygitals.com/pokemon/generation/6,,,,,,,[]
706,Goodra,6,https://www.phygitals.com/pokemon/706,https://www.phygitals.com/pokemon/generation/6,,,,,,,[]
707,Klefki,6,https://www.phygitals.com/pokemon/707,https://www.phygitals.com/pokemon/generation/6,,,,,,,[]
708,Phantump,6,https://www.phygitals.com/pokemon/708,https://www.phygitals.com/pokemon/generation/6,,,,,,,[]
709,Trevenant,6,https://www.phygitals.com/pokemon/709,https://www.phygitals.com/pokemon/generation/6,,,,,,,[]
710,Pumpkaboo,6,https://www.phygitals.com/pokemon/710,https://www.phygitals.com/pokemon/generation/6,,,,,,,[]
711,Gourgeist,6,https://www.phygitals.com/pokemon/711,https://www.phygitals.com/pokemon/generation/6,,,,,,,[]
712,Bergmite,6,https://www.phygitals.com/pokemon/712,https://www.phygitals.com/pokemon/generation/6,,,,,,,[]
713,Avalugg,6,https://www.phygitals.com/pokemon/713,https://www.phygitals.com/pokemon/generation/6,,,,,,,[]
714,Noibat,6,https://www.phygitals.com/pokemon/714,https://www.phygitals.com/pokemon/generation/6,,,,,,,[]
715,Noivern,6,https://www.phygitals.com/pokemon/715,https://www.phygitals.com/pokemon/generation/6,,,,,,,[]
716,Xerneas,6,https://www.phygitals.com/pokemon/716,https://www.phygitals.com/pokemon/generation/6,,,,,,,[]
717,Yveltal,6,https://www.phygitals.com/pokemon/717,https://www.phygitals.com/pokemon/generation/6,,,,,,,[]
718,Zygarde,6,https://www.phygitals.com/pokemon/718,https://www.phygitals.com/pokemon/generation/6,,,,,,,[]
719,Diancie,6,https://www.phygitals.com/pokemon/719,https://www.phygitals.com/pokemon/generation/6,,,,,,,[]
720,Hoopa,6,https://www.phygitals.com/pokemon/720,https://www.phygitals.com/pokemon/generation/6,,,,,,,[]
721,Volcanion,6,https://www.phygitals.com/pokemon/721,https://www.phygitals.com/pokemon/generation/6,,,,,,,[]
722,Rowlet,7,https://www.phygitals.com/pokemon/722,https://www.phygitals.com/pokemon/generation/7,,,,,,,[]
723,Dartrix,7,https://www.phygitals.com/pokemon/723,https://www.phygitals.com/pokemon/generation/7,,,,,,,[]
724,Decidueye,7,https://www.phygitals.com/pokemon/724,https://www.phygitals.com/pokemon/generation/7,,,,,,,[]
725,Litten,7,https://www.phygitals.com/pokemon/725,https://www.phygitals.com/pokemon/generation/7,,,,,,,[]
726,Torracat,7,https://www.phygitals.com/pokemon/726,https://www.phygitals.com/pokemon/generation/7,,,,,,,[]
727,Incineroar,7,https://www.phygitals.com/pokemon/727,https://www.phygitals.com/pokemon/generation/7,,,,,,,[]
728,Popplio,7,https://www.phygitals.com/pokemon/728,https://www.phygitals.com/pokemon/generation/7,,,,,,,[]
729,Brionne,7,https://www.phygitals.com/pokemon/729,https://www.phygitals.com/pokemon/generation/7,,,,,,,[]
730,Primarina,7,https://www.phygitals.com/pokemon/730,https://www.phygitals.com/pokemon/generation/7,,,,,,,[]
731,Pikipek,7,https://www.phygitals.com/pokemon/731,https://www.phygitals.com/pokemon/generation/7,,,,,,,[]
732,Trumbeak,7,https://www.phygitals.com/pokemon/732,https://www.phygitals.com/pokemon/generation/7,,,,,,,[]
733,Toucannon,7,https://www.phygitals.com/pokemon/733,https://www.phygitals.com/pokemon/generation/7,,,,,,,[]
734,Yungoos,7,https://www.phygitals.com/pokemon/734,https://www.phygitals.com/pokemon/generation/7,,,,,,,[]
735,Gumshoos,7,https://www.phygitals.com/pokemon/735,https://www.phygitals.com/pokemon/generation/7,,,,,,,[]
736,Grubbin,7,https://www.phygitals.com/pokemon/736,https://www.phygitals.com/pokemon/generation/7,,,,,,,[]
737,Charjabug,7,https://www.phygitals.com/pokemon/737,https://www.phygitals.com/pokemon/generation/7,,,,,,,[]
738,Vikavolt,7,https://www.phygitals.com/pokemon/738,https://www.phygitals.com/pokemon/generation/7,,,,,,,[]
739,Crabrawler,7,https://www.phygitals.com/pokemon/739,https://www.phygitals.com/pokemon/generation/7,,,,,,,[]
740,Crabominable,7,https://www.phygitals.com/pokemon/740,https://www.phygitals.com/pokemon/generation/7,,,,,,,[]
741,Oricorio,7,https://www.phygitals.com/pokemon/741,https://www.phygitals.com/pokemon/generation/7,,,,,,,[]
742,Cutiefly,7,https://www.phygitals.com/pokemon/742,https://www.phygitals.com/pokemon/generation/7,,,,,,,[]
743,Ribombee,7,https://www.phygitals.com/pokemon/743,https://www.phygitals.com/pokemon/generation/7,,,,,,,[]
744,Rockruff,7,https://www.phygitals.com/pokemon/744,https://www.phygitals.com/pokemon/generation/7,,,,,,,[]
745,Lycanroc,7,https://www.phygitals.com/pokemon/745,https://www.phygitals.com/pokemon/generation/7,,,,,,,[]
746,Wishiwashi,7,https://www.phygitals.com/pokemon/746,https://www.phygitals.com/pokemon/generation/7,,,,,,,[]
747,Mareanie,7,https://www.phygitals.com/pokemon/747,https://www.phygitals.com/pokemon/generation/7,,,,,,,[]
748,Toxapex,7,https://www.phygitals.com/pokemon/748,https://www.phygitals.com/pokemon/generation/7,,,,,,,[]
749,Mudbray,7,https://www.phygitals.com/pokemon/749,https://www.phygitals.com/pokemon/generation/7,,,,,,,[]
750,Mudsdale,7,https://www.phygitals.com/pokemon/750,https://www.phygitals.com/pokemon/generation/7,,,,,,,[]
751,Dewpider,7,https://www.phygitals.com/pokemon/751,https://www.phygitals.com/pokemon/generation/7,,,,,,,[]
752,Araquanid,7,https://www.phygitals.com/pokemon/752,https://www.phygitals.com/pokemon/generation/7,,,,,,,[]
753,Fomantis,7,https://www.phygitals.com/pokemon/753,https://www.phygitals.com/pokemon/generation/7,,,,,,,[]
754,Lurantis,7,https://www.phygitals.com/pokemon/754,https://www.phygitals.com/pokemon/generation/7,,,,,,,[]
755,Morelull,7,https://www.phygitals.com/pokemon/755,https://www.phygitals.com/pokemon/generation/7,,,,,,,[]
756,Shiinotic,7,https://www.phygitals.com/pokemon/756,https://www.phygitals.com/pokemon/generation/7,,,,,,,[]
757,Salandit,7,https://www.phygitals.com/pokemon/757,https://www.phygitals.com/pokemon/generation/7,,,,,,,[]
758,Salazzle,7,https://www.phygitals.com/pokemon/758,https://www.phygitals.com/pokemon/generation/7,,,,,,,[]
759,Stufful,7,https://www.phygitals.com/pokemon/759,https://www.phygitals.com/pokemon/generation/7,,,,,,,[]
760,Bewear,7,https://www.phygitals.com/pokemon/760,https://www.phygitals.com/pokemon/generation/7,,,,,,,[]
761,Bounsweet,7,https://www.phygitals.com/pokemon/761,https://www.phygitals.com/pokemon/generation/7,,,,,,,[]
762,Steenee,7,https://www.phygitals.com/pokemon/762,https://www.phygitals.com/pokemon/generation/7,,,,,,,[]
763,Tsareena,7,https://www.phygitals.com/pokemon/763,https://www.phygitals.com/pokemon/generation/7,,,,,,,[]
764,Comfey,7,https://www.phygitals.com/pokemon/764,https://www.phygitals.com/pokemon/generation/7,,,,,,,[]
765,Oranguru,7,https://www.phygitals.com/pokemon/765,https://www.phygitals.com/pokemon/generation/7,,,,,,,[]
766,Passimian,7,https://www.phygitals.com/pokemon/766,https://www.phygitals.com/pokemon/generation/7,,,,,,,[]
767,Wimpod,7,https://www.phygitals.com/pokemon/767,https://www.phygitals.com/pokemon/generation/7,,,,,,,[]
768,Golisopod,7,https://www.phygitals.com/pokemon/768,https://www.phygitals.com/pokemon/generation/7,,,,,,,[]
769,Sandygast,7,https://www.phygitals.com/pokemon/769,https://www.phygitals.com/pokemon/generation/7,,,,,,,[]
770,Palossand,7,https://www.phygitals.com/pokemon/770,https://www.phygitals.com/pokemon/generation/7,,,,,,,[]
771,Pyukumuku,7,https://www.phygitals.com/pokemon/771,https://www.phygitals.com/pokemon/generation/7,,,,,,,[]
772,Type-null,7,https://www.phygitals.com/pokemon/772,https://www.phygitals.com/pokemon/generation/7,,,,,,,[]
773,Silvally,7,https://www.phygitals.com/pokemon/773,https://www.phygitals.com/pokemon/generation/7,,,,,,,[]
774,Minior,7,https://www.phygitals.com/pokemon/774,https://www.phygitals.com/pokemon/generation/7,,,,,,,[]
775,Komala,7,https://www.phygitals.com/pokemon/775,https://www.phygitals.com/pokemon/generation/7,,,,,,,[]
776,Turtonator,7,https://www.phygitals.com/pokemon/776,https://www.phygitals.com/pokemon/generation/7,,,,,,,[]
777,Togedemaru,7,https://www.phygitals.com/pokemon/777,https://www.phygitals.com/pokemon/generation/7,,,,,,,[]
778,Mimikyu,7,https://www.phygitals.com/pokemon/778,https://www.phygitals.com/pokemon/generation/7,,,,,,,[]
779,Bruxish,7,https://www.phygitals.com/pokemon/779,https://www.phygitals.com/pokemon/generation/7,,,,,,,[]
780,Drampa,7,https://www.phygitals.com/pokemon/780,https://www.phygitals.com/pokemon/generation/7,,,,,,,[]
781,Dhelmise,7,https://www.phygitals.com/pokemon/781,https://www.phygitals.com/pokemon/generation/7,,,,,,,[]
782,Jangmo-o,7,https://www.phygitals.com/pokemon/782,https://www.phygitals.com/pokemon/generation/7,,,,,,,[]
783,Hakamo-o,7,https://www.phygitals.com/pokemon/783,https://www.phygitals.com/pokemon/generation/7,,,,,,,[]
784,Kommo-o,7,https://www.phygitals.com/pokemon/784,https://www.phygitals.com/pokemon/generation/7,,,,,,,[]
785,Tapu-koko,7,https://www.phygitals.com/pokemon/785,https://www.phygitals.com/pokemon/generation/7,,,,,,,[]
786,Tapu-lele,7,https://www.phygitals.com/pokemon/786,https://www.phygitals.com/pokemon/generation/7,,,,,,,[]
787,Tapu-bulu,7,https://www.phygitals.com/pokemon/787,https://www.phygitals.com/pokemon/generation/7,,,,,,,[]
788,Tapu-fini,7,https://www.phygitals.com/pokemon/788,https://www.phygitals.com/pokemon/generation/7,,,,,,,[]
789,Cosmog,7,https://www.phygitals.com/pokemon/789,https://www.phygitals.com/pokemon/generation/7,,,,,,,[]
790,Cosmoem,7,https://www.phygitals.com/pokemon/790,https://www.phygitals.com/pokemon/generation/7,,,,,,,[]
791,Solgaleo,7,https://www.phygitals.com/pokemon/791,https://www.phygitals.com/pokemon/generation/7,,,,,,,[]
792,Lunala,7,https://www.phygitals.com/pokemon/792,https://www.phygitals.com/pokemon/generation/7,,,,,,,[]
793,Nihilego,7,https://www.phygitals.com/pokemon/793,https://www.phygitals.com/pokemon/generation/7,,,,,,,[]
794,Buzzwole,7,https://www.phygitals.com/pokemon/794,https://www.phygitals.com/pokemon/generation/7,,,,,,,[]
795,Pheromosa,7,https://www.phygitals.com/pokemon/795,https://www.phygitals.com/pokemon/generation/7,,,,,,,[]
796,Xurkitree,7,https://www.phygitals.com/pokemon/796,https://www.phygitals.com/pokemon/generation/7,,,,,,,[]
797,Celesteela,7,https://www.phygitals.com/pokemon/797,https://www.phygitals.com/pokemon/generation/7,,,,,,,[]
798,Kartana,7,https://www.phygitals.com/pokemon/798,https://www.phygitals.com/pokemon/generation/7,,,,,,,[]
799,Guzzlord,7,https://www.phygitals.com/pokemon/799,https://www.phygitals.com/pokemon/generation/7,,,,,,,[]
800,Necrozma,7,https://www.phygitals.com/pokemon/800,https://www.phygitals.com/pokemon/generation/7,,,,,,,[]
801,Magearna,7,https://www.phygitals.com/pokemon/801,https://www.phygitals.com/pokemon/generation/7,,,,,,,[]
802,Marshadow,7,https://www.phygitals.com/pokemon/802,https://www.phygitals.com/pokemon/generation/7,,,,,,,[]
803,Poipole,7,https://www.phygitals.com/pokemon/803,https://www.phygitals.com/pokemon/generation/7,,,,,,,[]
804,Naganadel,7,https://www.phygitals.com/pokemon/804,https://www.phygitals.com/pokemon/generation/7,,,,,,,[]
805,Stakataka,7,https://www.phygitals.com/pokemon/805,https://www.phygitals.com/pokemon/generation/7,,,,,,,[]
806,Blacephalon,7,https://www.phygitals.com/pokemon/806,https://www.phygitals.com/pokemon/generation/7,,,,,,,[]
807,Zeraora,7,https://www.phygitals.com/pokemon/807,https://www.phygitals.com/pokemon/generation/7,,,,,,,[]
808,Meltan,7,https://www.phygitals.com/pokemon/808,https://www.phygitals.com/pokemon/generation/7,,,,,,,[]
809,Melmetal,7,https://www.phygitals.com/pokemon/809,https://www.phygitals.com/pokemon/generation/7,,,,,,,[]
810,Grookey,8,https://www.phygitals.com/pokemon/810,https://www.phygitals.com/pokemon/generation/8,,,,,,,[]
811,Thwackey,8,https://www.phygitals.com/pokemon/811,https://www.phygitals.com/pokemon/generation/8,,,,,,,[]
812,Rillaboom,8,https://www.phygitals.com/pokemon/812,https://www.phygitals.com/pokemon/generation/8,,,,,,,[]
813,Scorbunny,8,https://www.phygitals.com/pokemon/813,https://www.phygitals.com/pokemon/generation/8,,,,,,,[]
814,Raboot,8,https://www.phygitals.com/pokemon/814,https://www.phygitals.com/pokemon/generation/8,,,,,,,[]
815,Cinderace,8,https://www.phygitals.com/pokemon/815,https://www.phygitals.com/pokemon/generation/8,,,,,,,[]
816,Sobble,8,https://www.phygitals.com/pokemon/816,https://www.phygitals.com/pokemon/generation/8,,,,,,,[]
817,Drizzile,8,https://www.phygitals.com/pokemon/817,https://www.phygitals.com/pokemon/generation/8,,,,,,,[]
818,Inteleon,8,https://www.phygitals.com/pokemon/818,https://www.phygitals.com/pokemon/generation/8,,,,,,,[]
819,Skwovet,8,https://www.phygitals.com/pokemon/819,https://www.phygitals.com/pokemon/generation/8,,,,,,,[]
820,Greedent,8,https://www.phygitals.com/pokemon/820,https://www.phygitals.com/pokemon/generation/8,,,,,,,[]
821,Rookidee,8,https://www.phygitals.com/pokemon/821,https://www.phygitals.com/pokemon/generation/8,,,,,,,[]
822,Corvisquire,8,https://www.phygitals.com/pokemon/822,https://www.phygitals.com/pokemon/generation/8,,,,,,,[]
823,Corviknight,8,https://www.phygitals.com/pokemon/823,https://www.phygitals.com/pokemon/generation/8,,,,,,,[]
824,Blipbug,8,https://www.phygitals.com/pokemon/824,https://www.phygitals.com/pokemon/generation/8,,,,,,,[]
825,Dottler,8,https://www.phygitals.com/pokemon/825,https://www.phygitals.com/pokemon/generation/8,,,,,,,[]
826,Orbeetle,8,https://www.phygitals.com/pokemon/826,https://www.phygitals.com/pokemon/generation/8,,,,,,,[]
827,Nickit,8,https://www.phygitals.com/pokemon/827,https://www.phygitals.com/pokemon/generation/8,,,,,,,[]
828,Thievul,8,https://www.phygitals.com/pokemon/828,https://www.phygitals.com/pokemon/generation/8,,,,,,,[]
829,Gossifleur,8,https://www.phygitals.com/pokemon/829,https://www.phygitals.com/pokemon/generation/8,,,,,,,[]
830,Eldegoss,8,https://www.phygitals.com/pokemon/830,https://www.phygitals.com/pokemon/generation/8,,,,,,,[]
831,Wooloo,8,https://www.phygitals.com/pokemon/831,https://www.phygitals.com/pokemon/generation/8,,,,,,,[]
832,Dubwool,8,https://www.phygitals.com/pokemon/832,https://www.phygitals.com/pokemon/generation/8,,,,,,,[]
833,Chewtle,8,https://www.phygitals.com/pokemon/833,https://www.phygitals.com/pokemon/generation/8,,,,,,,[]
834,Drednaw,8,https://www.phygitals.com/pokemon/834,https://www.phygitals.com/pokemon/generation/8,,,,,,,[]
835,Yamper,8,https://www.phygitals.com/pokemon/835,https://www.phygitals.com/pokemon/generation/8,,,,,,,[]
836,Boltund,8,https://www.phygitals.com/pokemon/836,https://www.phygitals.com/pokemon/generation/8,,,,,,,[]
837,Rolycoly,8,https://www.phygitals.com/pokemon/837,https://www.phygitals.com/pokemon/generation/8,,,,,,,[]
838,Carkol,8,https://www.phygitals.com/pokemon/838,https://www.phygitals.com/pokemon/generation/8,,,,,,,[]
839,Coalossal,8,https://www.phygitals.com/pokemon/839,https://www.phygitals.com/pokemon/generation/8,,,,,,,[]
840,Applin,8,https://www.phygitals.com/pokemon/840,https://www.phygitals.com/pokemon/generation/8,,,,,,,[]
841,Flapple,8,https://www.phygitals.com/pokemon/841,https://www.phygitals.com/pokemon/generation/8,,,,,,,[]
842,Appletun,8,https://www.phygitals.com/pokemon/842,https://www.phygitals.com/pokemon/generation/8,,,,,,,[]
843,Silicobra,8,https://www.phygitals.com/pokemon/843,https://www.phygitals.com/pokemon/generation/8,,,,,,,[]
844,Sandaconda,8,https://www.phygitals.com/pokemon/844,https://www.phygitals.com/pokemon/generation/8,,,,,,,[]
845,Cramorant,8,https://www.phygitals.com/pokemon/845,https://www.phygitals.com/pokemon/generation/8,,,,,,,[]
846,Arrokuda,8,https://www.phygitals.com/pokemon/846,https://www.phygitals.com/pokemon/generation/8,,,,,,,[]
847,Barraskewda,8,https://www.phygitals.com/pokemon/847,https://www.phygitals.com/pokemon/generation/8,,,,,,,[]
848,Toxel,8,https://www.phygitals.com/pokemon/848,https://www.phygitals.com/pokemon/generation/8,,,,,,,[]
849,Toxtricity,8,https://www.phygitals.com/pokemon/849,https://www.phygitals.com/pokemon/generation/8,,,,,,,[]
850,Sizzlipede,8,https://www.phygitals.com/pokemon/850,https://www.phygitals.com/pokemon/generation/8,,,,,,,[]
851,Centiskorch,8,https://www.phygitals.com/pokemon/851,https://www.phygitals.com/pokemon/generation/8,,,,,,,[]
852,Clobbopus,8,https://www.phygitals.com/pokemon/852,https://www.phygitals.com/pokemon/generation/8,,,,,,,[]
853,Grapploct,8,https://www.phygitals.com/pokemon/853,https://www.phygitals.com/pokemon/generation/8,,,,,,,[]
854,Sinistea,8,https://www.phygitals.com/pokemon/854,https://www.phygitals.com/pokemon/generation/8,,,,,,,[]
855,Polteageist,8,https://www.phygitals.com/pokemon/855,https://www.phygitals.com/pokemon/generation/8,,,,,,,[]
856,Hatenna,8,https://www.phygitals.com/pokemon/856,https://www.phygitals.com/pokemon/generation/8,,,,,,,[]
857,Hattrem,8,https://www.phygitals.com/pokemon/857,https://www.phygitals.com/pokemon/generation/8,,,,,,,[]
858,Hatterene,8,https://www.phygitals.com/pokemon/858,https://www.phygitals.com/pokemon/generation/8,,,,,,,[]
859,Impidimp,8,https://www.phygitals.com/pokemon/859,https://www.phygitals.com/pokemon/generation/8,,,,,,,[]
860,Morgrem,8,https://www.phygitals.com/pokemon/860,https://www.phygitals.com/pokemon/generation/8,,,,,,,[]
861,Grimmsnarl,8,https://www.phygitals.com/pokemon/861,https://www.phygitals.com/pokemon/generation/8,,,,,,,[]
862,Obstagoon,8,https://www.phygitals.com/pokemon/862,https://www.phygitals.com/pokemon/generation/8,,,,,,,[]
863,Perrserker,8,https://www.phygitals.com/pokemon/863,https://www.phygitals.com/pokemon/generation/8,,,,,,,[]
864,Cursola,8,https://www.phygitals.com/pokemon/864,https://www.phygitals.com/pokemon/generation/8,,,,,,,[]
865,Sirfetchd,8,https://www.phygitals.com/pokemon/865,https://www.phygitals.com/pokemon/generation/8,,,,,,,[]
866,Mr-rime,8,https://www.phygitals.com/pokemon/866,https://www.phygitals.com/pokemon/generation/8,,,,,,,[]
867,Runerigus,8,https://www.phygitals.com/pokemon/867,https://www.phygitals.com/pokemon/generation/8,,,,,,,[]
868,Milcery,8,https://www.phygitals.com/pokemon/868,https://www.phygitals.com/pokemon/generation/8,,,,,,,[]
869,Alcremie,8,https://www.phygitals.com/pokemon/869,https://www.phygitals.com/pokemon/generation/8,,,,,,,[]
870,Falinks,8,https://www.phygitals.com/pokemon/870,https://www.phygitals.com/pokemon/generation/8,,,,,,,[]
871,Pincurchin,8,https://www.phygitals.com/pokemon/871,https://www.phygitals.com/pokemon/generation/8,,,,,,,[]
872,Snom,8,https://www.phygitals.com/pokemon/872,https://www.phygitals.com/pokemon/generation/8,,,,,,,[]
873,Frosmoth,8,https://www.phygitals.com/pokemon/873,https://www.phygitals.com/pokemon/generation/8,,,,,,,[]
874,Stonjourner,8,https://www.phygitals.com/pokemon/874,https://www.phygitals.com/pokemon/generation/8,,,,,,,[]
875,Eiscue,8,https://www.phygitals.com/pokemon/875,https://www.phygitals.com/pokemon/generation/8,,,,,,,[]
876,Indeedee,8,https://www.phygitals.com/pokemon/876,https://www.phygitals.com/pokemon/generation/8,,,,,,,[]
877,Morpeko,8,https://www.phygitals.com/pokemon/877,https://www.phygitals.com/pokemon/generation/8,,,,,,,[]
878,Cufant,8,https://www.phygitals.com/pokemon/878,https://www.phygitals.com/pokemon/generation/8,,,,,,,[]
879,Copperajah,8,https://www.phygitals.com/pokemon/879,https://www.phygitals.com/pokemon/generation/8,,,,,,,[]
880,Dracozolt,8,https://www.phygitals.com/pokemon/880,https://www.phygitals.com/pokemon/generation/8,,,,,,,[]
881,Arctozolt,8,https://www.phygitals.com/pokemon/881,https://www.phygitals.com/pokemon/generation/8,,,,,,,[]
882,Dracovish,8,https://www.phygitals.com/pokemon/882,https://www.phygitals.com/pokemon/generation/8,,,,,,,[]
883,Arctovish,8,https://www.phygitals.com/pokemon/883,https://www.phygitals.com/pokemon/generation/8,,,,,,,[]
884,Duraludon,8,https://www.phygitals.com/pokemon/884,https://www.phygitals.com/pokemon/generation/8,,,,,,,[]
885,Dreepy,8,https://www.phygitals.com/pokemon/885,https://www.phygitals.com/pokemon/generation/8,,,,,,,[]
886,Drakloak,8,https://www.phygitals.com/pokemon/886,https://www.phygitals.com/pokemon/generation/8,,,,,,,[]
887,Dragapult,8,https://www.phygitals.com/pokemon/887,https://www.phygitals.com/pokemon/generation/8,,,,,,,[]
888,Zacian,8,https://www.phygitals.com/pokemon/888,https://www.phygitals.com/pokemon/generation/8,,,,,,,[]
889,Zamazenta,8,https://www.phygitals.com/pokemon/889,https://www.phygitals.com/pokemon/generation/8,,,,,,,[]
890,Eternatus,8,https://www.phygitals.com/pokemon/890,https://www.phygitals.com/pokemon/generation/8,,,,,,,[]
891,Kubfu,8,https://www.phygitals.com/pokemon/891,https://www.phygitals.com/pokemon/generation/8,,,,,,,[]
892,Urshifu,8,https://www.phygitals.com/pokemon/892,https://www.phygitals.com/pokemon/generation/8,,,,,,,[]
893,Zarude,8,https://www.phygitals.com/pokemon/893,https://www.phygitals.com/pokemon/generation/8,,,,,,,[]
894,Regieleki,8,https://www.phygitals.com/pokemon/894,https://www.phygitals.com/pokemon/generation/8,,,,,,,[]
895,Regidrago,8,https://www.phygitals.com/pokemon/895,https://www.phygitals.com/pokemon/generation/8,,,,,,,[]
896,Glastrier,8,https://www.phygitals.com/pokemon/896,https://www.phygitals.com/pokemon/generation/8,,,,,,,[]
897,Spectrier,8,https://www.phygitals.com/pokemon/897,https://www.phygitals.com/pokemon/generation/8,,,,,,,[]
898,Calyrex,8,https://www.phygitals.com/pokemon/898,https://www.phygitals.com/pokemon/generation/8,,,,,,,[]
899,Wyrdeer,8,https://www.phygitals.com/pokemon/899,https://www.phygitals.com/pokemon/generation/8,,,,,,,[]
900,Kleavor,8,https://www.phygitals.com/pokemon/900,https://www.phygitals.com/pokemon/generation/8,,,,,,,[]
901,Ursaluna,8,https://www.phygitals.com/pokemon/901,https://www.phygitals.com/pokemon/generation/8,,,,,,,[]
902,Basculegion,8,https://www.phygitals.com/pokemon/902,https://www.phygitals.com/pokemon/generation/8,,,,,,,[]
903,Sneasler,8,https://www.phygitals.com/pokemon/903,https://www.phygitals.com/pokemon/generation/8,,,,,,,[]
904,Overqwil,8,https://www.phygitals.com/pokemon/904,https://www.phygitals.com/pokemon/generation/8,,,,,,,[]
905,Enamorus,8,https://www.phygitals.com/pokemon/905,https://www.phygitals.com/pokemon/generation/8,,,,,,,[]
906,Sprigatito,9,https://www.phygitals.com/pokemon/906,https://www.phygitals.com/pokemon/generation/9,,,,,,,[]
907,Floragato,9,https://www.phygitals.com/pokemon/907,https://www.phygitals.com/pokemon/generation/9,,,,,,,[]
908,Meowscarada,9,https://www.phygitals.com/pokemon/908,https://www.phygitals.com/pokemon/generation/9,,,,,,,[]
909,Fuecoco,9,https://www.phygitals.com/pokemon/909,https://www.phygitals.com/pokemon/generation/9,,,,,,,[]
910,Crocalor,9,https://www.phygitals.com/pokemon/910,https://www.phygitals.com/pokemon/generation/9,,,,,,,[]
911,Skeledirge,9,https://www.phygitals.com/pokemon/911,https://www.phygitals.com/pokemon/generation/9,,,,,,,[]
912,Quaxly,9,https://www.phygitals.com/pokemon/912,https://www.phygitals.com/pokemon/generation/9,,,,,,,[]
913,Quaxwell,9,https://www.phygitals.com/pokemon/913,https://www.phygitals.com/pokemon/generation/9,,,,,,,[]
914,Quaquaval,9,https://www.phygitals.com/pokemon/914,https://www.phygitals.com/pokemon/generation/9,,,,,,,[]
915,Lechonk,9,https://www.phygitals.com/pokemon/915,https://www.phygitals.com/pokemon/generation/9,,,,,,,[]
916,Oinkologne,9,https://www.phygitals.com/pokemon/916,https://www.phygitals.com/pokemon/generation/9,,,,,,,[]
917,Tarountula,9,https://www.phygitals.com/pokemon/917,https://www.phygitals.com/pokemon/generation/9,,,,,,,[]
918,Spidops,9,https://www.phygitals.com/pokemon/918,https://www.phygitals.com/pokemon/generation/9,,,,,,,[]
919,Nymble,9,https://www.phygitals.com/pokemon/919,https://www.phygitals.com/pokemon/generation/9,,,,,,,[]
920,Lokix,9,https://www.phygitals.com/pokemon/920,https://www.phygitals.com/pokemon/generation/9,,,,,,,[]
921,Pawmi,9,https://www.phygitals.com/pokemon/921,https://www.phygitals.com/pokemon/generation/9,,,,,,,[]
922,Pawmo,9,https://www.phygitals.com/pokemon/922,https://www.phygitals.com/pokemon/generation/9,,,,,,,[]
923,Pawmot,9,https://www.phygitals.com/pokemon/923,https://www.phygitals.com/pokemon/generation/9,,,,,,,[]
924,Tandemaus,9,https://www.phygitals.com/pokemon/924,https://www.phygitals.com/pokemon/generation/9,,,,,,,[]
925,Maushold,9,https://www.phygitals.com/pokemon/925,https://www.phygitals.com/pokemon/generation/9,,,,,,,[]
926,Fidough,9,https://www.phygitals.com/pokemon/926,https://www.phygitals.com/pokemon/generation/9,,,,,,,[]
927,Dachsbun,9,https://www.phygitals.com/pokemon/927,https://www.phygitals.com/pokemon/generation/9,,,,,,,[]
928,Smoliv,9,https://www.phygitals.com/pokemon/928,https://www.phygitals.com/pokemon/generation/9,,,,,,,[]
929,Dolliv,9,https://www.phygitals.com/pokemon/929,https://www.phygitals.com/pokemon/generation/9,,,,,,,[]
930,Arboliva,9,https://www.phygitals.com/pokemon/930,https://www.phygitals.com/pokemon/generation/9,,,,,,,[]
931,Squawkabilly,9,https://www.phygitals.com/pokemon/931,https://www.phygitals.com/pokemon/generation/9,,,,,,,[]
932,Nacli,9,https://www.phygitals.com/pokemon/932,https://www.phygitals.com/pokemon/generation/9,,,,,,,[]
933,Naclstack,9,https://www.phygitals.com/pokemon/933,https://www.phygitals.com/pokemon/generation/9,,,,,,,[]
934,Garganacl,9,https://www.phygitals.com/pokemon/934,https://www.phygitals.com/pokemon/generation/9,,,,,,,[]
935,Charcadet,9,https://www.phygitals.com/pokemon/935,https://www.phygitals.com/pokemon/generation/9,,,,,,,[]
936,Armarouge,9,https://www.phygitals.com/pokemon/936,https://www.phygitals.com/pokemon/generation/9,,,,,,,[]
937,Ceruledge,9,https://www.phygitals.com/pokemon/937,https://www.phygitals.com/pokemon/generation/9,,,,,,,[]
938,Tadbulb,9,https://www.phygitals.com/pokemon/938,https://www.phygitals.com/pokemon/generation/9,,,,,,,[]
939,Bellibolt,9,https://www.phygitals.com/pokemon/939,https://www.phygitals.com/pokemon/generation/9,,,,,,,[]
940,Wattrel,9,https://www.phygitals.com/pokemon/940,https://www.phygitals.com/pokemon/generation/9,,,,,,,[]
941,Kilowattrel,9,https://www.phygitals.com/pokemon/941,https://www.phygitals.com/pokemon/generation/9,,,,,,,[]
942,Maschiff,9,https://www.phygitals.com/pokemon/942,https://www.phygitals.com/pokemon/generation/9,,,,,,,[]
943,Mabosstiff,9,https://www.phygitals.com/pokemon/943,https://www.phygitals.com/pokemon/generation/9,,,,,,,[]
944,Shroodle,9,https://www.phygitals.com/pokemon/944,https://www.phygitals.com/pokemon/generation/9,,,,,,,[]
945,Grafaiai,9,https://www.phygitals.com/pokemon/945,https://www.phygitals.com/pokemon/generation/9,,,,,,,[]
946,Bramblin,9,https://www.phygitals.com/pokemon/946,https://www.phygitals.com/pokemon/generation/9,,,,,,,[]
947,Brambleghast,9,https://www.phygitals.com/pokemon/947,https://www.phygitals.com/pokemon/generation/9,,,,,,,[]
948,Toedscool,9,https://www.phygitals.com/pokemon/948,https://www.phygitals.com/pokemon/generation/9,,,,,,,[]
949,Toedscruel,9,https://www.phygitals.com/pokemon/949,https://www.phygitals.com/pokemon/generation/9,,,,,,,[]
950,Klawf,9,https://www.phygitals.com/pokemon/950,https://www.phygitals.com/pokemon/generation/9,,,,,,,[]
951,Capsakid,9,https://www.phygitals.com/pokemon/951,https://www.phygitals.com/pokemon/generation/9,,,,,,,[]
952,Scovillain,9,https://www.phygitals.com/pokemon/952,https://www.phygitals.com/pokemon/generation/9,,,,,,,[]
953,Rellor,9,https://www.phygitals.com/pokemon/953,https://www.phygitals.com/pokemon/generation/9,,,,,,,[]
954,Rabsca,9,https://www.phygitals.com/pokemon/954,https://www.phygitals.com/pokemon/generation/9,,,,,,,[]
955,Flittle,9,https://www.phygitals.com/pokemon/955,https://www.phygitals.com/pokemon/generation/9,,,,,,,[]
956,Espathra,9,https://www.phygitals.com/pokemon/956,https://www.phygitals.com/pokemon/generation/9,,,,,,,[]
957,Tinkatink,9,https://www.phygitals.com/pokemon/957,https://www.phygitals.com/pokemon/generation/9,,,,,,,[]
958,Tinkatuff,9,https://www.phygitals.com/pokemon/958,https://www.phygitals.com/pokemon/generation/9,,,,,,,[]
959,Tinkaton,9,https://www.phygitals.com/pokemon/959,https://www.phygitals.com/pokemon/generation/9,,,,,,,[]
960,Wiglett,9,https://www.phygitals.com/pokemon/960,https://www.phygitals.com/pokemon/generation/9,,,,,,,[]
961,Wugtrio,9,https://www.phygitals.com/pokemon/961,https://www.phygitals.com/pokemon/generation/9,,,,,,,[]
962,Bombirdier,9,https://www.phygitals.com/pokemon/962,https://www.phygitals.com/pokemon/generation/9,,,,,,,[]
963,Finizen,9,https://www.phygitals.com/pokemon/963,https://www.phygitals.com/pokemon/generation/9,,,,,,,[]
964,Palafin,9,https://www.phygitals.com/pokemon/964,https://www.phygitals.com/pokemon/generation/9,,,,,,,[]
965,Varoom,9,https://www.phygitals.com/pokemon/965,https://www.phygitals.com/pokemon/generation/9,,,,,,,[]
966,Revavroom,9,https://www.phygitals.com/pokemon/966,https://www.phygitals.com/pokemon/generation/9,,,,,,,[]
967,Cyclizar,9,https://www.phygitals.com/pokemon/967,https://www.phygitals.com/pokemon/generation/9,,,,,,,[]
968,Orthworm,9,https://www.phygitals.com/pokemon/968,https://www.phygitals.com/pokemon/generation/9,,,,,,,[]
969,Glimmet,9,https://www.phygitals.com/pokemon/969,https://www.phygitals.com/pokemon/generation/9,,,,,,,[]
970,Glimmora,9,https://www.phygitals.com/pokemon/970,https://www.phygitals.com/pokemon/generation/9,,,,,,,[]
971,Greavard,9,https://www.phygitals.com/pokemon/971,https://www.phygitals.com/pokemon/generation/9,,,,,,,[]
972,Houndstone,9,https://www.phygitals.com/pokemon/972,https://www.phygitals.com/pokemon/generation/9,,,,,,,[]
973,Flamigo,9,https://www.phygitals.com/pokemon/973,https://www.phygitals.com/pokemon/generation/9,,,,,,,[]
974,Cetoddle,9,https://www.phygitals.com/pokemon/974,https://www.phygitals.com/pokemon/generation/9,,,,,,,[]
975,Cetitan,9,https://www.phygitals.com/pokemon/975,https://www.phygitals.com/pokemon/generation/9,,,,,,,[]
976,Veluza,9,https://www.phygitals.com/pokemon/976,https://www.phygitals.com/pokemon/generation/9,,,,,,,[]
977,Dondozo,9,https://www.phygitals.com/pokemon/977,https://www.phygitals.com/pokemon/generation/9,,,,,,,[]
978,Tatsugiri,9,https://www.phygitals.com/pokemon/978,https://www.phygitals.com/pokemon/generation/9,,,,,,,[]
979,Annihilape,9,https://www.phygitals.com/pokemon/979,https://www.phygitals.com/pokemon/generation/9,,,,,,,[]
980,Clodsire,9,https://www.phygitals.com/pokemon/980,https://www.phygitals.com/pokemon/generation/9,,,,,,,[]
981,Farigiraf,9,https://www.phygitals.com/pokemon/981,https://www.phygitals.com/pokemon/generation/9,,,,,,,[]
982,Dudunsparce,9,https://www.phygitals.com/pokemon/982,https://www.phygitals.com/pokemon/generation/9,,,,,,,[]
983,Kingambit,9,https://www.phygitals.com/pokemon/983,https://www.phygitals.com/pokemon/generation/9,,,,,,,[]
984,Great-tusk,9,https://www.phygitals.com/pokemon/984,https://www.phygitals.com/pokemon/generation/9,,,,,,,[]
985,Scream-tail,9,https://www.phygitals.com/pokemon/985,https://www.phygitals.com/pokemon/generation/9,,,,,,,[]
986,Brute-bonnet,9,https://www.phygitals.com/pokemon/986,https://www.phygitals.com/pokemon/generation/9,,,,,,,[]
987,Flutter-mane,9,https://www.phygitals.com/pokemon/987,https://www.phygitals.com/pokemon/generation/9,,,,,,,[]
988,Slither-wing,9,https://www.phygitals.com/pokemon/988,https://www.phygitals.com/pokemon/generation/9,,,,,,,[]
989,Sandy-shocks,9,https://www.phygitals.com/pokemon/989,https://www.phygitals.com/pokemon/generation/9,,,,,,,[]
990,Iron-treads,9,https://www.phygitals.com/pokemon/990,https://www.phygitals.com/pokemon/generation/9,,,,,,,[]
991,Iron-bundle,9,https://www.phygitals.com/pokemon/991,https://www.phygitals.com/pokemon/generation/9,,,,,,,[]
992,Iron-hands,9,https://www.phygitals.com/pokemon/992,https://www.phygitals.com/pokemon/generation/9,,,,,,,[]
993,Iron-jugulis,9,https://www.phygitals.com/pokemon/993,https://www.phygitals.com/pokemon/generation/9,,,,,,,[]
994,Iron-moth,9,https://www.phygitals.com/pokemon/994,https://www.phygitals.com/pokemon/generation/9,,,,,,,[]
995,Iron-thorns,9,https://www.phygitals.com/pokemon/995,https://www.phygitals.com/pokemon/generation/9,,,,,,,[]
996,Frigibax,9,https://www.phygitals.com/pokemon/996,https://www.phygitals.com/pokemon/generation/9,,,,,,,[]
997,Arctibax,9,https://www.phygitals.com/pokemon/997,https://www.phygitals.com/pokemon/generation/9,,,,,,,[]
998,Baxcalibur,9,https://www.phygitals.com/pokemon/998,https://www.phygitals.com/pokemon/generation/9,,,,,,,[]
999,Gimmighoul,9,https://www.phygitals.com/pokemon/999,https://www.phygitals.com/pokemon/generation/9,,,,,,,[]
1000,Gholdengo,9,https://www.phygitals.com/pokemon/1000,https://www.phygitals.com/pokemon/generation/9,,,,,,,[]
1001,Wo-chien,9,https://www.phygitals.com/pokemon/1001,https://www.phygitals.com/pokemon/generation/9,,,,,,,[]
1002,Chien-pao,9,https://www.phygitals.com/pokemon/1002,https://www.phygitals.com/pokemon/generation/9,,,,,,,[]
1003,Ting-lu,9,https://www.phygitals.com/pokemon/1003,https://www.phygitals.com/pokemon/generation/9,,,,,,,[]
1004,Chi-yu,9,https://www.phygitals.com/pokemon/1004,https://www.phygitals.com/pokemon/generation/9,,,,,,,[]
1005,Roaring-moon,9,https://www.phygitals.com/pokemon/1005,https://www.phygitals.com/pokemon/generation/9,,,,,,,[]
1006,Iron-valiant,9,https://www.phygitals.com/pokemon/1006,https://www.phygitals.com/pokemon/generation/9,,,,,,,[]
1007,Koraidon,9,https://www.phygitals.com/pokemon/1007,https://www.phygitals.com/pokemon/generation/9,,,,,,,[]
1008,Miraidon,9,https://www.phygitals.com/pokemon/1008,https://www.phygitals.com/pokemon/generation/9,,,,,,,[]
1009,Walking-wake,9,https://www.phygitals.com/pokemon/1009,https://www.phygitals.com/pokemon/generation/9,,,,,,,[]
1010,Iron-leaves,9,https://www.phygitals.com/pokemon/1010,https://www.phygitals.com/pokemon/generation/9,,,,,,,[]
1011,Dipplin,9,https://www.phygitals.com/pokemon/1011,https://www.phygitals.com/pokemon/generation/9,,,,,,,[]
1012,Poltchageist,9,https://www.phygitals.com/pokemon/1012,https://www.phygitals.com/pokemon/generation/9,,,,,,,[]
1013,Sinistcha,9,https://www.phygitals.com/pokemon/1013,https://www.phygitals.com/pokemon/generation/9,,,,,,,[]
1014,Okidogi,9,https://www.phygitals.com/pokemon/1014,https://www.phygitals.com/pokemon/generation/9,,,,,,,[]
1015,Munkidori,9,https://www.phygitals.com/pokemon/1015,https://www.phygitals.com/pokemon/generation/9,,,,,,,[]
1016,Fezandipiti,9,https://www.phygitals.com/pokemon/1016,https://www.phygitals.com/pokemon/generation/9,,,,,,,[]
1017,Ogerpon,9,https://www.phygitals.com/pokemon/1017,https://www.phygitals.com/pokemon/generation/9,,,,,,,[]
1018,Archaludon,9,https://www.phygitals.com/pokemon/1018,https://www.phygitals.com/pokemon/generation/9,,,,,,,[]
1019,Hydrapple,9,https://www.phygitals.com/pokemon/1019,https://www.phygitals.com/pokemon/generation/9,,,,,,,[]
1020,Gouging-fire,9,https://www.phygitals.com/pokemon/1020,https://www.phygitals.com/pokemon/generation/9,,,,,,,[]
1021,Raging-bolt,9,https://www.phygitals.com/pokemon/1021,https://www.phygitals.com/pokemon/generation/9,,,,,,,[]
1022,Iron-boulder,9,https://www.phygitals.com/pokemon/1022,https://www.phygitals.com/pokemon/generation/9,,,,,,,[]
1023,Iron-crown,9,https://www.phygitals.com/pokemon/1023,https://www.phygitals.com/pokemon/generation/9,,,,,,,[]
1024,Terapagos,9,https://www.phygitals.com/pokemon/1024,https://www.phygitals.com/pokemon/generation/9,,,,,,,[]
1025,Pecharunt,9,https://www.phygitals.com/pokemon/1025,https://www.phygitals.com/pokemon/generation/9,,,,,,,[]
